Date,SPY,^GSPC,^VIX
2005-01-03,81.38372039794922,1202.0799560546875,14.079999923706055
2005-01-04,80.38926696777344,1188.050048828125,13.979999542236328
2005-01-05,79.83451080322266,1183.739990234375,14.09000015258789
2005-01-06,80.24044036865234,1187.8900146484375,13.579999923706055
2005-01-07,80.12542724609375,1186.18994140625,13.489999771118164
2005-01-10,80.5042495727539,1190.25,13.229999542236328
2005-01-11,79.94951629638672,1182.989990234375,13.1899995803833
2005-01-12,80.2133560180664,1187.699951171875,12.5600004196167
2005-01-13,79.57070922851562,1177.449951171875,12.84000015258789
2005-01-14,79.99009704589844,1184.52001953125,12.430000305175781
2005-01-18,80.82218933105469,1195.97998046875,12.470000267028809
2005-01-19,79.9765853881836,1184.6300048828125,13.180000305175781
2005-01-20,79.48948669433594,1175.4100341796875,13.829999923706055
2005-01-21,79.0024185180664,1167.8699951171875,14.359999656677246
2005-01-24,78.84680938720703,1163.75,14.649999618530273
2005-01-25,79.07009887695312,1168.4100341796875,14.0600004196167
2005-01-26,79.30687713623047,1174.0699462890625,13.4399995803833
2005-01-27,79.44213104248047,1174.550048828125,13.239999771118164
2005-01-28,79.44213104248047,1171.3599853515625,13.239999771118164
2005-01-31,79.93598937988281,1181.27001953125,12.819999694824219
2005-02-01,80.4433822631836,1189.4100341796875,12.029999732971191
2005-02-02,80.68692779541016,1193.18994140625,11.65999984741211
2005-02-03,80.47722625732422,1189.8900146484375,11.789999961853027
2005-02-04,81.33637237548828,1203.030029296875,11.210000038146973
2005-02-07,81.22811889648438,1201.719970703125,11.729999542236328
2005-02-08,81.32284545898438,1202.300048828125,11.600000381469727
2005-02-09,80.71400451660156,1191.989990234375,12.0
2005-02-10,81.00486755371094,1197.010009765625,11.510000228881836
2005-02-11,81.70167541503906,1205.300048828125,11.430000305175781
2005-02-14,81.64079284667969,1206.1400146484375,11.520000457763672
2005-02-15,81.94524383544922,1210.1199951171875,11.270000457763672
2005-02-16,81.99935913085938,1210.3399658203125,11.100000381469727
2005-02-17,81.33637237548828,1200.75,11.770000457763672
2005-02-18,81.44462585449219,1201.5899658203125,11.180000305175781
2005-02-22,80.233642578125,1184.1600341796875,13.140000343322754
2005-02-23,80.8086929321289,1190.800048828125,12.390000343322754
2005-02-24,81.34310913085938,1200.199951171875,11.569999694824219
2005-02-25,82.14820098876953,1211.3699951171875,11.489999771118164
2005-02-28,81.60696411132812,1203.5999755859375,12.079999923706055
2005-03-01,82.01288604736328,1210.4100341796875,12.039999961853027
2005-03-02,81.97227478027344,1210.0799560546875,12.5
2005-03-03,82.00609588623047,1210.469970703125,12.930000305175781
2005-03-04,83.02764892578125,1222.1199951171875,11.9399995803833
2005-03-07,83.0682601928711,1225.31005859375,12.260000228881836
2005-03-08,82.75703430175781,1219.4300537109375,12.399999618530273
2005-03-09,81.83700561523438,1207.010009765625,12.699999809265137
2005-03-10,82.01964569091797,1209.25,12.489999771118164
2005-03-11,81.44462585449219,1200.0799560546875,12.800000190734863
2005-03-14,81.95203399658203,1206.8299560546875,12.390000343322754
2005-03-15,81.27546691894531,1197.75,13.149999618530273
2005-03-16,80.58544921875,1188.0699462890625,13.489999771118164
2005-03-17,80.747802734375,1190.2099609375,13.289999961853027
2005-03-18,80.50804901123047,1189.6500244140625,13.140000343322754
2005-03-21,80.209228515625,1183.780029296875,13.609999656677246
2005-03-22,79.39424133300781,1171.7099609375,14.270000457763672
2005-03-23,79.46214294433594,1172.530029296875,14.0600004196167
2005-03-24,79.55722045898438,1171.4200439453125,13.420000076293945
2005-03-28,79.6727066040039,1174.280029296875,13.75
2005-03-29,79.1429214477539,1165.3599853515625,14.489999771118164
2005-03-30,80.26351165771484,1181.4100341796875,13.640000343322754
2005-03-31,80.11415100097656,1180.5899658203125,14.020000457763672
2005-04-01,79.75415802001953,1172.9200439453125,14.09000015258789
2005-04-04,79.89002990722656,1176.1199951171875,14.109999656677246
2005-04-05,80.27035522460938,1181.3900146484375,13.680000305175781
2005-04-06,80.54881286621094,1184.0699462890625,13.149999618530273
2005-04-07,80.98345947265625,1191.1400146484375,12.329999923706055
2005-04-08,80.14134216308594,1181.199951171875,12.619999885559082
2005-04-11,80.20240020751953,1181.2099609375,11.979999542236328
2005-04-12,80.61670684814453,1187.760009765625,11.300000190734863
2005-04-13,79.66590881347656,1173.7900390625,13.3100004196167
2005-04-14,78.62677764892578,1162.050048828125,14.529999732971191
2005-04-15,77.52654266357422,1142.6199951171875,17.739999771118164
2005-04-18,77.76422882080078,1145.97998046875,16.559999465942383
2005-04-19,78.38227844238281,1152.780029296875,14.960000038146973
2005-04-20,77.28882598876953,1137.5,16.920000076293945
2005-04-21,78.78977966308594,1159.949951171875,14.40999984741211
2005-04-22,78.49095153808594,1152.1199951171875,15.380000114440918
2005-04-25,79.00711059570312,1162.0999755859375,14.619999885559082
2005-04-26,78.23963928222656,1151.8299560546875,14.90999984741211
2005-04-27,78.54529571533203,1156.3800048828125,14.869999885559082
2005-04-28,77.56048583984375,1143.219970703125,16.860000610351562
2005-04-29,78.6131820678711,1156.8499755859375,15.3100004196167
2005-05-02,79.05467224121094,1162.1600341796875,15.119999885559082
2005-05-03,79.19047546386719,1161.1700439453125,14.529999732971191
2005-05-04,79.80172729492188,1175.6500244140625,13.850000381469727
2005-05-05,79.77458190917969,1172.6300048828125,13.979999542236328
2005-05-06,79.52326202392578,1171.3499755859375,14.050000190734863
2005-05-09,80.01907348632812,1178.8399658203125,13.75
2005-05-10,79.19047546386719,1166.219970703125,14.90999984741211
2005-05-11,79.6251449584961,1171.1099853515625,14.449999809265137
2005-05-12,78.74901580810547,1159.3599853515625,16.1200008392334
2005-05-13,78.59281158447266,1154.050048828125,16.31999969482422
2005-05-16,79.32633209228516,1165.68994140625,15.680000305175781
2005-05-17,79.8560791015625,1173.800048828125,14.569999694824219
2005-05-18,80.67784881591797,1185.56005859375,13.630000114440918
2005-05-19,81.01742553710938,1191.0799560546875,13.319999694824219
2005-05-20,80.90194702148438,1189.280029296875,13.140000343322754
2005-05-23,81.35021209716797,1193.8599853515625,12.949999809265137
2005-05-24,81.16007232666016,1194.0699462890625,12.6899995803833
2005-05-25,81.09894561767578,1190.010009765625,12.579999923706055
2005-05-26,81.53358459472656,1197.6199951171875,12.239999771118164
2005-05-27,81.66944122314453,1198.780029296875,12.149999618530273
2005-05-31,81.146484375,1191.5,13.289999961853027
2005-06-01,81.83927917480469,1202.219970703125,12.359999656677246
2005-06-02,82.01580047607422,1204.2900390625,11.84000015258789
2005-06-03,81.60151672363281,1196.02001953125,12.149999618530273
2005-06-06,81.52678680419922,1197.510009765625,12.279999732971191
2005-06-07,81.58792877197266,1197.260009765625,12.390000343322754
2005-06-08,81.43849182128906,1194.6700439453125,12.699999809265137
2005-06-09,81.82563781738281,1200.9300537109375,12.079999923706055
2005-06-10,81.63551330566406,1198.1099853515625,11.960000038146973
2005-06-13,81.89356994628906,1200.8199462890625,11.649999618530273
2005-06-14,82.08370971679688,1203.9100341796875,11.789999961853027
2005-06-15,82.23993682861328,1206.5799560546875,11.460000038146973
2005-06-16,82.45047760009766,1210.9599609375,11.149999618530273
2005-06-17,82.75596618652344,1216.9599609375,11.479999542236328
2005-06-20,82.78323364257812,1216.0999755859375,11.470000267028809
2005-06-21,82.83097076416016,1213.6099853515625,11.079999923706055
2005-06-22,82.89916229248047,1213.8800048828125,11.050000190734863
2005-06-23,81.73311614990234,1200.72998046875,12.130000114440918
2005-06-24,81.13301849365234,1191.5699462890625,12.180000305175781
2005-06-27,81.24896240234375,1190.68994140625,12.520000457763672
2005-06-28,81.93086242675781,1201.5699462890625,11.579999923706055
2005-06-29,81.712646484375,1199.8499755859375,11.770000457763672
2005-06-30,81.26942443847656,1191.3299560546875,12.039999961853027
2005-07-01,81.50806427001953,1194.43994140625,11.399999618530273
2005-07-05,82.16271209716797,1204.989990234375,11.680000305175781
2005-07-06,81.47396850585938,1194.93994140625,12.270000457763672
2005-07-07,81.79449462890625,1197.8699951171875,12.489999771118164
2005-07-08,82.72868347167969,1211.8599853515625,11.449999809265137
2005-07-11,83.15147399902344,1219.43994140625,11.279999732971191
2005-07-12,83.36971282958984,1222.2099609375,10.949999809265137
2005-07-13,83.48561096191406,1223.2900390625,10.84000015258789
2005-07-14,83.81293487548828,1226.5,10.8100004196167
2005-07-15,83.76518249511719,1227.9200439453125,10.329999923706055
2005-07-18,83.43104553222656,1221.1300048828125,10.770000457763672
2005-07-19,83.88792419433594,1229.3499755859375,10.449999809265137
2005-07-20,84.17432403564453,1235.199951171875,10.229999542236328
2005-07-21,83.68335723876953,1227.0400390625,10.970000267028809
2005-07-22,84.24252319335938,1233.6800537109375,10.520000457763672
2005-07-25,84.00387573242188,1229.030029296875,11.100000381469727
2005-07-26,84.10616302490234,1231.1600341796875,10.989999771118164
2005-07-27,84.41300964355469,1236.7900390625,10.359999656677246
2005-07-28,84.94486236572266,1243.719970703125,10.520000457763672
2005-07-29,84.37889099121094,1234.1800537109375,11.569999694824219
2005-08-01,84.31752014160156,1235.3499755859375,12.079999923706055
2005-08-02,84.82212829589844,1244.1199951171875,11.75
2005-08-03,85.04715728759766,1245.0400390625,11.829999923706055
2005-08-04,84.36524963378906,1235.8599853515625,12.520000457763672
2005-08-05,83.79244995117188,1226.4200439453125,12.479999542236328
2005-08-08,83.63561248779297,1223.1300048828125,13.210000038146973
2005-08-09,84.14021301269531,1231.3800048828125,12.399999618530273
2005-08-10,84.09933471679688,1229.1300048828125,12.380000114440918
2005-08-11,84.43344116210938,1237.81005859375,12.420000076293945
2005-08-12,83.91522979736328,1230.3900146484375,12.739999771118164
2005-08-15,84.43344116210938,1233.8699951171875,12.260000228881836
2005-08-16,83.33562469482422,1219.3399658203125,13.520000457763672
2005-08-17,83.32878112792969,1220.239990234375,13.300000190734863
2005-08-18,83.32194519042969,1219.02001953125,13.420000076293945
2005-08-19,83.5129165649414,1219.7099609375,13.420000076293945
2005-08-22,83.5129165649414,1221.72998046875,13.420000076293945
2005-08-23,83.35604858398438,1217.5899658203125,13.34000015258789
2005-08-24,82.6127700805664,1209.5899658203125,14.170000076293945
2005-08-25,82.91279602050781,1212.3699951171875,13.729999542236328
2005-08-26,82.34680938720703,1205.0999755859375,13.720000267028809
2005-08-29,82.98098754882812,1212.280029296875,13.520000457763672
2005-08-30,82.5445785522461,1208.4100341796875,13.649999618530273
2005-08-31,83.58788299560547,1220.3299560546875,12.600000381469727
2005-09-01,83.52653503417969,1221.5899658203125,13.149999618530273
2005-09-02,83.3764877319336,1218.02001953125,13.569999694824219
2005-09-06,84.35162353515625,1233.3900146484375,12.930000305175781
2005-09-07,84.49483489990234,1236.3599853515625,12.520000457763672
2005-09-08,84.21524810791016,1231.6700439453125,12.930000305175781
2005-09-09,84.96534729003906,1241.47998046875,11.979999542236328
2005-09-12,84.79486846923828,1240.56005859375,11.649999618530273
2005-09-13,84.32437896728516,1231.199951171875,12.390000343322754
2005-09-14,84.0174789428711,1227.1600341796875,12.90999984741211
2005-09-15,83.97657775878906,1227.72998046875,12.489999771118164
2005-09-16,84.57376098632812,1237.9100341796875,11.220000267028809
2005-09-19,84.29295349121094,1231.02001953125,12.140000343322754
2005-09-20,83.58074951171875,1221.3399658203125,12.640000343322754
2005-09-21,82.80006408691406,1210.199951171875,13.789999961853027
2005-09-22,83.09455108642578,1214.6199951171875,13.329999923706055
2005-09-23,83.16300201416016,1215.2900390625,12.960000038146973
2005-09-26,83.2588882446289,1215.6300048828125,13.039999961853027
2005-09-27,83.23833465576172,1215.6600341796875,12.760000228881836
2005-09-28,83.32050323486328,1216.8900146484375,12.630000114440918
2005-09-29,83.9985122680664,1227.6800537109375,12.239999771118164
2005-09-30,84.25871276855469,1228.81005859375,11.920000076293945
2005-10-03,83.9573745727539,1226.699951171875,12.460000038146973
2005-10-04,83.01238250732422,1214.469970703125,13.199999809265137
2005-10-05,81.92351531982422,1196.3900146484375,14.550000190734863
2005-10-06,81.62905883789062,1191.489990234375,14.960000038146973
2005-10-07,81.90980529785156,1195.9000244140625,14.59000015258789
2005-10-10,81.21817016601562,1187.3299560546875,15.550000190734863
2005-10-11,81.10173797607422,1184.8699951171875,15.630000114440918
2005-10-12,80.46488189697266,1177.6800537109375,16.219999313354492
2005-10-13,80.41695404052734,1176.8399658203125,16.469999313354492
2005-10-14,81.26611328125,1186.5699462890625,14.869999885559082
2005-10-17,81.56742095947266,1190.0999755859375,14.670000076293945
2005-10-18,80.68402862548828,1178.1400146484375,15.329999923706055
2005-10-19,82.0262222290039,1195.760009765625,13.5
2005-10-20,80.5813217163086,1177.800048828125,16.110000610351562
2005-10-21,80.8962631225586,1179.5899658203125,16.1299991607666
2005-10-24,82.14952087402344,1199.3800048828125,14.739999771118164
2005-10-25,81.98518371582031,1196.5400390625,14.529999732971191
2005-10-26,81.74549102783203,1191.3800048828125,14.59000015258789
2005-10-27,80.87577056884766,1178.9000244140625,16.020000457763672
2005-10-28,82.03998565673828,1198.4100341796875,14.25
2005-10-31,82.26590728759766,1207.010009765625,15.319999694824219
2005-11-01,82.51246643066406,1202.760009765625,14.850000381469727
2005-11-02,83.37532043457031,1214.760009765625,13.479999542236328
2005-11-03,83.7314453125,1219.93994140625,13.0
2005-11-04,83.6218490600586,1220.1400146484375,13.170000076293945
2005-11-07,83.70404815673828,1222.81005859375,13.100000381469727
2005-11-08,83.70404815673828,1218.5899658203125,13.079999923706055
2005-11-09,83.8135986328125,1220.6500244140625,12.800000190734863
2005-11-10,84.46416473388672,1230.9599609375,11.899999618530273
2005-11-11,84.75175476074219,1234.719970703125,11.630000114440918
2005-11-14,84.70384979248047,1233.760009765625,12.180000305175781
2005-11-15,84.39566040039062,1229.010009765625,12.229999542236328
2005-11-16,84.5668716430664,1231.2099609375,12.260000228881836
2005-11-17,85.35440063476562,1242.800048828125,11.25
2005-11-18,85.6899642944336,1248.27001953125,11.119999885559082
2005-11-21,86.12142181396484,1254.8499755859375,10.819999694824219
2005-11-22,86.49120330810547,1261.22998046875,10.600000381469727
2005-11-23,86.99109649658203,1265.6099853515625,10.960000038146973
2005-11-25,87.05955505371094,1268.25,10.880000114440918
2005-11-28,86.44324493408203,1257.4599609375,11.84000015258789
2005-11-29,86.34735107421875,1257.47998046875,11.890000343322754
2005-11-30,85.88172912597656,1249.47998046875,12.0600004196167
2005-12-01,86.75826263427734,1264.6700439453125,11.239999771118164
2005-12-02,86.8678207397461,1265.0799560546875,11.010000228881836
2005-12-05,86.68291473388672,1262.0899658203125,11.600000381469727
2005-12-06,86.84730529785156,1263.699951171875,11.520000457763672
2005-12-07,86.34054565429688,1257.3699951171875,12.180000305175781
2005-12-08,86.28570556640625,1255.8399658203125,12.210000038146973
2005-12-09,86.5117416381836,1259.3699951171875,11.6899995803833
2005-12-12,86.59391021728516,1260.4300537109375,11.470000267028809
2005-12-13,87.18286895751953,1267.4300537109375,11.109999656677246
2005-12-14,87.5252456665039,1272.739990234375,10.479999542236328
2005-12-15,87.27186584472656,1270.93994140625,10.729999542236328
2005-12-16,86.99098205566406,1267.3199462890625,10.680000305175781
2005-12-19,86.54353332519531,1259.9200439453125,11.380000114440918
2005-12-20,86.62609100341797,1259.6199951171875,11.1899995803833
2005-12-21,86.76380920410156,1262.7900390625,10.8100004196167
2005-12-22,87.21817016601562,1268.1199951171875,10.289999961853027
2005-12-23,87.26634979248047,1268.6600341796875,10.270000457763672
2005-12-27,86.3782730102539,1256.5400390625,11.569999694824219
2005-12-28,86.571044921875,1258.1700439453125,11.350000381469727
2005-12-29,86.18550872802734,1254.4200439453125,11.609999656677246
2005-12-30,85.71736907958984,1248.2900390625,12.069999694824219
2006-01-03,87.22505187988281,1268.800048828125,11.140000343322754
2006-01-04,87.63810729980469,1273.4599609375,11.369999885559082
2006-01-05,87.69319915771484,1273.47998046875,11.3100004196167
2006-01-06,88.42293548583984,1285.449951171875,11.0
2006-01-09,88.65013885498047,1290.1500244140625,11.130000114440918
2006-01-10,88.7396011352539,1289.68994140625,10.859999656677246
2006-01-11,89.02186584472656,1294.1800537109375,10.9399995803833
2006-01-12,88.67076110839844,1286.06005859375,11.199999809265137
2006-01-13,88.58814239501953,1287.6099853515625,11.229999542236328
2006-01-17,88.34722137451172,1282.9300537109375,11.90999984741211
2006-01-18,87.99609375,1277.9300537109375,12.25
2006-01-19,88.33346557617188,1285.0400390625,11.979999542236328
2006-01-20,86.72248077392578,1261.489990234375,14.5600004196167
2006-01-23,87.03228759765625,1263.8199462890625,13.930000305175781
2006-01-24,87.12178802490234,1266.8599853515625,13.3100004196167
2006-01-25,87.19751739501953,1264.6800537109375,12.869999885559082
2006-01-26,87.67942810058594,1273.8299560546875,12.420000076293945
2006-01-27,88.49176788330078,1283.719970703125,11.970000267028809
2006-01-30,88.42293548583984,1285.18994140625,12.390000343322754
2006-01-31,87.77581024169922,1280.0799560546875,12.949999809265137
2006-02-01,88.38853454589844,1282.4599609375,12.359999656677246
2006-02-02,87.36273956298828,1270.8399658203125,13.229999542236328
2006-02-03,86.92904663085938,1264.030029296875,12.960000038146973
2006-02-06,87.15619659423828,1265.02001953125,13.039999961853027
2006-02-07,86.38512420654297,1254.780029296875,13.59000015258789
2006-02-08,87.16998291015625,1265.6500244140625,12.829999923706055
2006-02-09,87.02540588378906,1263.780029296875,13.119999885559082
2006-02-10,87.18375396728516,1266.989990234375,12.869999885559082
2006-02-13,87.02540588378906,1262.8599853515625,13.350000381469727
2006-02-14,87.94793701171875,1275.530029296875,12.25
2006-02-15,88.2577133178711,1280.0,12.3100004196167
2006-02-16,88.91864013671875,1289.3800048828125,11.479999542236328
2006-02-17,88.67764282226562,1287.239990234375,12.010000228881836
2006-02-21,88.45736694335938,1283.030029296875,12.40999984741211
2006-02-22,88.99435424804688,1292.6700439453125,11.880000114440918
2006-02-23,88.86355590820312,1287.7900390625,11.869999885559082
2006-02-24,89.09072875976562,1289.4300537109375,11.460000038146973
2006-02-27,89.12515258789062,1294.1199951171875,11.59000015258789
2006-02-28,88.27838134765625,1280.6600341796875,12.34000015258789
2006-03-01,89.06317901611328,1291.239990234375,11.539999961853027
2006-03-02,89.05628204345703,1289.1400146484375,11.720000267028809
2006-03-03,88.64327239990234,1287.22998046875,11.960000038146973
2006-03-06,88.23705291748047,1278.260009765625,12.739999771118164
2006-03-07,88.09935760498047,1275.8800048828125,12.65999984741211
2006-03-08,88.28526306152344,1278.469970703125,12.319999694824219
2006-03-09,87.69319915771484,1272.22998046875,12.680000305175781
2006-03-10,88.52620697021484,1281.4200439453125,11.850000381469727
2006-03-13,88.69140625,1284.1300048828125,11.369999885559082
2006-03-14,89.62078857421875,1297.47998046875,10.739999771118164
2006-03-15,90.02011108398438,1303.02001953125,11.350000381469727
2006-03-16,90.20600128173828,1305.3299560546875,11.979999542236328
2006-03-17,90.28131103515625,1307.25,12.119999885559082
2006-03-20,90.13618469238281,1305.0799560546875,11.789999961853027
2006-03-21,89.56944274902344,1297.22998046875,11.619999885559082
2006-03-22,90.11544799804688,1305.0400390625,11.210000038146973
2006-03-23,89.92881774902344,1301.6700439453125,11.170000076293945
2006-03-24,89.99794006347656,1302.949951171875,11.1899995803833
2006-03-27,89.86661529541016,1301.6099853515625,11.460000038146973
2006-03-28,89.31368255615234,1293.22998046875,11.579999923706055
2006-03-29,89.87356567382812,1302.8900146484375,10.949999809265137
2006-03-30,89.71456909179688,1300.25,11.569999694824219
2006-03-31,89.73529052734375,1294.8699951171875,11.390000343322754
2006-04-03,89.66619110107422,1297.81005859375,11.569999694824219
2006-04-04,90.2398681640625,1305.9300537109375,11.140000343322754
2006-04-05,90.55086517333984,1311.56005859375,11.130000114440918
2006-04-06,90.45408630371094,1309.0400390625,11.449999809265137
2006-04-07,89.53485870361328,1295.5,12.260000228881836
2006-04-10,89.67310333251953,1296.6199951171875,12.1899995803833
2006-04-11,88.91278839111328,1286.5699462890625,13.0
2006-04-12,89.07869720458984,1288.1199951171875,12.760000228881836
2006-04-13,88.96119689941406,1289.1199951171875,12.380000114440918
2006-04-17,88.92660522460938,1285.3299560546875,12.579999923706055
2006-04-18,90.33663940429688,1307.280029296875,11.399999618530273
2006-04-19,90.50939178466797,1309.9300537109375,11.319999694824219
2006-04-20,90.63385772705078,1311.4599609375,11.640000343322754
2006-04-21,90.64767456054688,1311.280029296875,11.59000015258789
2006-04-24,90.48178100585938,1308.1099853515625,11.75
2006-04-25,90.10853576660156,1301.739990234375,11.75
2006-04-26,90.1292495727539,1305.4100341796875,11.760000228881836
2006-04-27,90.56471252441406,1309.719970703125,11.84000015258789
2006-04-28,90.86880493164062,1310.6099853515625,11.59000015258789
2006-05-01,90.1292495727539,1305.18994140625,12.539999961853027
2006-05-02,90.80663299560547,1313.2099609375,11.989999771118164
2006-05-03,90.46794891357422,1308.1199951171875,11.989999771118164
2006-05-04,90.79279327392578,1312.25,11.859999656677246
2006-05-05,91.59453582763672,1325.760009765625,11.619999885559082
2006-05-08,91.48397827148438,1324.6600341796875,12.0
2006-05-09,91.6636734008789,1325.1400146484375,11.989999771118164
2006-05-10,91.61530303955078,1322.8499755859375,11.779999732971191
2006-05-11,90.50939178466797,1305.9200439453125,12.489999771118164
2006-05-12,89.32749938964844,1291.239990234375,14.1899995803833
2006-05-15,89.5072021484375,1294.5,13.569999694824219
2006-05-16,89.37588500976562,1292.0799560546875,13.350000381469727
2006-05-17,87.67558288574219,1270.3199462890625,16.260000228881836
2006-05-18,87.23320770263672,1261.81005859375,16.989999771118164
2006-05-19,87.84840393066406,1267.030029296875,17.18000030517578
2006-05-22,87.1779556274414,1262.0699462890625,17.719999313354492
2006-05-23,86.5144271850586,1256.5799560546875,18.260000228881836
2006-05-24,87.20555114746094,1258.5699462890625,17.360000610351562
2006-05-25,88.28380584716797,1272.8800048828125,15.5
2006-05-26,88.73310089111328,1280.1600341796875,14.260000228881836
2006-05-30,87.15721893310547,1259.8699951171875,18.65999984741211
2006-05-31,88.13177490234375,1270.0899658203125,16.440000534057617
2006-06-01,88.9749984741211,1285.7099609375,14.520000457763672
2006-06-02,89.16163635253906,1288.219970703125,14.319999694824219
2006-06-05,87.86222076416016,1265.2900390625,16.649999618530273
2006-06-06,87.64795684814453,1263.8499755859375,17.34000015258789
2006-06-07,86.99132537841797,1256.1500244140625,17.799999237060547
2006-06-08,86.91532135009766,1257.9300537109375,18.350000381469727
2006-06-09,86.63885498046875,1252.300048828125,18.1200008392334
2006-06-12,85.69884490966797,1237.43994140625,20.959999084472656
2006-06-13,84.70353698730469,1223.68994140625,23.809999465942383
2006-06-14,85.36019134521484,1230.0400390625,21.459999084472656
2006-06-15,87.17105865478516,1256.1600341796875,15.899999618530273
2006-06-16,86.53581237792969,1251.5400390625,17.25
2006-06-19,85.8554458618164,1240.1300048828125,17.829999923706055
2006-06-20,86.14704132080078,1240.1199951171875,16.690000534057617
2006-06-21,86.78575897216797,1252.199951171875,15.520000457763672
2006-06-22,86.40389251708984,1245.5999755859375,15.880000114440918
2006-06-23,86.39002227783203,1244.5,15.890000343322754
2006-06-26,86.77185821533203,1250.56005859375,15.619999885559082
2006-06-27,86.02205657958984,1239.199951171875,16.399999618530273
2006-06-28,86.605224609375,1246.0,15.789999961853027
2006-06-29,88.3547134399414,1272.8699951171875,13.029999732971191
2006-06-30,88.36164093017578,1270.199951171875,13.079999923706055
2006-07-03,88.72265625,1280.18994140625,13.050000190734863
2006-07-05,88.21586608886719,1270.9100341796875,14.149999618530273
2006-07-06,88.47272491455078,1274.0799560546875,13.649999618530273
2006-07-07,87.89651489257812,1265.47998046875,13.970000267028809
2006-07-10,88.06314849853516,1267.3399658203125,14.020000457763672
2006-07-11,88.4518814086914,1272.4300537109375,13.140000343322754
2006-07-12,87.50777435302734,1258.5999755859375,14.489999771118164
2006-07-13,86.08456420898438,1242.280029296875,17.790000915527344
2006-07-14,85.75133514404297,1236.199951171875,18.049999237060547
2006-07-17,85.62638854980469,1234.489990234375,18.639999389648438
2006-07-18,86.06375122070312,1236.8599853515625,17.739999771118164
2006-07-19,87.2578125,1259.81005859375,15.550000190734863
2006-07-20,86.66078186035156,1249.1300048828125,16.209999084472656
2006-07-21,86.0498275756836,1240.2900390625,17.399999618530273
2006-07-24,87.6187973022461,1260.9100341796875,14.979999542236328
2006-07-25,87.93120574951172,1268.8800048828125,14.850000381469727
2006-07-26,88.04924774169922,1268.4000244140625,14.619999885559082
2006-07-27,87.9659423828125,1263.199951171875,14.9399995803833
2006-07-28,88.84760284423828,1278.550048828125,14.329999923706055
2006-07-31,88.75733947753906,1276.6600341796875,14.949999809265137
2006-08-01,88.32000732421875,1270.9200439453125,15.050000190734863
2006-08-02,88.9170150756836,1277.4100341796875,14.34000015258789
2006-08-03,89.153076171875,1280.27001953125,14.460000038146973
2006-08-04,89.00032806396484,1279.3599853515625,14.34000015258789
2006-08-07,88.79203796386719,1275.77001953125,15.229999542236328
2006-08-08,88.4518814086914,1271.47998046875,15.229999542236328
2006-08-09,88.15336608886719,1265.949951171875,15.199999809265137
2006-08-10,88.42414093017578,1271.81005859375,14.460000038146973
2006-08-11,88.17420196533203,1266.739990234375,14.300000190734863
2006-08-14,88.2436294555664,1268.2099609375,14.260000228881836
2006-08-15,89.2988510131836,1285.5799560546875,13.420000076293945
2006-08-16,90.04169464111328,1295.4300537109375,12.40999984741211
2006-08-17,90.27079010009766,1297.47998046875,12.239999771118164
2006-08-18,90.72894287109375,1302.300048828125,11.640000343322754
2006-08-21,90.34022521972656,1297.52001953125,12.220000267028809
2006-08-22,90.33326721191406,1298.8199462890625,12.1899995803833
2006-08-23,90.08332061767578,1292.989990234375,12.399999618530273
2006-08-24,90.00697326660156,1296.06005859375,12.399999618530273
2006-08-25,90.11805725097656,1295.0899658203125,12.3100004196167
2006-08-28,90.54847717285156,1301.780029296875,12.180000305175781
2006-08-29,90.6526107788086,1304.280029296875,12.279999732971191
2006-08-30,90.7081527709961,1305.3699951171875,12.220000267028809
2006-08-31,90.69425201416016,1303.8199462890625,12.3100004196167
2006-09-01,91.23574829101562,1311.010009765625,11.960000038146973
2006-09-05,91.4093246459961,1313.25,12.630000114440918
2006-09-06,90.60401916503906,1300.260009765625,13.739999771118164
2006-09-07,90.1875,1294.02001953125,13.880000114440918
2006-09-08,90.44430541992188,1298.9200439453125,13.15999984741211
2006-09-11,90.53457641601562,1299.5400390625,12.989999771118164
2006-09-12,91.4232177734375,1313.0,11.920000076293945
2006-09-13,91.79115295410156,1318.0699462890625,11.180000305175781
2006-09-14,91.79805755615234,1316.280029296875,11.550000190734863
2006-09-15,92.0135726928711,1319.6600341796875,11.760000228881836
2006-09-18,92.1390609741211,1321.1800537109375,11.779999732971191
2006-09-19,91.90895080566406,1317.6400146484375,11.979999542236328
2006-09-20,92.39704895019531,1325.1800537109375,11.390000343322754
2006-09-21,91.95076751708984,1318.030029296875,12.25
2006-09-22,91.67188262939453,1314.780029296875,12.59000015258789
2006-09-25,92.37613677978516,1326.3699951171875,12.119999885559082
2006-09-26,93.14314270019531,1336.3499755859375,11.529999732971191
2006-09-27,93.25473022460938,1336.5899658203125,11.579999923706055
2006-09-28,93.2198715209961,1338.8800048828125,11.720000267028809
2006-09-29,93.14314270019531,1335.8499755859375,11.979999542236328
2006-10-02,92.79447937011719,1331.3199462890625,12.569999694824219
2006-10-03,92.98974609375,1334.1099853515625,12.239999771118164
2006-10-04,94.0774917602539,1350.199951171875,11.859999656677246
2006-10-05,94.2587890625,1353.219970703125,11.979999542236328
2006-10-06,94.14025115966797,1349.5899658203125,11.5600004196167
2006-10-09,94.19605255126953,1350.6600341796875,11.680000305175781
2006-10-10,94.32156372070312,1353.4200439453125,11.520000457763672
2006-10-11,94.21001434326172,1349.949951171875,11.619999885559082
2006-10-12,95.02578735351562,1362.8299560546875,11.09000015258789
2006-10-13,95.26983642578125,1365.6199951171875,10.75
2006-10-16,95.41631317138672,1369.06005859375,11.09000015258789
2006-10-17,95.11643981933594,1364.050048828125,11.729999542236328
2006-10-18,95.2419662475586,1365.800048828125,11.34000015258789
2006-10-19,95.3953857421875,1366.9599609375,10.899999618530273
2006-10-20,95.41631317138672,1368.5999755859375,10.630000114440918
2006-10-23,95.85560607910156,1377.02001953125,11.079999923706055
2006-10-24,96.1414794921875,1377.3800048828125,10.779999732971191
2006-10-25,96.46919250488281,1382.219970703125,10.65999984741211
2006-10-26,96.76898956298828,1389.0799560546875,10.5600004196167
2006-10-27,96.16236877441406,1377.3399658203125,10.800000190734863
2006-10-30,96.09264373779297,1377.9300537109375,11.199999809265137
2006-10-31,96.07872772216797,1377.93994140625,11.100000381469727
2006-11-01,95.43023681640625,1367.81005859375,11.510000228881836
2006-11-02,95.37439727783203,1367.3399658203125,11.420000076293945
2006-11-03,95.20709991455078,1364.300048828125,11.15999984741211
2006-11-06,96.28095245361328,1379.780029296875,11.15999984741211
2006-11-07,96.65048217773438,1382.8399658203125,11.09000015258789
2006-11-08,96.85968780517578,1385.719970703125,10.75
2006-11-09,96.35066223144531,1378.3299560546875,11.010000228881836
2006-11-10,96.39252471923828,1380.9000244140625,10.789999961853027
2006-11-13,96.62954711914062,1384.4200439453125,10.859999656677246
2006-11-14,97.35474395751953,1393.219970703125,10.5
2006-11-15,97.63365936279297,1396.5699462890625,10.3100004196167
2006-11-16,97.88468170166016,1399.760009765625,10.15999984741211
2006-11-17,97.9125747680664,1401.199951171875,10.050000190734863
2006-11-20,97.96833801269531,1400.5,9.970000267028809
2006-11-21,98.06598663330078,1402.81005859375,9.899999618530273
2006-11-22,98.2612075805664,1406.0899658203125,10.140000343322754
2006-11-24,97.86375427246094,1400.949951171875,10.729999542236328
2006-11-27,96.51798248291016,1381.9599609375,12.300000190734863
2006-11-28,96.9363784790039,1386.719970703125,11.619999885559082
2006-11-29,97.94745635986328,1399.47998046875,10.829999923706055
2006-11-30,97.98926544189453,1400.6300048828125,10.90999984741211
2006-12-01,97.77311706542969,1396.7099609375,11.65999984741211
2006-12-04,98.51922607421875,1409.1199951171875,11.229999542236328
2006-12-05,98.94453430175781,1414.760009765625,11.270000457763672
2006-12-06,98.86088562011719,1412.9000244140625,11.329999923706055
2006-12-07,98.4285659790039,1407.2900390625,12.670000076293945
2006-12-08,98.60990142822266,1409.8399658203125,12.069999694824219
2006-12-11,98.8957290649414,1413.0400390625,10.710000038146973
2006-12-12,98.81904602050781,1411.56005859375,10.649999618530273
2006-12-13,98.92362213134766,1413.2099609375,10.180000305175781
2006-12-14,99.79521942138672,1425.489990234375,9.970000267028809
2006-12-15,99.80431365966797,1427.0899658203125,10.050000190734863
2006-12-18,99.53083801269531,1422.47998046875,10.600000381469727
2006-12-19,99.7202377319336,1425.550048828125,10.300000190734863
2006-12-20,99.66410827636719,1423.530029296875,10.260000228881836
2006-12-21,99.29947662353516,1418.300048828125,10.529999732971191
2006-12-22,98.68949890136719,1410.760009765625,11.359999656677246
2006-12-26,99.27144622802734,1416.9000244140625,11.260000228881836
2006-12-27,99.92353820800781,1426.8399658203125,10.640000343322754
2006-12-28,99.7131576538086,1424.72998046875,10.989999771118164
2006-12-29,99.29947662353516,1418.300048828125,11.5600004196167
2007-01-03,99.12419128417969,1416.5999755859375,12.039999961853027
2007-01-04,99.3345718383789,1418.3399658203125,11.510000228881836
2007-01-05,98.54225158691406,1409.7099609375,12.140000343322754
2007-01-08,98.9980239868164,1412.8399658203125,12.0
2007-01-09,98.91386413574219,1412.1099853515625,11.90999984741211
2007-01-10,99.24339294433594,1414.8499755859375,11.470000267028809
2007-01-11,99.6781234741211,1423.8199462890625,10.869999885559082
2007-01-12,100.43538665771484,1430.72998046875,10.149999618530273
2007-01-16,100.23905944824219,1431.9000244140625,10.739999771118164
2007-01-17,100.2811508178711,1430.6199951171875,10.59000015258789
2007-01-18,99.94459533691406,1426.3699951171875,10.850000381469727
2007-01-19,100.14087677001953,1430.5,10.399999618530273
2007-01-22,99.83238983154297,1422.949951171875,10.770000457763672
2007-01-23,100.12689208984375,1427.989990234375,10.34000015258789
2007-01-24,100.93318939208984,1440.1300048828125,9.890000343322754
2007-01-25,99.74823760986328,1423.9000244140625,11.220000267028809
2007-01-26,99.6571044921875,1422.1800537109375,11.130000114440918
2007-01-29,99.60100555419922,1420.6199951171875,11.449999809265137
2007-01-30,100.11984252929688,1428.8199462890625,10.960000038146973
2007-01-31,100.79295349121094,1438.239990234375,10.420000076293945
2007-02-01,101.39600372314453,1445.93994140625,10.3100004196167
2007-02-02,101.53620910644531,1448.3900146484375,10.079999923706055
2007-02-05,101.56426239013672,1446.989990234375,10.550000190734863
2007-02-06,101.59231567382812,1448.0,10.649999618530273
2007-02-07,101.81671905517578,1450.02001953125,10.319999694824219
2007-02-08,101.68344116210938,1448.31005859375,10.4399995803833
2007-02-09,100.92621612548828,1438.06005859375,11.100000381469727
2007-02-12,100.58264923095703,1433.3699951171875,11.609999656677246
2007-02-13,101.43106079101562,1444.260009765625,10.34000015258789
2007-02-14,102.09720611572266,1455.300048828125,10.229999542236328
2007-02-15,102.23037719726562,1456.81005859375,10.220000267028809
2007-02-16,102.18128204345703,1455.5400390625,10.020000457763672
2007-02-20,102.3986587524414,1459.6800537109375,10.239999771118164
2007-02-21,102.3565902709961,1457.6300048828125,10.199999809265137
2007-02-22,102.27949523925781,1456.3800048828125,10.180000305175781
2007-02-23,101.87983703613281,1451.18994140625,10.579999923706055
2007-02-26,101.78865814208984,1449.3699951171875,11.149999618530273
2007-02-27,97.81301879882812,1399.0400390625,18.309999465942383
2007-02-28,98.815673828125,1406.8199462890625,15.420000076293945
2007-03-01,98.52122497558594,1403.1700439453125,15.819999694824219
2007-03-02,97.23104858398438,1387.1700439453125,18.610000610351562
2007-03-05,96.30553436279297,1374.1199951171875,19.6299991607666
2007-03-06,97.95327758789062,1395.4100341796875,15.960000038146973
2007-03-07,97.85504913330078,1391.969970703125,15.239999771118164
2007-03-08,98.68250274658203,1401.8900146484375,14.289999961853027
2007-03-09,98.71049499511719,1402.8399658203125,14.09000015258789
2007-03-12,98.85772705078125,1406.5999755859375,13.989999771118164
2007-03-13,96.93659210205078,1377.949951171875,18.1299991607666
2007-03-14,97.65876770019531,1387.1700439453125,17.270000457763672
2007-03-15,97.7919921875,1392.280029296875,16.43000030517578
2007-03-16,97.51815032958984,1386.949951171875,16.790000915527344
2007-03-19,98.69374084472656,1402.06005859375,14.59000015258789
2007-03-20,99.23580169677734,1410.93994140625,13.270000457763672
2007-03-21,100.86893463134766,1435.0400390625,12.1899995803833
2007-03-22,100.79148864746094,1434.5400390625,12.930000305175781
2007-03-23,100.93933868408203,1436.1099853515625,12.949999809265137
2007-03-26,100.80561065673828,1437.5,13.15999984741211
2007-03-27,100.5662612915039,1428.6099853515625,13.479999542236328
2007-03-28,99.8341293334961,1417.22998046875,14.979999542236328
2007-03-29,99.939697265625,1422.530029296875,15.140000343322754
2007-03-30,99.96087646484375,1420.8599853515625,14.640000343322754
2007-04-02,100.07347869873047,1424.550048828125,14.529999732971191
2007-04-03,101.15050506591797,1437.77001953125,13.460000038146973
2007-04-04,101.26316833496094,1439.3699951171875,13.239999771118164
2007-04-05,101.53771209716797,1443.760009765625,13.229999542236328
2007-04-09,101.67854309082031,1444.6099853515625,13.140000343322754
2007-04-10,101.79814910888672,1448.3900146484375,12.680000305175781
2007-04-11,101.3828125,1438.8699951171875,13.489999771118164
2007-04-12,101.83340454101562,1447.800048828125,12.710000038146973
2007-04-13,102.29794311523438,1452.8499755859375,12.199999809265137
2007-04-16,103.26943969726562,1468.3299560546875,11.979999542236328
2007-04-17,103.54395294189453,1471.47998046875,12.140000343322754
2007-04-18,103.67068481445312,1472.5,12.420000076293945
2007-04-19,103.64246368408203,1470.72998046875,12.539999961853027
2007-04-20,104.62097930908203,1484.3499755859375,12.069999694824219
2007-04-23,104.22677612304688,1480.9300537109375,13.039999961853027
2007-04-24,104.26903533935547,1480.4100341796875,13.119999885559082
2007-04-25,105.22642517089844,1495.4200439453125,13.210000038146973
2007-04-26,105.3460693359375,1494.25,12.789999961853027
2007-04-27,105.26161193847656,1494.0699462890625,12.449999809265137
2007-04-30,104.38867950439453,1482.3699951171875,14.220000267028809
2007-05-01,104.65621948242188,1486.300048828125,13.510000228881836
2007-05-02,105.26866149902344,1495.9200439453125,13.079999923706055
2007-05-03,105.83887481689453,1502.3900146484375,13.09000015258789
2007-05-04,106.2401123046875,1505.6199951171875,12.90999984741211
2007-05-07,106.26121520996094,1509.47998046875,13.149999618530273
2007-05-08,106.12044525146484,1507.719970703125,13.210000038146973
2007-05-09,106.4090347290039,1512.5799560546875,12.880000114440918
2007-05-10,105.29678344726562,1491.469970703125,13.600000381469727
2007-05-11,106.19783782958984,1505.8499755859375,12.949999809265137
2007-05-14,105.96556091308594,1503.1500244140625,13.960000038146973
2007-05-15,105.99372863769531,1501.18994140625,14.010000228881836
2007-05-16,106.71876525878906,1514.1400146484375,13.5
2007-05-17,106.50755310058594,1512.75,13.510000228881836
2007-05-18,107.43680572509766,1522.75,12.760000228881836
2007-05-21,107.38046264648438,1525.0999755859375,13.300000190734863
2007-05-22,107.29600524902344,1524.1199951171875,13.0600004196167
2007-05-23,107.31006622314453,1522.280029296875,13.239999771118164
2007-05-24,106.3386459350586,1507.510009765625,14.079999923706055
2007-05-25,106.78214263916016,1515.72998046875,13.34000015258789
2007-05-29,107.16931915283203,1518.1099853515625,13.529999732971191
2007-05-30,108.0422134399414,1530.22998046875,12.829999923706055
2007-05-31,107.92955780029297,1530.6199951171875,13.050000190734863
2007-06-01,108.464599609375,1536.3399658203125,12.779999732971191
2007-06-04,108.47863006591797,1539.1800537109375,13.289999961853027
2007-06-05,108.04925537109375,1530.949951171875,13.630000114440918
2007-06-06,106.88768005371094,1517.3800048828125,14.869999885559082
2007-06-07,104.95891571044922,1490.719970703125,17.059999465942383
2007-06-08,106.32455444335938,1507.6700439453125,14.84000015258789
2007-06-11,106.50755310058594,1509.1199951171875,14.710000038146973
2007-06-12,105.3460693359375,1493.0,16.670000076293945
2007-06-13,106.92292785644531,1515.6700439453125,14.729999542236328
2007-06-14,107.60575866699219,1522.969970703125,13.640000343322754
2007-06-15,108.2179946899414,1532.9100341796875,13.9399995803833
2007-06-18,108.09075927734375,1531.050048828125,13.420000076293945
2007-06-19,108.35939025878906,1533.699951171875,12.850000381469727
2007-06-20,106.85353088378906,1512.8399658203125,14.670000076293945
2007-06-21,107.44737243652344,1522.18994140625,14.210000038146973
2007-06-22,106.43639373779297,1502.56005859375,15.75
2007-06-25,105.92738342285156,1497.739990234375,16.649999618530273
2007-06-26,104.83858489990234,1492.8900146484375,18.889999389648438
2007-06-27,106.3303451538086,1506.3399658203125,15.529999732971191
2007-06-28,106.31623840332031,1505.7099609375,15.539999961853027
2007-06-29,106.35154724121094,1503.3499755859375,16.229999542236328
2007-07-02,107.31306457519531,1519.4300537109375,15.399999618530273
2007-07-03,107.70186614990234,1524.8699951171875,14.920000076293945
2007-07-05,107.58878326416016,1525.4000244140625,15.479999542236328
2007-07-06,108.15435791015625,1530.43994140625,14.720000267028809
2007-07-09,108.23924255371094,1531.8499755859375,15.15999984741211
2007-07-10,106.69800567626953,1510.1199951171875,17.56999969482422
2007-07-11,107.45442199707031,1518.760009765625,16.639999389648438
2007-07-12,109.15118408203125,1547.699951171875,15.539999961853027
2007-07-13,109.4764633178711,1552.5,15.149999618530273
2007-07-16,109.46229553222656,1549.52001953125,15.59000015258789
2007-07-17,109.40572357177734,1549.3699951171875,15.630000114440918
2007-07-18,109.20780944824219,1546.1700439453125,16.0
2007-07-19,109.6319808959961,1553.0799560546875,15.229999542236328
2007-07-20,108.52198791503906,1534.0999755859375,16.950000762939453
2007-07-23,108.85433959960938,1541.5699462890625,16.809999465942383
2007-07-24,106.96659851074219,1511.0400390625,18.549999237060547
2007-07-25,107.18577575683594,1518.0899658203125,18.100000381469727
2007-07-26,104.64775085449219,1482.6600341796875,20.739999771118164
2007-07-27,102.59037780761719,1458.949951171875,24.170000076293945
2007-07-30,104.19527435302734,1473.9100341796875,20.8700008392334
2007-07-31,103.02165985107422,1455.27001953125,23.520000457763672
2007-08-01,103.52364349365234,1465.81005859375,23.670000076293945
2007-08-02,104.35079956054688,1472.199951171875,21.219999313354492
2007-08-03,101.66427612304688,1433.06005859375,25.15999984741211
2007-08-06,103.36810302734375,1467.6700439453125,22.940000534057617
2007-08-07,104.47097778320312,1476.7099609375,21.559999465942383
2007-08-08,105.92738342285156,1497.489990234375,21.450000762939453
2007-08-09,102.78833770751953,1453.0899658203125,26.479999542236328
2007-08-10,102.30760192871094,1453.6400146484375,28.299999237060547
2007-08-13,102.67522430419922,1452.9200439453125,26.56999969482422
2007-08-14,101.10575103759766,1426.5400390625,27.68000030517578
2007-08-15,99.71296691894531,1406.699951171875,30.670000076293945
2007-08-16,100.46234893798828,1411.27001953125,30.829999923706055
2007-08-17,102.30760192871094,1445.93994140625,29.989999771118164
2007-08-20,102.25811004638672,1445.550048828125,26.329999923706055
2007-08-21,102.46314239501953,1447.1199951171875,25.25
2007-08-22,103.67916870117188,1464.0699462890625,22.889999389648438
2007-08-23,103.5872573852539,1462.5,22.6200008392334
2007-08-24,104.86690521240234,1479.3699951171875,20.719999313354492
2007-08-27,103.89127349853516,1466.7900390625,22.719999313354492
2007-08-28,101.60769653320312,1432.3599853515625,26.299999237060547
2007-08-29,103.60144805908203,1463.760009765625,23.809999465942383
2007-08-30,103.32572174072266,1457.6400146484375,25.059999465942383
2007-08-31,104.34371948242188,1473.989990234375,23.3799991607666
2007-09-04,105.39714813232422,1489.4200439453125,22.780000686645508
2007-09-05,104.48509216308594,1472.2900390625,24.579999923706055
2007-09-06,104.72554016113281,1478.550048828125,23.989999771118164
2007-09-07,103.26905822753906,1453.550048828125,26.229999542236328
2007-09-10,103.07111358642578,1451.699951171875,27.3799991607666
2007-09-11,104.27301788330078,1471.489990234375,25.270000457763672
2007-09-12,104.54170989990234,1471.56005859375,24.959999084472656
2007-09-13,105.2769546508789,1483.949951171875,24.760000228881836
2007-09-14,105.26981353759766,1484.25,24.920000076293945
2007-09-17,104.70428466796875,1476.6500244140625,26.479999542236328
2007-09-18,107.78675079345703,1519.780029296875,20.350000381469727
2007-09-19,108.42304992675781,1529.030029296875,20.030000686645508
2007-09-20,107.65945434570312,1518.75,20.450000762939453
2007-09-21,107.95001983642578,1525.75,19.0
2007-09-24,107.75112915039062,1517.72998046875,19.3700008392334
2007-09-25,107.53797912597656,1517.2099609375,18.600000381469727
2007-09-26,108.10633087158203,1525.4200439453125,17.6299991607666
2007-09-27,108.74564361572266,1531.3800048828125,17.0
2007-09-28,108.3833236694336,1526.75,18.0
2007-10-01,109.6051025390625,1547.0400390625,17.84000015258789
2007-10-02,109.4559326171875,1546.6300048828125,18.489999771118164
2007-10-03,109.23571014404297,1539.5899658203125,18.799999237060547
2007-10-04,109.40619659423828,1542.8399658203125,18.440000534057617
2007-10-05,110.70616912841797,1557.5899658203125,16.90999984741211
2007-10-08,110.11653137207031,1552.5799560546875,17.459999084472656
2007-10-09,111.1536636352539,1565.1500244140625,16.1200008392334
2007-10-10,110.9688949584961,1562.469970703125,16.670000076293945
2007-10-11,110.43618774414062,1554.4100341796875,18.8799991607666
2007-10-12,111.04703521728516,1561.800048828125,17.729999542236328
2007-10-15,110.10939025878906,1548.7099609375,19.25
2007-10-16,109.23571014404297,1538.530029296875,20.020000457763672
2007-10-17,109.56959533691406,1541.239990234375,18.540000915527344
2007-10-18,109.17180633544922,1540.0799560546875,18.5
2007-10-19,106.31624603271484,1500.6300048828125,22.959999084472656
2007-10-22,106.9342269897461,1506.3299560546875,21.639999389648438
2007-10-23,107.80081939697266,1519.5899658203125,20.40999984741211
2007-10-24,107.60192108154297,1515.8800048828125,20.799999237060547
2007-10-25,107.857666015625,1514.4000244140625,21.170000076293945
2007-10-26,109.12206268310547,1535.280029296875,19.559999465942383
2007-10-29,109.48432159423828,1540.97998046875,19.8700008392334
2007-10-30,108.72425842285156,1531.02001953125,21.06999969482422
2007-10-31,109.85369873046875,1549.3800048828125,18.530000686645508
2007-11-01,107.28231048583984,1508.43994140625,23.209999084472656
2007-11-02,107.40303039550781,1509.6500244140625,23.010000228881836
2007-11-05,106.5861587524414,1502.1700439453125,24.309999465942383
2007-11-06,108.0210189819336,1520.27001953125,21.389999389648438
2007-11-07,105.06599426269531,1475.6199951171875,26.489999771118164
2007-11-08,104.53327178955078,1474.77001953125,26.15999984741211
2007-11-09,103.09835815429688,1453.699951171875,28.5
2007-11-12,102.07550811767578,1439.1800537109375,31.09000015258789
2007-11-13,105.18681335449219,1481.050048828125,24.100000381469727
2007-11-14,104.8955307006836,1470.5799560546875,25.940000534057617
2007-11-15,103.38255310058594,1451.1500244140625,28.059999465942383
2007-11-16,103.56006622314453,1458.739990234375,25.489999771118164
2007-11-19,102.11811828613281,1433.27001953125,26.010000228881836
2007-11-20,102.74324035644531,1439.699951171875,24.8799991607666
2007-11-21,100.64061737060547,1416.77001953125,26.84000015258789
2007-11-23,102.38098907470703,1440.699951171875,25.610000610351562
2007-11-26,100.1220932006836,1407.219970703125,28.90999984741211
2007-11-27,101.2728500366211,1428.22998046875,26.280000686645508
2007-11-28,104.5119857788086,1469.02001953125,24.110000610351562
2007-11-29,104.5474853515625,1469.719970703125,23.969999313354492
2007-11-30,105.59880065917969,1481.1400146484375,22.8700008392334
2007-12-03,104.90264892578125,1472.4200439453125,23.610000610351562
2007-12-04,103.96499633789062,1462.7900390625,23.790000915527344
2007-12-05,105.7053451538086,1485.010009765625,22.530000686645508
2007-12-06,107.21839904785156,1507.3399658203125,20.959999084472656
2007-12-07,107.19700622558594,1504.6600341796875,20.850000381469727
2007-12-10,108.02811431884766,1515.9599609375,20.739999771118164
2007-12-11,105.06599426269531,1477.6500244140625,23.59000015258789
2007-12-12,106.10319519042969,1486.5899658203125,22.469999313354492
2007-12-13,105.88291931152344,1488.4100341796875,22.559999465942383
2007-12-14,104.54039001464844,1467.949951171875,23.270000457763672
2007-12-17,103.04866027832031,1445.9000244140625,24.520000457763672
2007-12-18,103.62408447265625,1454.97998046875,22.639999389648438
2007-12-19,103.62408447265625,1453.0,21.68000030517578
2007-12-20,104.27754974365234,1460.1199951171875,20.579999923706055
2007-12-21,105.7807846069336,1484.4599609375,18.469999313354492
2007-12-24,106.5662841796875,1496.449951171875,18.600000381469727
2007-12-26,106.7948226928711,1497.6600341796875,18.65999984741211
2007-12-27,105.45225524902344,1476.27001953125,20.260000228881836
2007-12-28,105.18807983398438,1478.489990234375,20.739999771118164
2007-12-31,104.40968322753906,1468.3599853515625,22.5
2008-01-02,103.4956283569336,1447.1600341796875,23.170000076293945
2008-01-03,103.44559478759766,1447.1600341796875,22.489999771118164
2008-01-04,100.91057586669922,1411.6300048828125,23.940000534057617
2008-01-07,100.82487487792969,1416.1800537109375,23.790000915527344
2008-01-08,99.19673156738281,1390.18994140625,25.43000030517578
2008-01-09,100.23930358886719,1409.1300048828125,24.1200008392334
2008-01-10,100.89627075195312,1420.3299560546875,23.450000762939453
2008-01-11,100.08219146728516,1401.02001953125,23.68000030517578
2008-01-14,100.88916778564453,1416.25,22.899999618530273
2008-01-15,98.66825103759766,1380.949951171875,23.34000015258789
2008-01-16,97.8184585571289,1373.199951171875,24.3799991607666
2008-01-17,95.28340148925781,1333.25,28.459999084472656
2008-01-18,94.30504608154297,1325.18994140625,27.18000030517578
2008-01-22,93.34815216064453,1310.5,31.010000228881836
2008-01-23,95.59046173095703,1338.5999755859375,29.020000457763672
2008-01-24,96.39736938476562,1352.0699462890625,27.780000686645508
2008-01-25,95.0049057006836,1330.6099853515625,29.079999923706055
2008-01-28,96.57591247558594,1353.9599609375,27.780000686645508
2008-01-29,97.0543441772461,1362.300048828125,27.31999969482422
2008-01-30,96.34024810791016,1355.81005859375,27.6200008392334
2008-01-31,98.09696960449219,1378.550048828125,26.200000762939453
2008-02-01,99.67514038085938,1395.4200439453125,24.020000457763672
2008-02-04,98.4183349609375,1380.8199462890625,25.989999771118164
2008-02-05,95.78323364257812,1336.6400146484375,28.239999771118164
2008-02-06,95.01202392578125,1326.449951171875,28.969999313354492
2008-02-07,95.64044952392578,1336.9100341796875,27.65999984741211
2008-02-08,95.02629852294922,1331.2900390625,28.010000228881836
2008-02-11,95.51188659667969,1339.1300048828125,27.600000381469727
2008-02-12,96.39736938476562,1348.8599853515625,26.329999923706055
2008-02-13,97.3828353881836,1367.2099609375,24.8799991607666
2008-02-14,96.52592468261719,1348.8599853515625,25.540000915527344
2008-02-15,96.50453186035156,1349.989990234375,25.020000457763672
2008-02-19,96.77586364746094,1348.780029296875,25.59000015258789
2008-02-20,97.0615005493164,1360.030029296875,24.399999618530273
2008-02-21,96.25457000732422,1342.530029296875,25.1200008392334
2008-02-22,96.84727478027344,1353.1099853515625,24.059999465942383
2008-02-25,98.06836700439453,1371.800048828125,23.030000686645508
2008-02-26,98.80393981933594,1381.2900390625,21.899999618530273
2008-02-27,98.70399475097656,1380.02001953125,22.690000534057617
2008-02-28,97.73988342285156,1367.6800537109375,23.530000686645508
2008-02-29,95.56189727783203,1330.6300048828125,26.540000915527344
2008-03-03,95.33336639404297,1331.3399658203125,26.280000686645508
2008-03-04,94.96917724609375,1326.75,25.520000457763672
2008-03-05,95.56903839111328,1333.699951171875,24.600000381469727
2008-03-06,93.59093475341797,1304.3399658203125,27.549999237060547
2008-03-07,92.62689971923828,1293.3699951171875,27.489999771118164
2008-03-10,91.40576171875,1273.3699951171875,29.3799991607666
2008-03-11,94.690673828125,1320.6500244140625,26.360000610351562
2008-03-12,93.80519104003906,1308.77001953125,27.219999313354492
2008-03-13,94.01226043701172,1315.47998046875,27.290000915527344
2008-03-14,92.55545806884766,1288.1400146484375,31.15999984741211
2008-03-17,91.6200180053711,1276.5999755859375,32.2400016784668
2008-03-18,95.42619323730469,1330.739990234375,25.790000915527344
2008-03-19,93.0625228881836,1298.4200439453125,29.84000015258789
2008-03-20,94.78628540039062,1329.510009765625,26.6200008392334
2008-03-24,96.68087768554688,1349.8800048828125,25.729999542236328
2008-03-25,96.77417755126953,1352.989990234375,25.719999313354492
2008-03-26,95.59005737304688,1341.1300048828125,26.079999923706055
2008-03-27,95.28863525390625,1325.760009765625,25.8799991607666
2008-03-28,94.3772201538086,1315.219970703125,25.709999084472656
2008-03-31,94.70732879638672,1322.699951171875,25.610000610351562
2008-04-01,98.03719329833984,1370.1800537109375,22.68000030517578
2008-04-02,98.10181427001953,1367.530029296875,23.43000030517578
2008-04-03,98.34576416015625,1369.31005859375,23.209999084472656
2008-04-04,98.23815155029297,1370.4000244140625,22.450000762939453
2008-04-07,98.28836059570312,1372.5400390625,22.420000076293945
2008-04-08,98.18791961669922,1365.5400390625,22.360000610351562
2008-04-09,97.47747039794922,1354.489990234375,22.809999465942383
2008-04-10,97.6137924194336,1360.550048828125,21.979999542236328
2008-04-11,95.71925354003906,1332.8299560546875,23.459999084472656
2008-04-14,95.39627075195312,1328.3199462890625,23.81999969482422
2008-04-15,95.61872863769531,1334.4300537109375,22.780000686645508
2008-04-16,98.20947265625,1364.7099609375,20.530000686645508
2008-04-17,98.35298156738281,1365.56005859375,20.3700008392334
2008-04-18,99.37920379638672,1390.3299560546875,20.1299991607666
2008-04-21,99.42945861816406,1388.1700439453125,20.5
2008-04-22,98.9916763305664,1375.93994140625,20.8700008392334
2008-04-23,98.83377838134766,1379.9300537109375,20.260000228881836
2008-04-24,99.26437377929688,1388.8199462890625,20.059999465942383
2008-04-25,100.18294525146484,1397.8399658203125,19.59000015258789
2008-04-28,100.20452117919922,1396.3699951171875,19.639999389648438
2008-04-29,99.8097915649414,1390.93994140625,20.239999771118164
2008-04-30,99.22132110595703,1385.5899658203125,20.790000915527344
2008-05-01,101.27375793457031,1409.3399658203125,18.8799991607666
2008-05-02,101.5536117553711,1413.9000244140625,18.18000030517578
2008-05-05,101.065673828125,1407.489990234375,18.899999618530273
2008-05-06,101.94122314453125,1418.260009765625,18.209999084472656
2008-05-07,100.12552642822266,1392.5699462890625,19.729999542236328
2008-05-08,99.86717224121094,1397.6800537109375,19.399999618530273
2008-05-09,99.68061828613281,1388.280029296875,19.40999984741211
2008-05-12,100.80013275146484,1403.5799560546875,17.790000915527344
2008-05-13,100.81449890136719,1403.0400390625,17.979999542236328
2008-05-14,101.0225830078125,1408.6600341796875,17.65999984741211
2008-05-15,102.28565979003906,1423.5699462890625,16.299999237060547
2008-05-16,102.37899017333984,1425.3499755859375,16.469999313354492
2008-05-19,102.65882873535156,1426.6300048828125,17.010000228881836
2008-05-20,101.82637023925781,1413.4000244140625,17.579999923706055
2008-05-21,100.10401153564453,1390.7099609375,18.59000015258789
2008-05-22,100.11837768554688,1394.3499755859375,18.049999237060547
2008-05-23,98.7763900756836,1375.9300537109375,19.549999237060547
2008-05-27,99.50837707519531,1385.3499755859375,19.639999389648438
2008-05-28,99.9676513671875,1390.8399658203125,19.06999969482422
2008-05-29,100.47000885009766,1398.260009765625,18.139999389648438
2008-05-30,100.72119903564453,1400.3800048828125,17.829999923706055
2008-06-02,99.68061828613281,1385.6700439453125,19.829999923706055
2008-06-03,99.09931945800781,1377.6500244140625,20.239999771118164
2008-06-04,99.04911041259766,1377.199951171875,20.799999237060547
2008-06-05,101.02975463867188,1404.050048828125,18.6299991607666
2008-06-06,97.80753326416016,1360.6800537109375,23.559999465942383
2008-06-09,98.04437255859375,1361.760009765625,23.1200008392334
2008-06-10,97.55636596679688,1358.43994140625,23.18000030517578
2008-06-11,96.1211166381836,1335.489990234375,24.1200008392334
2008-06-12,96.48709106445312,1339.8699951171875,23.329999923706055
2008-06-13,97.7070541381836,1360.030029296875,21.219999313354492
2008-06-16,97.7645492553711,1360.1400146484375,20.950000762939453
2008-06-17,97.2908935546875,1350.9300537109375,21.1299991607666
2008-06-18,96.34356689453125,1337.81005859375,22.239999771118164
2008-06-19,96.46554565429688,1342.8299560546875,21.579999923706055
2008-06-20,94.89979553222656,1317.9300537109375,22.8700008392334
2008-06-23,94.80601501464844,1318.0,22.639999389648438
2008-06-24,94.61849212646484,1314.2900390625,22.420000076293945
2008-06-25,95.0656509399414,1321.969970703125,21.139999389648438
2008-06-26,92.48365783691406,1283.1500244140625,23.93000030517578
2008-06-27,91.978759765625,1278.3800048828125,23.440000534057617
2008-06-30,92.30332946777344,1280.0,23.950000762939453
2008-07-01,92.59183502197266,1284.9100341796875,23.649999618530273
2008-07-02,91.0051040649414,1261.52001953125,25.920000076293945
2008-07-03,91.09888458251953,1262.9000244140625,24.780000686645508
2008-07-07,90.16847229003906,1252.31005859375,25.780000686645508
2008-07-08,91.76961517333984,1273.699951171875,23.149999618530273
2008-07-09,90.0025863647461,1244.68994140625,25.229999542236328
2008-07-10,90.37042999267578,1253.3900146484375,25.59000015258789
2008-07-11,89.31745910644531,1239.489990234375,27.489999771118164
2008-07-14,88.5096664428711,1228.300048828125,28.479999542236328
2008-07-15,87.26190185546875,1214.9100341796875,28.540000915527344
2008-07-16,89.40393829345703,1245.3599853515625,25.100000381469727
2008-07-17,90.29830932617188,1260.3199462890625,25.010000228881836
2008-07-18,90.86087799072266,1260.6800537109375,24.049999237060547
2008-07-21,90.91133880615234,1260.0,23.049999237060547
2008-07-22,91.94271087646484,1277.0,21.18000030517578
2008-07-23,92.44036865234375,1282.18994140625,21.309999465942383
2008-07-24,90.52189636230469,1252.5400390625,23.440000534057617
2008-07-25,90.5002670288086,1257.760009765625,22.90999984741211
2008-07-28,89.17317962646484,1234.3699951171875,24.229999542236328
2008-07-29,91.0772476196289,1263.199951171875,22.030000686645508
2008-07-30,92.69998168945312,1284.260009765625,21.209999084472656
2008-07-31,91.47390747070312,1267.3800048828125,22.940000534057617
2008-08-01,90.99069213867188,1260.31005859375,22.56999969482422
2008-08-04,90.14683532714844,1249.010009765625,23.489999771118164
2008-08-05,92.5774154663086,1284.8800048828125,21.139999389648438
2008-08-06,92.98848724365234,1289.18994140625,20.229999542236328
2008-08-07,91.603759765625,1266.0699462890625,21.149999618530273
2008-08-08,93.30582427978516,1296.3199462890625,20.65999984741211
2008-08-11,94.27230834960938,1305.3199462890625,20.1200008392334
2008-08-12,93.29145812988281,1289.5899658203125,21.170000076293945
2008-08-13,92.72883605957031,1285.8299560546875,21.549999237060547
2008-08-14,93.4284439086914,1292.9300537109375,20.34000015258789
2008-08-15,93.88280487060547,1298.199951171875,19.579999923706055
2008-08-18,92.59902954101562,1278.5999755859375,20.979999542236328
2008-08-19,91.58929443359375,1266.68994140625,21.280000686645508
2008-08-20,92.01486206054688,1274.5400390625,20.420000076293945
2008-08-21,92.17353057861328,1277.719970703125,19.81999969482422
2008-08-22,93.5078125,1292.199951171875,18.809999465942383
2008-08-25,91.61096954345703,1266.8399658203125,20.969999313354492
2008-08-26,91.8777847290039,1271.510009765625,20.489999771118164
2008-08-27,92.77216339111328,1281.6600341796875,19.760000228881836
2008-08-28,93.89725494384766,1300.6800537109375,19.43000030517578
2008-08-29,92.88752746582031,1282.8299560546875,20.649999618530273
2008-09-02,92.3105697631836,1277.5799560546875,21.989999771118164
2008-09-03,92.23119354248047,1274.97998046875,21.43000030517578
2008-09-04,89.4544448852539,1236.8299560546875,24.030000686645508
2008-09-05,89.7357406616211,1242.31005859375,23.059999465942383
2008-09-08,91.58929443359375,1267.7900390625,22.639999389648438
2008-09-09,88.87026977539062,1224.510009765625,25.469999313354492
2008-09-10,89.23084259033203,1232.0400390625,24.520000457763672
2008-09-11,90.52189636230469,1249.050048828125,24.389999389648438
2008-09-12,90.94017791748047,1251.699951171875,25.65999984741211
2008-09-15,86.61278533935547,1192.699951171875,31.700000762939453
2008-09-16,88.06250762939453,1213.5999755859375,30.299999237060547
2008-09-17,84.1029052734375,1156.3900146484375,36.220001220703125
2008-09-18,86.59835815429688,1206.510009765625,33.099998474121094
2008-09-19,90.03754425048828,1255.0799560546875,32.06999969482422
2008-09-22,87.9991226196289,1207.0899658203125,33.849998474121094
2008-09-23,85.99703216552734,1188.219970703125,35.720001220703125
2008-09-24,86.27266693115234,1185.8699951171875,35.189998626708984
2008-09-25,87.6219482421875,1209.1800537109375,32.81999969482422
2008-09-26,87.66545104980469,1213.27001953125,34.7400016784668
2008-09-29,80.79584503173828,1106.4200439453125,46.720001220703125
2008-09-30,84.13998413085938,1166.3599853515625,39.38999938964844
2008-10-01,84.1907730102539,1161.06005859375,39.810001373291016
2008-10-02,81.13681030273438,1114.280029296875,45.2599983215332
2008-10-03,80.04141235351562,1099.22998046875,45.13999938964844
2008-10-06,75.9646224975586,1056.8900146484375,52.04999923706055
2008-10-07,72.56246948242188,996.22998046875,53.68000030517578
2008-10-08,70.73441314697266,984.9400024414062,57.529998779296875
2008-10-09,65.79443359375,909.9199829101562,63.91999816894531
2008-10-10,64.19853973388672,899.219970703125,69.94999694824219
2008-10-13,73.52001953125,1003.3499755859375,54.9900016784668
2008-10-14,72.43190002441406,998.010009765625,55.130001068115234
2008-10-15,65.30118560791016,907.8400268554688,69.25
2008-10-16,68.02140808105469,946.4299926757812,67.61000061035156
2008-10-17,67.61518859863281,940.5499877929688,70.33000183105469
2008-10-20,71.67747497558594,985.4000244140625,52.970001220703125
2008-10-21,69.53754425048828,955.0499877929688,53.11000061035156
2008-10-22,65.75090789794922,896.780029296875,69.6500015258789
2008-10-23,66.51260375976562,908.1099853515625,67.80000305175781
2008-10-24,63.139434814453125,876.77001953125,79.12999725341797
2008-10-27,60.89792251586914,848.9199829101562,80.05999755859375
2008-10-28,68.01416778564453,940.510009765625,66.95999908447266
2008-10-29,67.52088165283203,930.0900268554688,69.95999908447266
2008-10-30,69.85672760009766,954.0900268554688,62.900001525878906
2008-10-31,70.24119567871094,968.75,59.88999938964844
2008-11-03,70.44429779052734,966.2999877929688,53.68000030517578
2008-11-04,72.8381576538086,1005.75,47.72999954223633
2008-11-05,69.77692413330078,952.77001953125,54.560001373291016
2008-11-06,65.91048431396484,904.8800048828125,63.68000030517578
2008-11-07,68.08671569824219,930.989990234375,56.099998474121094
2008-11-10,67.19450378417969,919.2100219726562,59.97999954223633
2008-11-11,65.11978912353516,898.9500122070312,61.439998626708984
2008-11-12,62.254451751708984,852.2999877929688,66.45999908447266
2008-11-13,66.1353530883789,911.2899780273438,59.83000183105469
2008-11-14,62.834774017333984,873.2899780273438,66.30999755859375
2008-11-17,62.000526428222656,850.75,69.1500015258789
2008-11-18,63.168460845947266,859.1199951171875,67.63999938964844
2008-11-19,59.12070846557617,806.5800170898438,74.26000213623047
2008-11-20,54.73196792602539,752.4400024414062,80.86000061035156
2008-11-21,57.684391021728516,800.030029296875,72.66999816894531
2008-11-24,61.68135070800781,851.8099975585938,64.69999694824219
2008-11-25,62.13841247558594,857.3900146484375,60.900001525878906
2008-11-26,64.53948974609375,887.6799926757812,54.91999816894531
2008-11-28,65.35192108154297,896.239990234375,55.279998779296875
2008-12-01,59.56317901611328,816.2100219726562,68.51000213623047
2008-12-02,61.8554573059082,848.8099975585938,62.97999954223633
2008-12-03,63.34251403808594,870.739990234375,60.720001220703125
2008-12-04,61.87723922729492,845.219970703125,63.63999938964844
2008-12-05,63.78505325317383,876.0700073242188,59.93000030517578
2008-12-08,66.0120849609375,909.7000122070312,58.4900016784668
2008-12-09,64.9239501953125,888.6699829101562,58.90999984741211
2008-12-10,65.3664321899414,899.239990234375,55.72999954223633
2008-12-11,63.792301177978516,873.5900268554688,55.779998779296875
2008-12-12,64.55398559570312,879.72998046875,54.279998779296875
2008-12-15,63.654483795166016,868.5700073242188,56.7599983215332
2008-12-16,66.65040588378906,913.1799926757812,52.369998931884766
2008-12-17,66.00479125976562,904.4199829101562,49.84000015258789
2008-12-18,64.77159118652344,885.280029296875,47.34000015258789
2008-12-19,64.49295806884766,887.8800048828125,44.93000030517578
2008-12-22,63.66659927368164,871.6300048828125,44.560001373291016
2008-12-23,63.00846862792969,863.1599731445312,45.02000045776367
2008-12-24,63.37411117553711,868.1500244140625,44.209999084472656
2008-12-26,63.73978042602539,872.7999877929688,43.380001068115234
2008-12-29,63.55693435668945,869.4199829101562,43.900001525878906
2008-12-30,65.06340789794922,890.6400146484375,41.630001068115234
2008-12-31,65.99211120605469,903.25,40.0
2009-01-02,67.98123931884766,931.7999877929688,39.189998626708984
2009-01-05,67.90083312988281,927.4500122070312,39.08000183105469
2009-01-06,68.35420227050781,934.7000122070312,38.560001373291016
2009-01-07,66.30656433105469,906.6500244140625,43.38999938964844
2009-01-08,66.57717895507812,909.72998046875,42.560001373291016
2009-01-09,65.15113067626953,890.3499755859375,42.81999969482422
2009-01-12,63.586151123046875,870.260009765625,45.84000015258789
2009-01-13,63.70322036743164,871.7899780273438,43.27000045776367
2009-01-14,61.699459075927734,842.6199951171875,49.13999938964844
2009-01-15,61.72135925292969,843.739990234375,51.0
2009-01-16,62.20401382446289,850.1199951171875,46.11000061035156
2009-01-20,58.92050552368164,805.219970703125,56.650001525878906
2009-01-21,61.46540832519531,840.239990234375,46.41999816894531
2009-01-22,60.5147590637207,827.5,47.290000915527344
2009-01-23,60.77798080444336,831.9500122070312,47.27000045776367
2009-01-26,61.1948356628418,836.5700073242188,45.689998626708984
2009-01-27,61.8164176940918,845.7100219726562,42.25
2009-01-28,63.90796661376953,874.0900268554688,39.65999984741211
2009-01-29,61.83107376098633,845.1400146484375,42.630001068115234
2009-01-30,60.57322692871094,825.8800048828125,44.84000015258789
2009-02-02,60.390411376953125,825.4400024414062,45.52000045776367
2009-02-03,61.23873519897461,838.510009765625,43.060001373291016
2009-02-04,60.93889236450195,832.22998046875,43.849998474121094
2009-02-05,61.845703125,845.8499755859375,43.72999954223633
2009-02-06,63.608154296875,868.5999755859375,43.369998931884766
2009-02-09,63.69585418701172,869.8900146484375,43.63999938964844
2009-02-10,60.77798080444336,827.1599731445312,46.66999816894531
2009-02-11,61.13633728027344,833.739990234375,44.529998779296875
2009-02-12,61.180240631103516,835.1900024414062,41.25
2009-02-13,60.52201843261719,826.8400268554688,42.93000030517578
2009-02-17,57.93326187133789,789.1699829101562,48.65999984741211
2009-02-18,57.794288635253906,788.4199829101562,48.459999084472656
2009-02-19,57.17271423339844,778.9400024414062,47.08000183105469
2009-02-20,56.61692810058594,770.0499877929688,49.29999923706055
2009-02-23,54.59124755859375,743.3300170898438,52.619998931884766
2009-02-24,56.660797119140625,773.1400146484375,45.4900016784668
2009-02-25,56.2147216796875,764.9000244140625,44.66999816894531
2009-02-26,55.30058670043945,752.8300170898438,44.65999984741211
2009-02-27,54.0646858215332,735.0900268554688,46.349998474121094
2009-03-02,51.629512786865234,700.8200073242188,52.650001525878906
2009-03-03,51.24189376831055,696.3300170898438,50.93000030517578
2009-03-04,52.45586395263672,712.8699951171875,47.560001373291016
2009-03-05,50.313175201416016,682.5499877929688,50.16999816894531
2009-03-06,50.40092086791992,683.3800048828125,49.33000183105469
2009-03-09,49.80856704711914,676.530029296875,49.68000030517578
2009-03-10,52.77762985229492,719.5999755859375,44.369998931884766
2009-03-11,53.121341705322266,721.3599853515625,43.61000061035156
2009-03-12,55.21281051635742,750.739990234375,41.18000030517578
2009-03-13,55.64430236816406,756.5499877929688,42.36000061035156
2009-03-16,55.476112365722656,753.8900146484375,43.7400016784668
2009-03-17,57.17271423339844,778.1199951171875,40.79999923706055
2009-03-18,58.452457427978516,794.3499755859375,40.060001373291016
2009-03-19,57.7285041809082,784.0399780273438,43.68000030517578
2009-03-20,56.49923324584961,768.5399780273438,45.88999938964844
2009-03-23,60.5574951171875,822.9199829101562,43.22999954223633
2009-03-24,59.36433410644531,806.1199951171875,42.93000030517578
2009-03-25,59.99037551879883,813.8800048828125,42.25
2009-03-26,61.21300506591797,832.8599853515625,40.36000061035156
2009-03-27,60.10824966430664,815.9400024414062,41.040000915527344
2009-03-30,58.031192779541016,787.530029296875,45.540000915527344
2009-03-31,58.56888961791992,797.8699951171875,44.13999938964844
2009-04-01,59.703163146972656,811.0800170898438,42.279998779296875
2009-04-02,61.44871139526367,834.3800048828125,42.040000915527344
2009-04-03,62.060020446777344,842.5,39.70000076293945
2009-04-06,61.573917388916016,835.47998046875,40.93000030517578
2009-04-07,60.137672424316406,815.5499877929688,40.38999938964844
2009-04-08,60.78582763671875,825.1599731445312,38.849998474121094
2009-04-09,63.201637268066406,856.5599975585938,36.529998779296875
2009-04-13,63.21638107299805,858.72998046875,37.810001373291016
2009-04-14,62.12630844116211,841.5,37.66999816894531
2009-04-15,62.78919219970703,852.0599975585938,36.16999816894531
2009-04-16,63.7098274230957,865.2999877929688,35.790000915527344
2009-04-17,64.13705444335938,869.5999755859375,33.939998626708984
2009-04-20,61.44871139526367,832.3900146484375,39.18000030517578
2009-04-21,62.64926528930664,850.0800170898438,37.13999938964844
2009-04-22,62.26625061035156,843.5499877929688,38.099998474121094
2009-04-23,62.877593994140625,851.9199829101562,37.150001525878906
2009-04-24,63.82768630981445,866.22998046875,36.81999969482422
2009-04-27,63.22377395629883,857.510009765625,38.31999969482422
2009-04-28,63.02488708496094,855.1599731445312,37.95000076293945
2009-04-29,64.36539459228516,873.6400146484375,36.08000183105469
2009-04-30,64.3874740600586,872.8099975585938,36.5
2009-05-01,64.73363494873047,877.52001953125,35.29999923706055
2009-05-04,66.93584442138672,907.239990234375,34.529998779296875
2009-05-05,66.7075424194336,903.7999877929688,33.36000061035156
2009-05-06,67.8638916015625,919.530029296875,32.45000076293945
2009-05-07,66.92113494873047,907.3900146484375,33.439998626708984
2009-05-08,68.48257446289062,929.22998046875,32.04999923706055
2009-05-11,67.20099639892578,909.239990234375,32.869998931884766
2009-05-12,67.00214385986328,908.3499755859375,31.799999237060547
2009-05-13,65.31549072265625,883.9199829101562,33.650001525878906
2009-05-14,65.8752670288086,893.0700073242188,31.3700008392334
2009-05-15,65.33760070800781,882.8800048828125,33.119998931884766
2009-05-18,67.19363403320312,909.7100219726562,30.239999771118164
2009-05-19,67.1126480102539,908.1300048828125,28.799999237060547
2009-05-20,66.66336059570312,903.469970703125,29.030000686645508
2009-05-21,65.70586395263672,888.3300170898438,31.350000381469727
2009-05-22,65.56591796875,887.0,32.630001068115234
2009-05-26,67.24520111083984,910.3300170898438,30.6200008392334
2009-05-27,66.04464721679688,893.0599975585938,32.36000061035156
2009-05-28,66.96533203125,906.8300170898438,31.670000076293945
2009-05-29,68.15113830566406,919.1400146484375,28.920000076293945
2009-06-01,69.80094146728516,942.8699951171875,30.040000915527344
2009-06-02,69.85990905761719,944.739990234375,29.6299991607666
2009-06-03,68.9760513305664,931.760009765625,31.020000457763672
2009-06-04,69.62421417236328,942.4600219726562,30.18000030517578
2009-06-05,69.63893127441406,940.0900268554688,29.6200008392334
2009-06-08,69.35166931152344,939.1400146484375,29.770000457763672
2009-06-09,69.70524597167969,942.4299926757812,28.270000457763672
2009-06-10,69.52845001220703,939.1500244140625,28.459999084472656
2009-06-11,69.83779907226562,944.8900146484375,28.110000610351562
2009-06-12,70.02931213378906,946.2100219726562,28.149999618530273
2009-06-15,68.42364501953125,923.719970703125,30.809999465942383
2009-06-16,67.4956283569336,911.969970703125,32.68000030517578
2009-06-17,67.42933654785156,910.7100219726562,31.540000915527344
2009-06-18,67.92282104492188,918.3699951171875,30.030000686645508
2009-06-19,68.17316436767578,921.22998046875,27.989999771118164
2009-06-22,66.12886810302734,893.0399780273438,31.170000076293945
2009-06-23,66.18070983886719,895.0999755859375,30.579999923706055
2009-06-24,66.75102996826172,900.9400024414062,29.049999237060547
2009-06-25,68.20279693603516,920.260009765625,26.360000610351562
2009-06-26,68.02501678466797,918.9000244140625,25.93000030517578
2009-06-29,68.66202545166016,927.22998046875,25.350000381469727
2009-06-30,68.10649871826172,919.3200073242188,26.350000381469727
2009-07-01,68.38796997070312,923.3300170898438,26.219999313354492
2009-07-02,66.52140808105469,896.4199829101562,27.950000762939453
2009-07-06,66.51400756835938,898.719970703125,29.0
2009-07-07,65.2252197265625,881.030029296875,30.850000381469727
2009-07-08,65.1807632446289,879.5599975585938,31.299999237060547
2009-07-09,65.30672454833984,882.6799926757812,29.780000686645508
2009-07-10,65.15113830566406,879.1300048828125,29.020000457763672
2009-07-13,66.73623657226562,901.0499877929688,26.309999465942383
2009-07-14,67.1139907836914,905.8400268554688,25.020000457763672
2009-07-15,69.07682800292969,932.6799926757812,25.889999389648438
2009-07-16,68.9656982421875,940.739990234375,25.420000076293945
2009-07-17,69.72122955322266,940.3800048828125,24.34000015258789
2009-07-20,70.46186828613281,951.1300048828125,24.399999618530273
2009-07-21,70.78780364990234,954.5800170898438,23.8700008392334
2009-07-22,70.77296447753906,954.0700073242188,23.469999313354492
2009-07-23,72.33586120605469,976.2899780273438,23.43000030517578
2009-07-24,72.63214111328125,979.260009765625,23.09000015258789
2009-07-27,72.84691619873047,982.1799926757812,24.280000686645508
2009-07-28,72.50623321533203,979.6199951171875,25.010000228881836
2009-07-29,72.32844543457031,975.1500244140625,25.610000610351562
2009-07-30,73.08393859863281,986.75,25.399999618530273
2009-07-31,73.18763732910156,987.47998046875,25.920000076293945
2009-08-03,74.39496612548828,1002.6300048828125,25.559999465942383
2009-08-04,74.58753967285156,1005.6500244140625,24.889999389648438
2009-08-05,74.37274169921875,1002.719970703125,24.899999618530273
2009-08-06,73.98761749267578,997.0800170898438,25.670000076293945
2009-08-07,74.95789337158203,1010.47998046875,24.760000228881836
2009-08-10,74.8023452758789,1007.0999755859375,24.989999771118164
2009-08-11,73.86907196044922,994.3499755859375,25.989999771118164
2009-08-12,74.66160583496094,1005.8099975585938,25.450000762939453
2009-08-13,75.23191833496094,1012.72998046875,24.709999084472656
2009-08-14,74.65422058105469,1004.0900268554688,24.270000457763672
2009-08-17,72.81729888916016,979.72998046875,27.889999389648438
2009-08-18,73.39503479003906,989.6699829101562,26.18000030517578
2009-08-19,74.03942108154297,996.4600219726562,26.260000228881836
2009-08-20,74.8023452758789,1007.3699951171875,25.09000015258789
2009-08-21,76.26890563964844,1026.1300048828125,25.010000228881836
2009-08-24,76.26151275634766,1025.5699462890625,25.139999389648438
2009-08-25,76.40961456298828,1028.0,24.920000076293945
2009-08-26,76.41705322265625,1028.1199951171875,24.950000762939453
2009-08-27,76.5874252319336,1030.97998046875,24.68000030517578
2009-08-28,76.57260131835938,1028.9300537109375,24.760000228881836
2009-08-31,75.89116668701172,1020.6199951171875,26.010000228881836
2009-09-01,74.21720886230469,998.0399780273438,29.149999618530273
2009-09-02,73.93569946289062,994.75,28.899999618530273
2009-09-03,74.55052947998047,1003.239990234375,27.100000381469727
2009-09-04,75.59487915039062,1016.4000244140625,25.260000228881836
2009-09-08,76.2467041015625,1025.3900146484375,25.6200008392334
2009-09-09,76.8318099975586,1033.3699951171875,24.31999969482422
2009-09-10,77.61693572998047,1044.1400146484375,23.549999237060547
2009-09-11,77.60215759277344,1042.72998046875,24.149999618530273
2009-09-14,77.97991943359375,1049.3399658203125,23.860000610351562
2009-09-15,78.30582427978516,1052.6300048828125,23.420000076293945
2009-09-16,79.49091339111328,1068.760009765625,23.690000534057617
2009-09-17,79.37242889404297,1065.489990234375,23.649999618530273
2009-09-18,79.42302703857422,1068.300048828125,23.920000076293945
2009-09-21,79.22208404541016,1064.6600341796875,24.059999465942383
2009-09-22,79.6834945678711,1071.6600341796875,23.079999923706055
2009-09-23,79.0211410522461,1060.8699951171875,23.489999771118164
2009-09-24,78.15040588378906,1050.780029296875,24.950000762939453
2009-09-25,77.73362731933594,1044.3800048828125,25.610000610351562
2009-09-28,79.12535095214844,1062.97998046875,24.8799991607666
2009-09-29,78.88714599609375,1060.6099853515625,25.190000534057617
2009-09-30,78.58206176757812,1057.0799560546875,25.610000610351562
2009-10-01,76.63216400146484,1029.8499755859375,28.270000457763672
2009-10-02,76.27499389648438,1025.2099609375,28.68000030517578
2009-10-05,77.4135971069336,1040.4599609375,26.84000015258789
2009-10-06,78.52249908447266,1054.719970703125,25.700000762939453
2009-10-07,78.73833465576172,1057.5799560546875,24.68000030517578
2009-10-08,79.34115600585938,1065.47998046875,24.18000030517578
2009-10-09,79.82488250732422,1071.489990234375,23.1200008392334
2009-10-12,80.13746643066406,1076.18994140625,23.010000228881836
2009-10-13,79.97373962402344,1073.18994140625,22.989999771118164
2009-10-14,81.35054779052734,1092.02001953125,22.860000610351562
2009-10-15,81.64820861816406,1096.56005859375,21.719999313354492
2009-10-16,81.03795623779297,1087.6800537109375,21.43000030517578
2009-10-19,81.70775604248047,1097.9100341796875,21.489999771118164
2009-10-20,81.27613067626953,1091.06005859375,20.899999618530273
2009-10-21,80.54676818847656,1081.4000244140625,22.219999313354492
2009-10-22,81.36542510986328,1092.9100341796875,20.690000534057617
2009-10-23,80.43517303466797,1079.5999755859375,22.270000457763672
2009-10-26,79.56439971923828,1066.949951171875,24.309999465942383
2009-10-27,79.19977569580078,1063.4100341796875,24.829999923706055
2009-10-28,77.70384979248047,1042.6300048828125,27.90999984741211
2009-10-29,79.37091064453125,1066.1099853515625,24.760000228881836
2009-10-30,77.07129669189453,1036.18994140625,30.690000534057617
2009-11-02,77.63688659667969,1042.8800048828125,29.780000686645508
2009-11-03,77.88247680664062,1045.4100341796875,28.809999465942383
2009-11-04,78.08341979980469,1046.5,27.719999313354492
2009-11-05,79.519775390625,1066.6300048828125,25.43000030517578
2009-11-06,79.72813415527344,1069.300048828125,24.190000534057617
2009-11-09,81.54402923583984,1093.0799560546875,23.149999618530273
2009-11-10,81.55889892578125,1093.010009765625,22.84000015258789
2009-11-11,81.97570037841797,1098.510009765625,23.040000915527344
2009-11-12,81.14215850830078,1087.239990234375,24.239999771118164
2009-11-13,81.5812759399414,1093.47998046875,23.360000610351562
2009-11-16,82.76456451416016,1109.300048828125,22.889999389648438
2009-11-17,82.86126708984375,1110.3199462890625,22.40999984741211
2009-11-18,82.80918884277344,1109.800048828125,21.6299991607666
2009-11-19,81.7301025390625,1094.9000244140625,22.6299991607666
2009-11-20,81.43984985351562,1091.3800048828125,22.190000534057617
2009-11-23,82.47428894042969,1106.239990234375,21.15999984741211
2009-11-24,82.600830078125,1105.6500244140625,20.469999313354492
2009-11-25,82.89107513427734,1110.6300048828125,20.479999542236328
2009-11-27,81.54402923583984,1091.489990234375,24.739999771118164
2009-11-30,81.81940460205078,1095.6300048828125,24.510000228881836
2009-12-01,82.83155822753906,1108.8599853515625,21.920000076293945
2009-12-02,82.79432678222656,1109.239990234375,21.1200008392334
2009-12-03,82.1468734741211,1099.9200439453125,22.459999084472656
2009-12-04,82.61572265625,1105.97998046875,21.25
2009-12-07,82.48919677734375,1103.25,22.100000381469727
2009-12-08,81.57381439208984,1091.93994140625,23.690000534057617
2009-12-09,81.87893676757812,1095.949951171875,22.65999984741211
2009-12-10,82.34032440185547,1102.3499755859375,22.31999969482422
2009-12-11,82.69010925292969,1106.4100341796875,21.59000015258789
2009-12-14,83.25575256347656,1114.1099853515625,21.149999618530273
2009-12-15,82.86874389648438,1107.9300537109375,21.489999771118164
2009-12-16,82.99526977539062,1109.1800537109375,20.540000915527344
2009-12-17,81.99799346923828,1096.0799560546875,22.510000228881836
2009-12-18,82.4619140625,1102.469970703125,21.68000030517578
2009-12-21,83.29993438720703,1114.050048828125,20.489999771118164
2009-12-22,83.5992202758789,1118.02001953125,19.540000915527344
2009-12-23,83.76385498046875,1120.5899658203125,19.709999084472656
2009-12-24,84.16040802001953,1126.47998046875,19.469999313354492
2009-12-28,84.33995819091797,1127.780029296875,19.93000030517578
2009-12-29,84.22025299072266,1126.199951171875,20.010000228881836
2009-12-30,84.19029998779297,1126.4200439453125,19.959999084472656
2009-12-31,83.38221740722656,1115.0999755859375,21.68000030517578
2010-01-04,84.79637145996094,1132.989990234375,20.040000915527344
2010-01-05,85.02084350585938,1136.52001953125,19.350000381469727
2010-01-06,85.08070373535156,1137.1400146484375,19.15999984741211
2010-01-07,85.43986511230469,1141.68994140625,19.059999465942383
2010-01-08,85.72419738769531,1144.97998046875,18.1299991607666
2010-01-11,85.84391021728516,1146.97998046875,17.549999237060547
2010-01-12,85.04328155517578,1136.219970703125,18.25
2010-01-13,85.7615737915039,1145.6800537109375,17.850000381469727
2010-01-14,85.99352264404297,1148.4599609375,17.6299991607666
2010-01-15,85.02831268310547,1136.030029296875,17.90999984741211
2010-01-19,86.09082794189453,1150.22998046875,17.579999923706055
2010-01-20,85.21538543701172,1138.0400390625,18.68000030517578
2010-01-21,83.57678985595703,1116.47998046875,22.270000457763672
2010-01-22,81.71369934082031,1091.760009765625,27.309999465942383
2010-01-25,82.13269805908203,1096.780029296875,25.40999984741211
2010-01-26,81.78849792480469,1092.1700439453125,24.549999237060547
2010-01-27,82.17760467529297,1097.5,23.139999389648438
2010-01-28,81.23481750488281,1084.530029296875,23.729999542236328
2010-01-29,80.3519287109375,1073.8699951171875,24.6200008392334
2010-02-01,81.60144805908203,1089.18994140625,22.59000015258789
2010-02-02,82.58911895751953,1103.3199462890625,21.479999542236328
2010-02-03,82.17760467529297,1097.280029296875,21.600000381469727
2010-02-04,79.64110565185547,1063.1099853515625,26.079999923706055
2010-02-05,79.8056869506836,1066.18994140625,26.110000610351562
2010-02-08,79.22953796386719,1056.739990234375,26.510000228881836
2010-02-09,80.22473907470703,1070.52001953125,26.0
2010-02-10,80.06761169433594,1068.1300048828125,25.399999618530273
2010-02-11,80.90560913085938,1078.469970703125,23.959999084472656
2010-02-12,80.83826446533203,1075.510009765625,22.729999542236328
2010-02-16,82.1102294921875,1094.8699951171875,22.25
2010-02-17,82.49931335449219,1099.510009765625,21.719999313354492
2010-02-18,82.9856185913086,1106.75,20.6299991607666
2010-02-19,83.15777587890625,1109.1700439453125,20.020000457763672
2010-02-22,83.17272186279297,1108.010009765625,19.940000534057617
2010-02-23,82.1626205444336,1094.5999755859375,21.3700008392334
2010-02-24,82.91831970214844,1105.239990234375,20.270000457763672
2010-02-25,82.80608367919922,1102.93994140625,20.100000381469727
2010-02-26,82.85845184326172,1104.489990234375,19.5
2010-03-01,83.71890258789062,1115.7099609375,19.260000228881836
2010-03-02,83.95085906982422,1118.31005859375,19.059999465942383
2010-03-03,84.02568054199219,1118.7900390625,18.829999923706055
2010-03-04,84.28012084960938,1122.969970703125,18.719999313354492
2010-03-05,85.48475646972656,1138.699951171875,17.420000076293945
2010-03-08,85.49972534179688,1138.5,17.790000915527344
2010-03-09,85.64188385009766,1140.449951171875,17.920000076293945
2010-03-10,86.02348327636719,1145.6099853515625,18.56999969482422
2010-03-11,86.38262176513672,1150.239990234375,18.059999465942383
2010-03-12,86.39009857177734,1149.989990234375,17.579999923706055
2010-03-15,86.41253662109375,1150.510009765625,18.0
2010-03-16,87.10091400146484,1159.4599609375,17.690000534057617
2010-03-17,87.6171875,1166.2099609375,16.90999984741211
2010-03-18,87.57227325439453,1165.8299560546875,16.6200008392334
2010-03-19,87.12901306152344,1159.9000244140625,16.969999313354492
2010-03-22,87.59479522705078,1165.81005859375,16.8700008392334
2010-03-23,88.2109146118164,1174.1700439453125,16.350000381469727
2010-03-24,87.78263854980469,1167.719970703125,17.549999237060547
2010-03-25,87.639892578125,1165.72998046875,18.399999618530273
2010-03-26,87.58732604980469,1166.5899658203125,17.770000457763672
2010-03-29,88.14329528808594,1173.219970703125,17.59000015258789
2010-03-30,88.2033920288086,1173.27001953125,17.1299991607666
2010-03-31,87.90286254882812,1169.4300537109375,17.59000015258789
2010-04-01,88.50389862060547,1178.0999755859375,17.469999313354492
2010-04-05,89.2251968383789,1187.43994140625,17.020000457763672
2010-04-06,89.435546875,1189.43994140625,16.229999542236328
2010-04-07,88.92465209960938,1182.449951171875,16.6200008392334
2010-04-08,89.23265838623047,1186.43994140625,16.479999542236328
2010-04-09,89.8187026977539,1194.3699951171875,16.139999389648438
2010-04-12,89.9614486694336,1196.47998046875,15.579999923706055
2010-04-13,90.0290756225586,1197.300048828125,16.200000762939453
2010-04-14,91.05084991455078,1210.6500244140625,15.59000015258789
2010-04-15,91.12598419189453,1211.6700439453125,15.890000343322754
2010-04-16,89.67597961425781,1192.1300048828125,18.360000610351562
2010-04-19,90.0140151977539,1197.52001953125,17.34000015258789
2010-04-20,90.81794738769531,1207.1700439453125,15.729999542236328
2010-04-21,90.65262603759766,1205.93994140625,16.31999969482422
2010-04-22,90.923095703125,1208.6700439453125,16.469999313354492
2010-04-23,91.51664733886719,1217.280029296875,16.6200008392334
2010-04-26,91.17105102539062,1212.050048828125,17.469999313354492
2010-04-27,89.01480102539062,1183.7099609375,22.809999465942383
2010-04-28,89.69094848632812,1191.3599853515625,21.079999923706055
2010-04-29,90.80291748046875,1206.780029296875,18.440000534057617
2010-04-30,89.26274108886719,1186.68994140625,22.049999237060547
2010-05-03,90.41972351074219,1202.260009765625,20.190000534057617
2010-05-04,88.29356384277344,1173.5999755859375,23.84000015258789
2010-05-05,87.76763153076172,1165.8699951171875,24.90999984741211
2010-05-06,84.85256958007812,1128.1500244140625,32.79999923706055
2010-05-07,83.59037017822266,1110.8800048828125,40.95000076293945
2010-05-10,87.27176666259766,1159.72998046875,28.84000015258789
2010-05-11,87.02383422851562,1155.7900390625,28.31999969482422
2010-05-12,88.24095153808594,1171.6700439453125,25.520000457763672
2010-05-13,87.14404296875,1157.43994140625,26.68000030517578
2010-05-14,85.56629943847656,1135.6800537109375,31.239999771118164
2010-05-17,85.61138153076172,1136.93994140625,30.84000015258789
2010-05-18,84.44685363769531,1120.800048828125,33.54999923706055
2010-05-19,83.96601104736328,1115.050048828125,35.31999969482422
2010-05-20,80.79551696777344,1071.5899658203125,45.790000915527344
2010-05-21,81.97505950927734,1087.68994140625,40.099998474121094
2010-05-24,80.9232177734375,1073.6500244140625,38.31999969482422
2010-05-25,81.0058822631836,1074.030029296875,34.61000061035156
2010-05-26,80.5175552368164,1067.949951171875,35.02000045776367
2010-05-27,83.2146987915039,1103.06005859375,29.68000030517578
2010-05-28,82.17042541503906,1089.4100341796875,32.06999969482422
2010-06-01,80.78797912597656,1070.7099609375,35.540000915527344
2010-06-02,82.89163208007812,1098.3800048828125,30.170000076293945
2010-06-03,83.17715454101562,1102.8299560546875,29.459999084472656
2010-06-04,80.2545394897461,1064.8800048828125,35.47999954223633
2010-06-07,79.25535583496094,1050.469970703125,36.56999969482422
2010-06-08,80.10430145263672,1062.0,33.70000076293945
2010-06-09,79.67605590820312,1055.68994140625,33.72999954223633
2010-06-10,82.00511169433594,1086.8399658203125,30.56999969482422
2010-06-11,82.40331268310547,1091.5999755859375,28.790000915527344
2010-06-14,82.27559661865234,1089.6300048828125,28.579999923706055
2010-06-15,84.14632415771484,1115.22998046875,25.8700008392334
2010-06-16,84.11628723144531,1114.6099853515625,25.920000076293945
2010-06-17,84.2514877319336,1116.0400390625,25.049999237060547
2010-06-18,84.34285736083984,1117.510009765625,23.950000762939453
2010-06-21,84.10128784179688,1113.199951171875,24.8799991607666
2010-06-22,82.71231842041016,1095.31005859375,27.049999237060547
2010-06-23,82.45565795898438,1092.0400390625,26.90999984741211
2010-06-24,81.08931732177734,1073.68994140625,29.739999771118164
2010-06-25,81.42901611328125,1076.760009765625,28.530000686645508
2010-06-28,81.17237091064453,1074.5699462890625,29.0
2010-06-29,78.66615295410156,1041.239990234375,34.130001068115234
2010-06-30,77.9188003540039,1030.7099609375,34.540000915527344
2010-07-01,77.57157135009766,1027.3699951171875,32.86000061035156
2010-07-02,77.1488265991211,1022.5800170898438,30.1200008392334
2010-07-06,77.65460205078125,1028.06005859375,29.649999618530273
2010-07-07,80.1004409790039,1060.27001953125,26.84000015258789
2010-07-08,80.89305114746094,1070.25,25.709999084472656
2010-07-09,81.4969711303711,1077.9599609375,24.979999542236328
2010-07-12,81.54976654052734,1078.75,24.43000030517578
2010-07-13,82.7802734375,1095.3399658203125,24.559999465942383
2010-07-14,82.77267456054688,1095.1700439453125,24.889999389648438
2010-07-15,82.79537200927734,1096.47998046875,25.139999389648438
2010-07-16,80.51560974121094,1064.8800048828125,26.25
2010-07-19,80.99118041992188,1071.25,25.969999313354492
2010-07-20,81.88949584960938,1083.47998046875,23.93000030517578
2010-07-21,80.82512664794922,1069.5899658203125,25.639999389648438
2010-07-22,82.6292495727539,1093.6700439453125,24.6299991607666
2010-07-23,83.3464584350586,1102.6600341796875,23.469999313354492
2010-07-26,84.21452331542969,1115.010009765625,22.729999542236328
2010-07-27,84.20700073242188,1113.8399658203125,23.190000534057617
2010-07-28,83.66346740722656,1106.1300048828125,24.25
2010-07-29,83.25582122802734,1101.530029296875,24.1299991607666
2010-07-30,83.24067687988281,1101.5999755859375,23.5
2010-08-02,85.1203842163086,1125.8599853515625,22.010000228881836
2010-08-03,84.7127456665039,1120.4599609375,22.6299991607666
2010-08-04,85.27891540527344,1127.239990234375,22.209999084472656
2010-08-05,85.18831634521484,1125.81005859375,22.100000381469727
2010-08-06,84.841064453125,1121.6400146484375,21.739999771118164
2010-08-09,85.29399108886719,1127.7900390625,22.139999389648438
2010-08-10,84.8335189819336,1121.06005859375,22.3700008392334
2010-08-11,82.50848388671875,1089.469970703125,25.389999389648438
2010-08-12,82.00271606445312,1083.6099853515625,25.729999542236328
2010-08-13,81.76117706298828,1079.25,26.239999771118164
2010-08-16,81.72342681884766,1079.3800048828125,26.100000381469727
2010-08-17,82.72738647460938,1092.5400390625,24.329999923706055
2010-08-18,82.8783950805664,1094.1600341796875,24.59000015258789
2010-08-19,81.4365463256836,1075.6300048828125,26.440000534057617
2010-08-20,81.17237091064453,1071.68994140625,25.489999771118164
2010-08-23,80.86285400390625,1067.3599853515625,25.65999984741211
2010-08-24,79.66260528564453,1051.8699951171875,27.459999084472656
2010-08-25,79.97209930419922,1055.3299560546875,26.700000762939453
2010-08-26,79.43614959716797,1047.219970703125,27.3700008392334
2010-08-27,80.66658782958984,1064.5899658203125,24.450000762939453
2010-08-30,79.49651336669922,1048.9200439453125,27.209999084472656
2010-08-31,79.49651336669922,1049.3299560546875,26.049999237060547
2010-09-01,81.87439727783203,1080.2900390625,23.889999389648438
2010-09-02,82.6368408203125,1090.0999755859375,23.190000534057617
2010-09-03,83.70874786376953,1104.510009765625,21.309999465942383
2010-09-07,82.76517486572266,1091.8399658203125,23.799999237060547
2010-09-08,83.3464584350586,1098.8699951171875,23.25
2010-09-09,83.73140716552734,1104.1800537109375,22.809999465942383
2010-09-10,84.15414428710938,1109.550048828125,21.989999771118164
2010-09-13,85.09019470214844,1121.9000244140625,21.209999084472656
2010-09-14,85.037353515625,1121.0999755859375,21.559999465942383
2010-09-15,85.3619384765625,1125.0699462890625,22.100000381469727
2010-09-16,85.33926391601562,1124.6600341796875,21.719999313354492
2010-09-17,85.37117004394531,1125.5899658203125,22.010000228881836
2010-09-20,86.67652130126953,1142.7099609375,21.5
2010-09-21,86.50199127197266,1139.780029296875,22.350000381469727
2010-09-22,86.07693481445312,1134.280029296875,22.510000228881836
2010-09-23,85.3787612915039,1124.8299560546875,23.8700008392334
2010-09-24,87.13945007324219,1148.6700439453125,21.709999084472656
2010-09-27,86.72206115722656,1142.1600341796875,22.540000915527344
2010-09-28,87.02561950683594,1147.699951171875,22.600000381469727
2010-09-29,86.87386322021484,1144.72998046875,23.25
2010-09-30,86.61576080322266,1141.199951171875,23.700000762939453
2010-10-01,86.9800796508789,1146.239990234375,22.5
2010-10-04,86.32743072509766,1137.030029296875,23.530000686645508
2010-10-05,88.06536102294922,1160.75,21.760000228881836
2010-10-06,88.05778503417969,1159.969970703125,21.489999771118164
2010-10-07,87.95149993896484,1158.06005859375,21.559999465942383
2010-10-08,88.44481658935547,1165.1500244140625,20.709999084472656
2010-10-11,88.52830505371094,1165.3199462890625,18.959999084472656
2010-10-12,88.80149841308594,1169.77001953125,18.93000030517578
2010-10-13,89.49211120605469,1178.0999755859375,19.06999969482422
2010-10-14,89.14302825927734,1173.81005859375,19.8799991607666
2010-10-15,89.32515716552734,1176.18994140625,19.030000686645508
2010-10-18,89.76533508300781,1184.7099609375,19.09000015258789
2010-10-19,88.58899688720703,1165.9000244140625,20.6299991607666
2010-10-20,89.45417785644531,1178.1700439453125,19.790000915527344
2010-10-21,89.65149688720703,1180.260009765625,19.270000457763672
2010-10-22,89.8184585571289,1183.0799560546875,18.780000686645508
2010-10-25,90.08406829833984,1185.6199951171875,19.850000381469727
2010-10-26,90.0992660522461,1185.6400146484375,20.219999313354492
2010-10-27,89.84123992919922,1182.449951171875,20.709999084472656
2010-10-28,89.85638427734375,1183.780029296875,20.8799991607666
2010-10-29,89.9246826171875,1183.260009765625,21.200000762939453
2010-11-01,89.95508575439453,1184.3800048828125,21.829999923706055
2010-11-02,90.66844940185547,1193.5699462890625,21.56999969482422
2010-11-03,91.03272247314453,1197.9599609375,19.559999465942383
2010-11-04,92.78588104248047,1221.06005859375,18.520000457763672
2010-11-05,93.13494110107422,1225.8499755859375,18.260000228881836
2010-11-08,92.96038055419922,1223.25,18.290000915527344
2010-11-09,92.29255676269531,1213.4000244140625,19.079999923706055
2010-11-10,92.66441345214844,1218.7099609375,18.469999313354492
2010-11-11,92.3153305053711,1213.5400390625,18.639999389648438
2010-11-12,91.22248077392578,1199.2099609375,20.610000610351562
2010-11-15,91.09346008300781,1197.75,20.200000762939453
2010-11-16,89.67427825927734,1178.3399658203125,22.579999923706055
2010-11-17,89.71980285644531,1178.5899658203125,21.760000228881836
2010-11-18,91.0403060913086,1196.68994140625,18.75
2010-11-19,91.29076385498047,1199.72998046875,18.040000915527344
2010-11-22,91.21487426757812,1197.8399658203125,18.3700008392334
2010-11-23,89.89432525634766,1180.72998046875,20.6299991607666
2010-11-24,91.22248077392578,1198.3499755859375,19.559999465942383
2010-11-26,90.15997314453125,1189.4000244140625,22.219999313354492
2010-11-29,90.43318939208984,1187.760009765625,21.530000686645508
2010-11-30,89.9246826171875,1180.550048828125,23.540000915527344
2010-12-01,91.83718872070312,1206.0699462890625,21.360000610351562
2010-12-02,93.01349639892578,1221.530029296875,19.389999389648438
2010-12-03,93.26396179199219,1224.7099609375,18.010000228881836
2010-12-06,93.16532897949219,1223.1199951171875,18.020000457763672
2010-12-07,93.21842956542969,1223.75,17.989999771118164
2010-12-08,93.5599365234375,1228.280029296875,17.739999771118164
2010-12-09,93.92422485351562,1233.0,17.25
2010-12-10,94.47065734863281,1240.4000244140625,17.610000610351562
2010-12-13,94.5313720703125,1240.4599609375,17.549999237060547
2010-12-14,94.61487579345703,1241.5899658203125,17.610000610351562
2010-12-15,94.18226623535156,1235.22998046875,17.940000534057617
2010-12-16,94.72866821289062,1242.8699951171875,17.389999389648438
2010-12-17,94.83015441894531,1243.9100341796875,16.110000610351562
2010-12-20,95.05903625488281,1247.0799560546875,16.40999984741211
2010-12-21,95.66173553466797,1254.5999755859375,16.489999771118164
2010-12-22,95.9592514038086,1258.8399658203125,15.449999809265137
2010-12-23,95.82196044921875,1256.77001953125,16.469999313354492
2010-12-27,95.86009979248047,1257.5400390625,17.670000076293945
2010-12-28,95.99740600585938,1258.510009765625,17.520000457763672
2010-12-29,96.06605529785156,1259.780029296875,17.280000686645508
2010-12-30,95.91349029541016,1257.8800048828125,17.520000457763672
2010-12-31,95.93639373779297,1257.6400146484375,17.75
2011-01-03,96.92817687988281,1271.8699951171875,17.610000610351562
2011-01-04,96.874755859375,1270.199951171875,17.3799991607666
2011-01-05,97.37828826904297,1276.56005859375,17.020000457763672
2011-01-06,97.18756103515625,1273.8499755859375,17.399999618530273
2011-01-07,96.99684143066406,1271.5,17.139999389648438
2011-01-10,96.874755859375,1269.75,17.540000915527344
2011-01-11,97.21806335449219,1274.47998046875,16.889999389648438
2011-01-12,98.09544372558594,1285.9599609375,16.239999771118164
2011-01-13,97.93521118164062,1283.760009765625,16.389999389648438
2011-01-14,98.6447525024414,1293.239990234375,15.460000038146973
2011-01-18,98.81256866455078,1295.02001953125,15.869999885559082
2011-01-19,97.8436508178711,1281.9200439453125,17.309999465942383
2011-01-20,97.7139663696289,1280.260009765625,17.989999771118164
2011-01-21,97.93521118164062,1283.3499755859375,18.469999313354492
2011-01-24,98.49211883544922,1290.8399658203125,17.649999618530273
2011-01-25,98.54553985595703,1291.1800537109375,17.59000015258789
2011-01-26,98.92701721191406,1296.6300048828125,16.639999389648438
2011-01-27,99.171142578125,1299.5400390625,16.149999618530273
2011-01-28,97.4393539428711,1276.3399658203125,20.040000915527344
2011-01-31,98.17169952392578,1286.1199951171875,19.530000686645508
2011-02-01,99.74333190917969,1307.5899658203125,17.6299991607666
2011-02-02,99.55261993408203,1304.030029296875,17.299999237060547
2011-02-03,99.7738265991211,1307.0999755859375,16.690000534057617
2011-02-04,100.05609130859375,1310.8699951171875,15.930000305175781
2011-02-07,100.68170928955078,1319.050048828125,16.280000686645508
2011-02-08,101.13945007324219,1324.5699462890625,15.8100004196167
2011-02-09,100.91059875488281,1320.8800048828125,15.869999885559082
2011-02-10,100.94871520996094,1321.8699951171875,16.09000015258789
2011-02-11,101.55140686035156,1329.1500244140625,15.6899995803833
2011-02-14,101.79557037353516,1332.3199462890625,15.949999809265137
2011-02-15,101.47512817382812,1328.010009765625,16.3700008392334
2011-02-16,102.11595153808594,1336.3199462890625,16.719999313354492
2011-02-17,102.42113494873047,1340.4300537109375,16.59000015258789
2011-02-18,102.63478088378906,1343.010009765625,16.43000030517578
2011-02-22,100.5749282836914,1315.43994140625,20.799999237060547
2011-02-23,99.95693969726562,1307.4000244140625,22.1299991607666
2011-02-24,99.88824462890625,1306.0999755859375,21.31999969482422
2011-02-25,100.95634460449219,1319.8800048828125,19.219999313354492
2011-02-28,101.5819320678711,1327.219970703125,18.350000381469727
2011-03-01,99.88824462890625,1306.3299560546875,21.010000228881836
2011-03-02,100.10189819335938,1308.43994140625,20.700000762939453
2011-03-03,101.8260269165039,1330.969970703125,18.600000381469727
2011-03-04,101.06315612792969,1321.1500244140625,19.059999465942383
2011-03-07,100.26973724365234,1310.1300048828125,20.65999984741211
2011-03-08,101.14705657958984,1321.8199462890625,19.81999969482422
2011-03-09,101.00214385986328,1320.02001953125,20.219999313354492
2011-03-10,99.13299560546875,1295.1099853515625,21.8799991607666
2011-03-11,99.81961059570312,1304.280029296875,20.079999923706055
2011-03-14,99.21688842773438,1296.3900146484375,21.1299991607666
2011-03-15,98.08016967773438,1281.8699951171875,24.31999969482422
2011-03-16,96.26443481445312,1256.8800048828125,29.399999618530273
2011-03-17,97.53850555419922,1273.719970703125,26.3700008392334
2011-03-18,97.89326477050781,1279.2099609375,24.440000534057617
2011-03-21,99.41041564941406,1298.3800048828125,20.610000610351562
2011-03-22,99.0655746459961,1293.77001953125,20.209999084472656
2011-03-23,99.34908294677734,1297.5400390625,19.170000076293945
2011-03-24,100.29918670654297,1309.6600341796875,18.0
2011-03-25,100.60572052001953,1313.800048828125,17.90999984741211
2011-03-28,100.36052703857422,1310.18994140625,19.440000534057617
2011-03-29,101.03480529785156,1319.43994140625,18.15999984741211
2011-03-30,101.7320556640625,1328.260009765625,17.709999084472656
2011-03-31,101.5941390991211,1325.8299560546875,17.739999771118164
2011-04-01,102.0232162475586,1332.4100341796875,17.399999618530273
2011-04-04,102.10753631591797,1332.8699951171875,17.5
2011-04-05,102.09220123291016,1332.6300048828125,17.25
2011-04-06,102.41397857666016,1335.5400390625,16.899999618530273
2011-04-07,102.15348815917969,1333.510009765625,17.110000610351562
2011-04-08,101.80103302001953,1328.1700439453125,17.8700008392334
2011-04-11,101.49454498291016,1324.4599609375,16.59000015258789
2011-04-12,100.73594665527344,1314.1600341796875,17.09000015258789
2011-04-13,100.72830963134766,1314.4100341796875,16.920000076293945
2011-04-14,100.80492401123047,1314.52001953125,16.270000457763672
2011-04-15,101.17271423339844,1319.6800537109375,15.319999694824219
2011-04-18,100.03871154785156,1305.1400146484375,16.959999084472656
2011-04-19,100.61334991455078,1312.6199951171875,15.829999923706055
2011-04-20,101.98493194580078,1330.3599853515625,15.069999694824219
2011-04-21,102.50598907470703,1337.3800048828125,14.6899995803833
2011-04-25,102.39871978759766,1335.25,15.770000457763672
2011-04-26,103.27983093261719,1347.239990234375,15.619999885559082
2011-04-27,103.9541015625,1355.6600341796875,15.350000381469727
2011-04-28,104.29125213623047,1360.47998046875,14.619999885559082
2011-04-29,104.53642272949219,1363.6099853515625,14.75
2011-05-02,104.37553405761719,1361.219970703125,15.989999771118164
2011-05-03,104.0000991821289,1356.6199951171875,16.700000762939453
2011-05-04,103.3105239868164,1347.3199462890625,17.079999923706055
2011-05-05,102.3757095336914,1335.0999755859375,18.200000762939453
2011-05-06,102.8277816772461,1340.199951171875,18.399999618530273
2011-05-09,103.22618865966797,1346.2900390625,17.15999984741211
2011-05-10,104.10739135742188,1357.1600341796875,15.90999984741211
2011-05-11,103.01165771484375,1342.0799560546875,16.950000762939453
2011-05-12,103.50206756591797,1348.6500244140625,16.030000686645508
2011-05-13,102.70518493652344,1337.77001953125,17.06999969482422
2011-05-16,102.05390167236328,1329.469970703125,18.239999771118164
2011-05-17,102.0385513305664,1328.97998046875,17.549999237060547
2011-05-18,102.95036315917969,1340.6800537109375,16.229999542236328
2011-05-19,103.19554138183594,1343.5999755859375,15.520000457763672
2011-05-20,102.3757095336914,1333.27001953125,17.43000030517578
2011-05-23,101.18803405761719,1317.3699951171875,18.270000457763672
2011-05-24,101.10376739501953,1316.280029296875,17.81999969482422
2011-05-25,101.44091033935547,1320.469970703125,17.06999969482422
2011-05-26,101.90829467773438,1325.68994140625,16.09000015258789
2011-05-27,102.29905700683594,1331.0999755859375,15.979999542236328
2011-05-31,103.3641357421875,1345.199951171875,15.449999809265137
2011-06-01,101.04246520996094,1314.550048828125,18.299999237060547
2011-06-02,100.9351806640625,1312.93994140625,18.09000015258789
2011-06-03,99.93144989013672,1300.1600341796875,17.950000762939453
2011-06-06,98.87401580810547,1286.1700439453125,18.489999771118164
2011-06-07,98.81273651123047,1284.93994140625,18.06999969482422
2011-06-08,98.39897918701172,1279.56005859375,18.790000915527344
2011-06-09,99.14984893798828,1289.0,17.770000457763672
2011-06-10,97.77066040039062,1270.97998046875,18.860000610351562
2011-06-13,97.84728240966797,1271.8299560546875,19.610000610351562
2011-06-14,99.08858489990234,1287.8699951171875,18.260000228881836
2011-06-15,97.32624816894531,1265.4200439453125,21.31999969482422
2011-06-16,97.5407943725586,1267.6400146484375,22.729999542236328
2011-06-17,97.83184051513672,1271.5,21.850000381469727
2011-06-20,98.3323974609375,1278.3599853515625,19.989999771118164
2011-06-21,99.679931640625,1295.52001953125,18.860000610351562
2011-06-22,99.079345703125,1287.1400146484375,18.520000457763672
2011-06-23,98.7944107055664,1283.5,19.290000915527344
2011-06-24,97.64705657958984,1268.449951171875,21.100000381469727
2011-06-27,98.51721954345703,1280.0999755859375,20.559999465942383
2011-06-28,99.80315399169922,1296.6700439453125,19.170000076293945
2011-06-29,100.65787506103516,1307.4100341796875,17.270000457763672
2011-06-30,101.62039184570312,1320.6400146484375,16.520000457763672
2011-07-01,103.1219711303711,1339.6700439453125,15.869999885559082
2011-07-05,103.03723907470703,1337.8800048828125,16.059999465942383
2011-07-06,103.16046905517578,1339.219970703125,16.34000015258789
2011-07-07,104.23078918457031,1353.219970703125,15.949999809265137
2011-07-08,103.4915542602539,1343.800048828125,15.949999809265137
2011-07-11,101.62039184570312,1319.489990234375,18.389999389648438
2011-07-12,101.1814956665039,1313.6400146484375,19.8700008392334
2011-07-13,101.52030181884766,1317.719970703125,19.90999984741211
2011-07-14,100.81957244873047,1308.8699951171875,20.799999237060547
2011-07-15,101.40479278564453,1316.1400146484375,19.530000686645508
2011-07-18,100.57315063476562,1305.43994140625,20.950000762939453
2011-07-19,102.20564270019531,1326.72998046875,19.209999084472656
2011-07-20,102.14399719238281,1325.8399658203125,19.09000015258789
2011-07-21,103.56088256835938,1343.800048828125,17.559999465942383
2011-07-22,103.63016510009766,1345.02001953125,17.520000457763672
2011-07-25,103.05265808105469,1337.4300537109375,19.350000381469727
2011-07-26,102.66761779785156,1331.93994140625,20.229999542236328
2011-07-27,100.56549072265625,1304.8900146484375,22.979999542236328
2011-07-28,100.27287292480469,1300.6700439453125,23.739999771118164
2011-07-29,99.58753204345703,1292.280029296875,25.25
2011-08-01,99.16397857666016,1286.93994140625,23.65999984741211
2011-08-02,96.63062286376953,1254.050048828125,24.790000915527344
2011-08-03,97.15425109863281,1260.3399658203125,23.3799991607666
2011-08-04,92.60340881347656,1200.0699462890625,31.65999984741211
2011-08-05,92.46479797363281,1199.3800048828125,32.0
2011-08-08,86.44318389892578,1119.4599609375,48.0
2011-08-09,90.46273040771484,1172.530029296875,35.060001373291016
2011-08-10,86.46627807617188,1120.760009765625,42.9900016784668
2011-08-11,90.34720611572266,1172.6400146484375,39.0
2011-08-12,90.95552825927734,1178.81005859375,36.36000061035156
2011-08-15,92.88062286376953,1204.489990234375,31.8700008392334
2011-08-16,92.08746337890625,1192.760009765625,32.849998474121094
2011-08-17,92.14908599853516,1193.8900146484375,31.579999923706055
2011-08-18,88.17574310302734,1140.6500244140625,42.66999816894531
2011-08-19,86.73577117919922,1123.530029296875,43.04999923706055
2011-08-22,86.80509185791016,1123.8199462890625,42.439998626708984
2011-08-23,89.66189575195312,1162.3499755859375,36.27000045776367
2011-08-24,90.92474365234375,1177.5999755859375,35.900001525878906
2011-08-25,89.53868103027344,1159.27001953125,39.7599983215332
2011-08-26,90.84004974365234,1176.800048828125,35.59000015258789
2011-08-29,93.45042419433594,1210.0799560546875,32.279998779296875
2011-08-30,93.69681549072266,1212.9200439453125,32.88999938964844
2011-08-31,94.11262512207031,1218.8900146484375,31.6200008392334
2011-09-01,93.12701416015625,1204.4200439453125,31.81999969482422
2011-09-02,90.74763488769531,1173.969970703125,33.91999816894531
2011-09-06,90.08538818359375,1165.239990234375,37.0
2011-09-07,92.62648010253906,1198.6199951171875,33.380001068115234
2011-09-08,91.66394805908203,1185.9000244140625,34.31999969482422
2011-09-09,89.26148986816406,1154.22998046875,38.52000045776367
2011-09-12,89.8389892578125,1162.27001953125,38.59000015258789
2011-09-13,90.66288757324219,1172.8699951171875,36.90999984741211
2011-09-14,91.91807556152344,1188.6800537109375,34.599998474121094
2011-09-15,93.50434112548828,1209.1099853515625,31.969999313354492
2011-09-16,94.05772399902344,1216.010009765625,30.979999542236328
2011-09-19,93.1212158203125,1204.0899658203125,32.72999954223633
2011-09-20,93.01284790039062,1202.0899658203125,32.86000061035156
2011-09-21,90.27281951904297,1166.760009765625,37.31999969482422
2011-09-22,87.35481262207031,1129.56005859375,41.349998474121094
2011-09-23,87.8811264038086,1136.4300537109375,41.25
2011-09-26,89.97098541259766,1162.949951171875,39.02000045776367
2011-09-27,90.97720336914062,1175.3800048828125,37.709999084472656
2011-09-28,89.11954498291016,1151.06005859375,41.08000183105469
2011-09-29,89.8239517211914,1160.4000244140625,38.84000015258789
2011-09-30,87.57926177978516,1131.4200439453125,42.959999084472656
2011-10-03,85.08695983886719,1099.22998046875,45.45000076293945
2011-10-04,86.95231628417969,1123.949951171875,40.81999969482422
2011-10-05,88.56224822998047,1144.030029296875,37.810001373291016
2011-10-06,90.16446685791016,1164.969970703125,36.27000045776367
2011-10-07,89.56073760986328,1155.4599609375,36.20000076293945
2011-10-10,92.55615234375,1194.8900146484375,33.02000045776367
2011-10-11,92.6490249633789,1195.5400390625,32.86000061035156
2011-10-12,93.46176147460938,1207.25,31.260000228881836
2011-10-13,93.2759780883789,1203.6600341796875,30.700000762939453
2011-10-14,94.87044525146484,1224.5799560546875,28.239999771118164
2011-10-17,93.05927276611328,1200.8599853515625,33.38999938964844
2011-10-18,94.87818908691406,1225.3800048828125,31.559999465942383
2011-10-19,93.755859375,1209.8800048828125,34.439998626708984
2011-10-20,94.16609954833984,1215.3900146484375,34.779998779296875
2011-10-21,95.95404815673828,1238.25,31.31999969482422
2011-10-24,97.13055419921875,1254.18994140625,29.260000228881836
2011-10-25,95.24198150634766,1229.050048828125,32.220001220703125
2011-10-26,96.20950317382812,1242.0,29.860000610351562
2011-10-27,99.56095123291016,1284.5899658203125,25.459999084472656
2011-10-28,99.53773498535156,1285.0899658203125,24.530000686645508
2011-10-31,97.1383056640625,1253.300048828125,29.959999084472656
2011-11-01,94.42925262451172,1218.280029296875,34.77000045776367
2011-11-02,95.96955871582031,1237.9000244140625,32.7400016784668
2011-11-03,97.71881866455078,1261.1500244140625,30.5
2011-11-04,97.1228256225586,1253.22998046875,30.15999984741211
2011-11-07,97.72653198242188,1261.1199951171875,29.850000381469727
2011-11-08,98.98045349121094,1275.9200439453125,27.479999542236328
2011-11-09,95.32711029052734,1229.0999755859375,36.15999984741211
2011-11-10,96.2249984741211,1239.699951171875,32.810001373291016
2011-11-11,98.03614807128906,1263.8499755859375,30.040000915527344
2011-11-14,97.10734558105469,1251.780029296875,31.1299991607666
2011-11-15,97.58723449707031,1257.81005859375,31.219999313354492
2011-11-16,96.03916931152344,1236.9100341796875,33.5099983215332
2011-11-17,94.514404296875,1216.1300048828125,34.5099983215332
2011-11-18,94.41378784179688,1215.6500244140625,32.0
2011-11-21,92.61808776855469,1192.97998046875,32.90999984741211
2011-11-22,92.25431823730469,1188.0400390625,31.969999313354492
2011-11-23,90.21864318847656,1161.7900390625,33.97999954223633
2011-11-25,90.0483627319336,1158.6700439453125,34.470001220703125
2011-11-28,92.6567611694336,1192.550048828125,32.130001068115234
2011-11-29,92.91997528076172,1195.18994140625,30.639999389648438
2011-11-30,96.7435531616211,1246.9599609375,27.799999237060547
2011-12-01,96.72808074951172,1244.5799560546875,27.40999984741211
2011-12-02,96.64293670654297,1244.280029296875,27.520000457763672
2011-12-05,97.69558715820312,1257.0799560546875,27.84000015258789
2011-12-06,97.72653198242188,1258.469970703125,28.1299991607666
2011-12-07,98.09033203125,1261.010009765625,28.670000076293945
2011-12-08,95.93856811523438,1234.3499755859375,30.59000015258789
2011-12-09,97.56399536132812,1255.18994140625,26.3799991607666
2011-12-12,96.1397933959961,1236.469970703125,25.670000076293945
2011-12-13,95.24198150634766,1225.72998046875,25.40999984741211
2011-12-14,94.22801971435547,1211.8199462890625,26.040000915527344
2011-12-15,94.568603515625,1215.75,25.110000610351562
2011-12-16,94.70878601074219,1219.6600341796875,24.290000915527344
2011-12-19,93.69618225097656,1205.3499755859375,24.920000076293945
2011-12-20,96.53146362304688,1241.300048828125,23.219999313354492
2011-12-21,96.7184066772461,1243.719970703125,21.43000030517578
2011-12-22,97.57521057128906,1254.0,21.15999984741211
2011-12-23,98.44762420654297,1265.3299560546875,20.729999542236328
2011-12-27,98.52549743652344,1265.4300537109375,21.90999984741211
2011-12-28,97.23249816894531,1249.6400146484375,23.520000457763672
2011-12-29,98.23728942871094,1263.02001953125,22.649999618530273
2011-12-30,97.75437927246094,1257.5999755859375,23.399999618530273
2012-01-03,99.31221008300781,1277.06005859375,22.969999313354492
2012-01-04,99.46794891357422,1277.300048828125,22.219999313354492
2012-01-05,99.73281860351562,1281.06005859375,21.479999542236328
2012-01-06,99.47578430175781,1277.81005859375,20.6299991607666
2012-01-09,99.71723937988281,1280.699951171875,21.06999969482422
2012-01-10,100.58184051513672,1292.0799560546875,20.690000534057617
2012-01-11,100.63633728027344,1292.47998046875,21.049999237060547
2012-01-12,100.8778305053711,1295.5,20.469999313354492
2012-01-13,100.35594940185547,1289.0899658203125,20.90999984741211
2012-01-17,100.74542236328125,1293.6700439453125,22.200000762939453
2012-01-18,101.85928344726562,1308.0400390625,20.889999389648438
2012-01-19,102.3967514038086,1314.5,19.8700008392334
2012-01-20,102.77839660644531,1315.3800048828125,18.280000686645508
2012-01-23,102.51358032226562,1316.0,18.670000076293945
2012-01-24,102.3967514038086,1314.6500244140625,18.90999984741211
2012-01-25,103.2535400390625,1326.06005859375,18.309999465942383
2012-01-26,102.7238998413086,1318.4300537109375,18.56999969482422
2012-01-27,102.67715454101562,1316.3299560546875,18.530000686645508
2012-01-30,102.32658386230469,1313.010009765625,19.399999618530273
2012-01-31,102.28768920898438,1312.4100341796875,19.440000534057617
2012-02-01,103.18339538574219,1324.0899658203125,18.549999237060547
2012-02-02,103.34703826904297,1325.5400390625,17.979999542236328
2012-02-03,104.7957763671875,1344.9000244140625,17.100000381469727
2012-02-06,104.72566986083984,1344.3299560546875,17.760000228881836
2012-02-07,104.99050903320312,1347.050048828125,17.649999618530273
2012-02-08,105.30207824707031,1349.9599609375,18.15999984741211
2012-02-09,105.43450164794922,1351.949951171875,18.6299991607666
2012-02-10,104.65558624267578,1342.6400146484375,20.790000915527344
2012-02-13,105.43450164794922,1351.77001953125,19.040000915527344
2012-02-14,105.30207824707031,1350.5,19.540000915527344
2012-02-15,104.8113784790039,1343.22998046875,21.139999389648438
2012-02-16,105.97197723388672,1358.0400390625,19.219999313354492
2012-02-17,106.25236511230469,1361.22998046875,17.780000686645508
2012-02-21,106.29911041259766,1362.2099609375,18.190000534057617
2012-02-22,105.95635223388672,1357.6600341796875,18.190000534057617
2012-02-23,106.42373657226562,1363.4599609375,16.799999237060547
2012-02-24,106.65738677978516,1365.739990234375,17.309999465942383
2012-02-27,106.83656311035156,1367.5899658203125,18.190000534057617
2012-02-28,107.14814758300781,1372.1800537109375,17.959999084472656
2012-02-29,106.72750091552734,1365.6800537109375,18.43000030517578
2012-03-01,107.28054809570312,1374.0899658203125,17.260000228881836
2012-03-02,106.95340728759766,1369.6300048828125,17.290000915527344
2012-03-05,106.51722717285156,1364.3299560546875,18.049999237060547
2012-03-06,104.95938110351562,1343.3599853515625,20.8700008392334
2012-03-07,105.6915283203125,1352.6300048828125,19.06999969482422
2012-03-08,106.74308013916016,1365.9100341796875,17.950000762939453
2012-03-09,107.15596771240234,1370.8699951171875,17.110000610351562
2012-03-12,107.1637191772461,1371.0899658203125,15.640000343322754
2012-03-13,109.09542846679688,1395.949951171875,14.800000190734863
2012-03-14,108.97860717773438,1394.280029296875,15.3100004196167
2012-03-15,109.60953521728516,1402.5999755859375,15.420000076293945
2012-03-16,109.76129150390625,1404.1700439453125,14.470000267028809
2012-03-19,110.19158935546875,1409.75,15.039999961853027
2012-03-20,109.87081146240234,1405.52001953125,15.579999923706055
2012-03-21,109.69085693359375,1402.8900146484375,15.130000114440918
2012-03-22,108.9007568359375,1392.780029296875,15.569999694824219
2012-03-23,109.25276184082031,1397.1099853515625,14.819999694824219
2012-03-26,110.7861328125,1416.510009765625,14.260000228881836
2012-03-27,110.44193267822266,1412.52001953125,15.59000015258789
2012-03-28,109.89429473876953,1405.5400390625,15.470000267028809
2012-03-29,109.7065200805664,1403.280029296875,15.479999542236328
2012-03-30,110.16030883789062,1408.469970703125,15.5
2012-04-02,110.96607971191406,1419.0400390625,15.640000343322754
2012-04-03,110.51226806640625,1413.3800048828125,15.65999984741211
2012-04-04,109.41705322265625,1398.9599609375,16.440000534057617
2012-04-05,109.36226654052734,1398.0799560546875,16.700000762939453
2012-04-09,108.13407135009766,1382.199951171875,18.809999465942383
2012-04-10,106.31905364990234,1358.5899658203125,20.389999389648438
2012-04-11,107.17964172363281,1368.7099609375,20.020000457763672
2012-04-12,108.5799789428711,1387.5699462890625,17.200000762939453
2012-04-13,107.28912353515625,1370.260009765625,19.549999237060547
2012-04-16,107.21873474121094,1369.5699462890625,19.549999237060547
2012-04-17,108.80683135986328,1390.780029296875,18.459999084472656
2012-04-18,108.43917083740234,1385.1400146484375,18.639999389648438
2012-04-19,107.74285125732422,1376.9200439453125,18.360000610351562
2012-04-20,107.92283630371094,1378.530029296875,17.440000534057617
2012-04-23,107.01529693603516,1366.93994140625,18.969999313354492
2012-04-24,107.42211151123047,1371.969970703125,18.100000381469727
2012-04-25,108.89291381835938,1390.68994140625,16.81999969482422
2012-04-26,109.65177154541016,1399.97998046875,16.239999771118164
2012-04-27,109.83172607421875,1403.3599853515625,16.31999969482422
2012-04-30,109.42488861083984,1397.9100341796875,17.149999618530273
2012-05-01,110.10552215576172,1405.8199462890625,16.600000381469727
2012-05-02,109.77692413330078,1402.31005859375,16.8799991607666
2012-05-03,108.93983459472656,1391.5699462890625,17.559999465942383
2012-05-04,107.17964172363281,1369.0999755859375,19.15999984741211
2012-05-07,107.2578353881836,1369.5799560546875,18.940000534057617
2012-05-08,106.82752227783203,1363.719970703125,19.049999237060547
2012-05-09,106.19386291503906,1354.5799560546875,20.079999923706055
2012-05-10,106.4129409790039,1357.989990234375,18.829999923706055
2012-05-11,106.0921630859375,1353.3900146484375,19.889999389648438
2012-05-14,104.91863250732422,1338.3499755859375,21.8700008392334
2012-05-15,104.31623077392578,1330.6600341796875,21.969999313354492
2012-05-16,103.91727447509766,1324.800048828125,22.270000457763672
2012-05-17,102.3760757446289,1304.8599853515625,24.489999771118164
2012-05-18,101.49987030029297,1295.219970703125,25.100000381469727
2012-05-21,103.24447631835938,1315.989990234375,22.010000228881836
2012-05-22,103.42440032958984,1316.6300048828125,22.479999542236328
2012-05-23,103.4791488647461,1318.8599853515625,22.329999923706055
2012-05-24,103.68255615234375,1320.6800537109375,21.540000915527344
2012-05-25,103.34619903564453,1317.8199462890625,21.760000228881836
2012-05-29,104.59788513183594,1332.4200439453125,21.030000686645508
2012-05-30,103.08016204833984,1313.3199462890625,24.139999389648438
2012-05-31,102.85330200195312,1310.3299560546875,24.059999465942383
2012-06-01,100.26376342773438,1278.0400390625,26.65999984741211
2012-06-04,100.21682739257812,1278.1800537109375,26.1200008392334
2012-06-05,100.9757080078125,1285.5,24.68000030517578
2012-06-06,103.24447631835938,1315.1300048828125,22.15999984741211
2012-06-07,103.30705261230469,1314.989990234375,21.719999313354492
2012-06-08,104.12850189208984,1325.6600341796875,21.229999542236328
2012-06-11,102.80635833740234,1308.9300537109375,23.559999465942383
2012-06-12,103.98768615722656,1324.1800537109375,22.09000015258789
2012-06-13,103.32269287109375,1314.8800048828125,24.270000457763672
2012-06-14,104.41793823242188,1329.0999755859375,21.68000030517578
2012-06-15,105.4858627319336,1342.8399658203125,21.110000610351562
2012-06-18,105.69032287597656,1344.780029296875,18.31999969482422
2012-06-19,106.71260833740234,1357.97998046875,18.3799991607666
2012-06-20,106.53959655761719,1355.68994140625,17.239999771118164
2012-06-21,104.14905548095703,1325.510009765625,20.079999923706055
2012-06-22,104.9511489868164,1335.02001953125,18.110000610351562
2012-06-25,103.26825714111328,1313.719970703125,20.3799991607666
2012-06-26,103.78727722167969,1319.989990234375,19.719999313354492
2012-06-27,104.72308349609375,1331.8499755859375,19.450000762939453
2012-06-28,104.4242172241211,1329.0400390625,19.709999084472656
2012-06-29,107.0271987915039,1362.1600341796875,17.079999923706055
2012-07-02,107.34959411621094,1365.510009765625,16.799999237060547
2012-07-03,108.05734252929688,1374.02001953125,16.65999984741211
2012-07-05,107.56978607177734,1367.5799560546875,17.5
2012-07-06,106.54744720458984,1354.6800537109375,17.100000381469727
2012-07-09,106.4137954711914,1352.4599609375,17.979999542236328
2012-07-10,105.4858627319336,1341.469970703125,18.719999313354492
2012-07-11,105.50160217285156,1341.449951171875,17.950000762939453
2012-07-12,104.99044799804688,1334.760009765625,18.329999923706055
2012-07-13,106.7519302368164,1356.780029296875,16.739999771118164
2012-07-16,106.50032806396484,1353.6400146484375,17.110000610351562
2012-07-17,107.23164367675781,1363.6700439453125,16.479999542236328
2012-07-18,108.02591705322266,1372.780029296875,16.15999984741211
2012-07-19,108.30900573730469,1376.510009765625,15.449999809265137
2012-07-20,107.31816101074219,1362.6600341796875,16.270000457763672
2012-07-23,106.23295593261719,1350.52001953125,18.6200008392334
2012-07-24,105.32072448730469,1338.31005859375,20.469999313354492
2012-07-25,105.34430694580078,1337.8900146484375,19.34000015258789
2012-07-26,107.08223724365234,1360.02001953125,17.530000686645508
2012-07-27,109.05606079101562,1385.969970703125,16.700000762939453
2012-07-30,109.05606079101562,1385.300048828125,18.030000686645508
2012-07-31,108.29329681396484,1379.3199462890625,18.93000030517578
2012-08-01,108.19886779785156,1375.3199462890625,18.959999084472656
2012-08-02,107.45181274414062,1365.0,17.56999969482422
2012-08-03,109.58294677734375,1390.989990234375,15.640000343322754
2012-08-06,109.79523468017578,1394.22998046875,15.949999809265137
2012-08-07,110.34573364257812,1401.3499755859375,15.989999771118164
2012-08-08,110.47943878173828,1402.219970703125,15.319999694824219
2012-08-09,110.57376861572266,1402.800048828125,15.279999732971191
2012-08-10,110.75465393066406,1405.8699951171875,14.739999771118164
2012-08-13,110.69957733154297,1404.1099853515625,13.699999809265137
2012-08-14,110.71538543701172,1403.9300537109375,14.850000381469727
2012-08-15,110.84120178222656,1405.530029296875,14.630000114440918
2012-08-16,111.65898895263672,1415.510009765625,14.289999961853027
2012-08-17,111.80839538574219,1418.1600341796875,13.449999809265137
2012-08-20,111.81627655029297,1418.1300048828125,14.020000457763672
2012-08-21,111.47814178466797,1413.1700439453125,15.020000457763672
2012-08-22,111.5252914428711,1413.489990234375,15.109999656677246
2012-08-23,110.61310577392578,1402.0799560546875,15.960000038146973
2012-08-24,111.28153991699219,1411.1300048828125,15.180000305175781
2012-08-27,111.30513000488281,1410.43994140625,16.350000381469727
2012-08-28,111.19505310058594,1409.300048828125,16.489999771118164
2012-08-29,111.28153991699219,1410.489990234375,17.059999465942383
2012-08-30,110.47943878173828,1399.47998046875,17.829999923706055
2012-08-31,111.00629425048828,1406.5799560546875,17.469999313354492
2012-09-04,110.90406799316406,1404.93994140625,17.979999542236328
2012-09-05,110.80970764160156,1403.43994140625,17.739999771118164
2012-09-06,113.0588150024414,1432.1199951171875,15.600000381469727
2012-09-07,113.4991455078125,1437.9200439453125,14.380000114440918
2012-09-10,112.85433959960938,1429.0799560546875,16.280000686645508
2012-09-11,113.16886138916016,1433.56005859375,16.40999984741211
2012-09-12,113.54633331298828,1436.56005859375,15.800000190734863
2012-09-13,115.27637481689453,1459.989990234375,14.050000190734863
2012-09-14,115.78758239746094,1465.77001953125,14.510000228881836
2012-09-17,115.39435577392578,1461.18994140625,14.59000015258789
2012-09-18,115.29997253417969,1459.3199462890625,14.180000305175781
2012-09-19,115.36286926269531,1461.050048828125,13.880000114440918
2012-09-20,115.37074279785156,1460.260009765625,14.069999694824219
2012-09-21,115.32254028320312,1460.1500244140625,13.979999542236328
2012-09-24,115.14862060546875,1456.8900146484375,14.149999618530273
2012-09-25,113.9232177734375,1441.5899658203125,15.430000305175781
2012-09-26,113.28285217285156,1433.3199462890625,16.809999465942383
2012-09-27,114.35009002685547,1447.1500244140625,14.84000015258789
2012-09-28,113.82044219970703,1440.6700439453125,15.729999542236328
2012-10-01,114.12088775634766,1444.489990234375,16.31999969482422
2012-10-02,114.23941040039062,1445.75,15.710000038146973
2012-10-03,114.70587921142578,1450.989990234375,15.430000305175781
2012-10-04,115.528076171875,1461.4000244140625,14.550000190734863
2012-10-05,115.5359878540039,1460.9300537109375,14.329999923706055
2012-10-08,115.14065551757812,1455.8800048828125,15.109999656677246
2012-10-09,114.00223541259766,1441.47998046875,16.3700008392334
2012-10-10,113.27491760253906,1432.56005859375,16.290000915527344
2012-10-11,113.33818817138672,1432.8399658203125,15.59000015258789
2012-10-12,112.96661376953125,1428.5899658203125,16.139999389648438
2012-10-15,113.90737915039062,1440.1300048828125,15.270000457763672
2012-10-16,115.06160736083984,1454.9200439453125,15.220000267028809
2012-10-17,115.58346557617188,1460.9100341796875,15.069999694824219
2012-10-18,115.28299713134766,1457.3399658203125,15.029999732971191
2012-10-19,113.36190032958984,1433.18994140625,17.059999465942383
2012-10-22,113.37767791748047,1433.8199462890625,16.6200008392334
2012-10-23,111.80440521240234,1413.1099853515625,18.829999923706055
2012-10-24,111.48818969726562,1408.75,18.329999923706055
2012-10-25,111.81232452392578,1412.969970703125,18.1200008392334
2012-10-26,111.74910736083984,1411.93994140625,17.809999465942383
2012-10-31,111.74910736083984,1412.1600341796875,18.600000381469727
2012-11-01,112.91915130615234,1427.5899658203125,16.690000534057617
2012-11-02,111.91510772705078,1414.199951171875,17.59000015258789
2012-11-05,112.14439392089844,1417.260009765625,18.420000076293945
2012-11-06,113.02191162109375,1428.3900146484375,17.579999923706055
2012-11-07,110.46041870117188,1394.530029296875,19.079999923706055
2012-11-08,109.13224029541016,1377.510009765625,18.489999771118164
2012-11-09,109.22713470458984,1379.8499755859375,18.610000610351562
2012-11-12,109.3140869140625,1380.030029296875,16.68000030517578
2012-11-13,108.9345932006836,1374.530029296875,16.649999618530273
2012-11-14,107.46409606933594,1355.489990234375,17.920000076293945
2012-11-15,107.28226470947266,1353.3299560546875,17.989999771118164
2012-11-16,107.81195831298828,1359.8800048828125,16.40999984741211
2012-11-19,109.99401092529297,1386.8900146484375,15.239999771118164
2012-11-20,110.04145050048828,1387.81005859375,15.079999923706055
2012-11-21,110.24697875976562,1391.030029296875,15.3100004196167
2012-11-23,111.74910736083984,1409.1500244140625,15.140000343322754
2012-11-26,111.51190948486328,1406.2900390625,15.5
2012-11-27,110.94273376464844,1398.93994140625,15.920000076293945
2012-11-28,111.83606719970703,1409.9300537109375,15.510000228881836
2012-11-29,112.35782623291016,1415.949951171875,15.0600004196167
2012-11-30,112.38150787353516,1416.1800537109375,15.869999885559082
2012-12-03,111.82813262939453,1409.4599609375,16.639999389648438
2012-12-04,111.67001342773438,1407.050048828125,17.1200008392334
2012-12-05,111.8676528930664,1409.280029296875,16.459999084472656
2012-12-06,112.24713897705078,1413.93994140625,16.579999923706055
2012-12-07,112.58712768554688,1418.0699462890625,15.899999618530273
2012-12-10,112.634521484375,1418.550048828125,16.049999237060547
2012-12-11,113.40145111083984,1427.8399658203125,15.569999694824219
2012-12-12,113.456787109375,1428.47998046875,15.949999809265137
2012-12-13,112.76104736328125,1419.449951171875,16.559999465942383
2012-12-14,112.34197998046875,1413.5799560546875,17.0
2012-12-17,113.66234588623047,1430.3599853515625,16.34000015258789
2012-12-18,114.92720794677734,1446.7900390625,15.569999694824219
2012-12-19,114.07341003417969,1435.81005859375,17.360000610351562
2012-12-20,114.72958374023438,1443.68994140625,17.670000076293945
2012-12-21,113.68819427490234,1430.1500244140625,17.84000015258789
2012-12-24,113.33783721923828,1426.6600341796875,17.84000015258789
2012-12-26,112.86009216308594,1419.8299560546875,19.479999542236328
2012-12-27,112.70885467529297,1418.0999755859375,19.469999313354492
2012-12-28,111.4906997680664,1402.4300537109375,22.719999313354492
2012-12-31,113.3856430053711,1426.18994140625,18.020000457763672
2013-01-02,116.29168701171875,1462.4200439453125,14.680000305175781
2013-01-03,116.02899169921875,1459.3699951171875,14.5600004196167
2013-01-04,116.53856658935547,1466.469970703125,13.829999923706055
2013-01-07,116.2201156616211,1461.8900146484375,13.789999961853027
2013-01-08,115.88567352294922,1457.1500244140625,13.619999885559082
2013-01-09,116.18023681640625,1461.02001953125,13.8100004196167
2013-01-10,117.10382843017578,1472.1199951171875,13.489999771118164
2013-01-11,117.09583282470703,1472.050048828125,13.359999656677246
2013-01-14,117.01624298095703,1470.6800537109375,13.520000457763672
2013-01-15,117.09583282470703,1472.3399658203125,13.550000190734863
2013-01-16,117.07997131347656,1472.6300048828125,13.420000076293945
2013-01-17,117.83635711669922,1480.93994140625,13.569999694824219
2013-01-18,118.09908294677734,1485.97998046875,12.460000038146973
2013-01-22,118.73597717285156,1492.56005859375,12.430000305175781
2013-01-23,118.92708587646484,1494.81005859375,12.460000038146973
2013-01-24,118.9589614868164,1494.8199462890625,12.6899995803833
2013-01-25,119.62774658203125,1502.9599609375,12.890000343322754
2013-01-28,119.48448181152344,1500.1800537109375,13.569999694824219
2013-01-29,119.95420837402344,1507.8399658203125,13.3100004196167
2013-01-30,119.48448181152344,1501.9599609375,14.319999694824219
2013-01-31,119.18985748291016,1498.1099853515625,14.279999732971191
2013-02-01,120.41596984863281,1513.1700439453125,12.899999618530273
2013-02-04,119.06244659423828,1495.7099609375,14.670000076293945
2013-02-05,120.26470184326172,1511.2900390625,13.720000267028809
2013-02-06,120.35228729248047,1512.1199951171875,13.40999984741211
2013-02-07,120.19307708740234,1509.3900146484375,13.5
2013-02-08,120.86189270019531,1517.9300537109375,13.020000457763672
2013-02-11,120.83794403076172,1517.010009765625,12.9399995803833
2013-02-12,121.03697204589844,1519.4300537109375,12.640000343322754
2013-02-13,121.14051818847656,1520.3299560546875,12.979999542236328
2013-02-14,121.25196075439453,1521.3800048828125,12.65999984741211
2013-02-15,121.10870361328125,1519.7900390625,12.460000038146973
2013-02-19,122.01636505126953,1530.93994140625,12.3100004196167
2013-02-20,120.49564361572266,1511.949951171875,14.680000305175781
2013-02-21,119.76312255859375,1502.4200439453125,15.220000267028809
2013-02-22,120.9334716796875,1515.5999755859375,14.170000076293945
2013-02-25,118.63252258300781,1487.8499755859375,18.989999771118164
2013-02-26,119.44459533691406,1496.93994140625,16.8700008392334
2013-02-27,120.9494857788086,1515.989990234375,14.729999542236328
2013-02-28,120.71060943603516,1514.6800537109375,15.510000228881836
2013-03-01,121.10870361328125,1518.199951171875,15.359999656677246
2013-03-04,121.75357818603516,1525.199951171875,14.010000228881836
2013-03-05,122.8443603515625,1539.7900390625,13.479999542236328
2013-03-06,123.01153564453125,1541.4599609375,13.529999732971191
2013-03-07,123.2345199584961,1544.260009765625,13.0600004196167
2013-03-08,123.76000213623047,1551.1800537109375,12.59000015258789
2013-03-11,124.22976684570312,1556.219970703125,11.5600004196167
2013-03-12,123.95105743408203,1552.47998046875,12.270000457763672
2013-03-13,124.12621307373047,1554.52001953125,11.829999923706055
2013-03-14,124.78704071044922,1563.22998046875,11.300000190734863
2013-03-15,124.62232208251953,1560.699951171875,11.300000190734863
2013-03-18,123.9345474243164,1552.0999755859375,13.359999656677246
2013-03-19,123.6466293334961,1548.3399658203125,14.390000343322754
2013-03-20,124.51036071777344,1558.7099609375,12.670000076293945
2013-03-21,123.44669342041016,1545.800048828125,13.989999771118164
2013-03-22,124.43839263916016,1556.8900146484375,13.569999694824219
2013-03-25,123.9184799194336,1551.68994140625,13.739999771118164
2013-03-26,124.91021728515625,1563.77001953125,12.770000457763672
2013-03-27,124.91021728515625,1562.8499755859375,13.149999618530273
2013-03-28,125.29408264160156,1569.18994140625,12.699999809265137
2013-04-01,124.79822540283203,1562.1700439453125,13.579999923706055
2013-04-02,125.4140396118164,1570.25,12.779999732971191
2013-04-03,124.14249420166016,1553.68994140625,14.210000038146973
2013-04-04,124.64628601074219,1559.97998046875,13.890000343322754
2013-04-05,124.08654022216797,1553.280029296875,13.920000076293945
2013-04-08,124.92622375488281,1563.0699462890625,13.1899995803833
2013-04-09,125.35807037353516,1568.6099853515625,12.84000015258789
2013-04-10,126.89356994628906,1587.72998046875,12.359999656677246
2013-04-11,127.30943298339844,1593.3699951171875,12.239999771118164
2013-04-12,126.99756622314453,1588.8499755859375,12.0600004196167
2013-04-15,124.0544662475586,1552.3599853515625,17.270000457763672
2013-04-16,125.8858871459961,1574.5699462890625,13.960000038146973
2013-04-17,124.04650115966797,1552.010009765625,16.510000228881836
2013-04-18,123.27079772949219,1541.6099853515625,17.559999465942383
2013-04-19,124.34242248535156,1555.25,14.970000267028809
2013-04-22,124.89421081542969,1562.5,14.390000343322754
2013-04-23,126.18183135986328,1578.780029296875,13.479999542236328
2013-04-24,126.26179504394531,1578.7900390625,13.609999656677246
2013-04-25,126.77362823486328,1585.1600341796875,13.619999885559082
2013-04-26,126.54972839355469,1582.239990234375,13.609999656677246
2013-04-29,127.39742279052734,1593.6099853515625,13.710000038146973
2013-04-30,127.7012710571289,1597.5699462890625,13.520000457763672
2013-05-01,126.58171081542969,1582.699951171875,14.489999771118164
2013-05-02,127.7573013305664,1597.5899658203125,13.59000015258789
2013-05-03,129.05284118652344,1614.4200439453125,12.850000381469727
2013-05-06,129.38076782226562,1617.5,12.65999984741211
2013-05-07,130.03648376464844,1625.9599609375,12.829999923706055
2013-05-08,130.62832641601562,1632.68994140625,12.65999984741211
2013-05-09,130.2604522705078,1626.6700439453125,13.130000114440918
2013-05-10,130.68429565429688,1633.699951171875,12.59000015258789
2013-05-13,130.7882537841797,1633.77001953125,12.550000190734863
2013-05-14,132.1398162841797,1650.3399658203125,12.770000457763672
2013-05-15,132.8515625,1658.780029296875,12.8100004196167
2013-05-16,132.227783203125,1650.469970703125,13.069999694824219
2013-05-17,133.50733947753906,1667.469970703125,12.449999809265137
2013-05-20,133.49937438964844,1666.2900390625,13.020000457763672
2013-05-21,133.6912841796875,1669.1600341796875,13.369999885559082
2013-05-22,132.6995849609375,1655.3499755859375,13.819999694824219
2013-05-23,132.31578063964844,1650.510009765625,14.069999694824219
2013-05-24,132.203857421875,1649.5999755859375,13.989999771118164
2013-05-28,132.99551391601562,1660.06005859375,14.479999542236328
2013-05-29,132.13186645507812,1648.3599853515625,14.829999923706055
2013-05-30,132.6196746826172,1654.4100341796875,14.529999732971191
2013-05-31,130.71633911132812,1630.739990234375,16.299999237060547
2013-06-03,131.4360809326172,1640.4200439453125,16.280000686645508
2013-06-04,130.80430603027344,1631.3800048828125,16.270000457763672
2013-06-05,128.97286987304688,1608.9000244140625,17.5
2013-06-06,130.14044189453125,1622.56005859375,16.6299991607666
2013-06-07,131.7958984375,1643.3800048828125,15.140000343322754
2013-06-10,131.7958984375,1642.81005859375,15.4399995803833
2013-06-11,130.43641662597656,1626.1300048828125,17.06999969482422
2013-06-12,129.3567657470703,1612.52001953125,18.59000015258789
2013-06-13,131.32411193847656,1636.3599853515625,16.40999984741211
2013-06-14,130.50033569335938,1626.72998046875,17.149999618530273
2013-06-17,131.50799560546875,1639.0400390625,16.799999237060547
2013-06-18,132.5476837158203,1651.81005859375,16.610000610351562
2013-06-19,130.71633911132812,1628.9300537109375,16.639999389648438
2013-06-20,127.47738647460938,1588.18994140625,20.489999771118164
2013-06-21,127.88658905029297,1592.4300537109375,18.899999618530273
2013-06-24,126.2706298828125,1573.0899658203125,20.110000610351562
2013-06-25,127.48461151123047,1588.030029296875,18.469999313354492
2013-06-26,128.7468719482422,1603.260009765625,17.209999084472656
2013-06-27,129.5026092529297,1613.199951171875,16.860000610351562
2013-06-28,128.97195434570312,1606.280029296875,16.860000610351562
2013-07-01,129.72763061523438,1614.9599609375,16.3700008392334
2013-07-02,129.6071014404297,1614.0799560546875,16.440000534057617
2013-07-03,129.663330078125,1615.4100341796875,16.200000762939453
2013-07-05,131.062255859375,1631.8900146484375,14.890000343322754
2013-07-08,131.80996704101562,1640.4599609375,14.779999732971191
2013-07-09,132.75860595703125,1652.3199462890625,14.350000381469727
2013-07-10,132.80685424804688,1652.6199951171875,14.210000038146973
2013-07-11,134.61581420898438,1675.02001953125,14.010000228881836
2013-07-12,134.672119140625,1680.18994140625,13.84000015258789
2013-07-15,135.18658447265625,1682.5,13.789999961853027
2013-07-16,134.6800994873047,1676.260009765625,14.420000076293945
2013-07-17,135.0258026123047,1680.9100341796875,13.779999732971191
2013-07-18,135.7655029296875,1689.3699951171875,13.770000457763672
2013-07-19,136.0066375732422,1692.0899658203125,12.539999961853027
2013-07-22,136.27195739746094,1695.530029296875,12.289999961853027
2013-07-23,135.9824981689453,1692.3900146484375,12.65999984741211
2013-07-24,135.48406982421875,1685.93994140625,13.180000305175781
2013-07-25,135.81370544433594,1690.25,12.970000267028809
2013-07-26,135.9584197998047,1691.6500244140625,12.720000267028809
2013-07-29,135.540283203125,1685.3299560546875,13.390000343322754
2013-07-30,135.540283203125,1685.9599609375,13.390000343322754
2013-07-31,135.6368408203125,1685.72998046875,13.449999809265137
2013-08-01,137.20455932617188,1706.8699951171875,12.9399995803833
2013-08-02,137.43765258789062,1709.6700439453125,11.979999542236328
2013-08-05,137.23666381835938,1707.1400146484375,11.84000015258789
2013-08-06,136.45681762695312,1697.3699951171875,12.720000267028809
2013-08-07,136.01467895507812,1690.9100341796875,12.979999542236328
2013-08-08,136.51312255859375,1697.47998046875,12.729999542236328
2013-08-09,136.11924743652344,1691.4200439453125,13.40999984741211
2013-08-12,135.9584197998047,1689.469970703125,12.8100004196167
2013-08-13,136.36038208007812,1694.1600341796875,12.3100004196167
2013-08-14,135.6609649658203,1685.3900146484375,13.039999961853027
2013-08-15,133.7635955810547,1661.3199462890625,14.729999542236328
2013-08-16,133.32139587402344,1655.8299560546875,14.369999885559082
2013-08-19,132.46920776367188,1646.06005859375,15.100000381469727
2013-08-20,133.120361328125,1652.3499755859375,14.90999984741211
2013-08-21,132.30035400390625,1642.800048828125,15.9399995803833
2013-08-22,133.50634765625,1656.9599609375,14.760000228881836
2013-08-23,133.95652770996094,1663.5,13.979999542236328
2013-08-26,133.45809936523438,1656.780029296875,14.989999771118164
2013-08-27,131.3114776611328,1630.47998046875,16.770000457763672
2013-08-28,131.77777099609375,1634.9599609375,16.489999771118164
2013-08-29,131.9867706298828,1638.1700439453125,16.809999465942383
2013-08-30,131.5687713623047,1632.969970703125,17.010000228881836
2013-09-03,132.1636962890625,1639.77001953125,16.610000610351562
2013-09-04,133.257080078125,1653.0799560546875,15.880000114440918
2013-09-05,133.42596435546875,1655.0799560546875,15.770000457763672
2013-09-06,133.49020385742188,1655.1700439453125,15.850000381469727
2013-09-09,134.76856994628906,1671.7099609375,15.630000114440918
2013-09-10,135.7655029296875,1683.989990234375,14.529999732971191
2013-09-11,136.19149780273438,1689.1300048828125,13.819999694824219
2013-09-12,135.82977294921875,1683.4200439453125,14.289999961853027
2013-09-13,136.1352996826172,1687.989990234375,14.15999984741211
2013-09-16,136.92318725585938,1697.5999755859375,14.380000114440918
2013-09-17,137.53421020507812,1704.760009765625,14.529999732971191
2013-09-18,139.1260528564453,1725.52001953125,13.59000015258789
2013-09-19,138.89280700683594,1722.3399658203125,13.15999984741211
2013-09-20,137.92178344726562,1709.9100341796875,13.119999885559082
2013-09-23,137.28355407714844,1701.8399658203125,14.3100004196167
2013-09-24,136.9603729248047,1697.4200439453125,14.079999923706055
2013-09-25,136.5645294189453,1692.77001953125,14.010000228881836
2013-09-26,137.08969116210938,1698.6700439453125,14.0600004196167
2013-09-27,136.4595489501953,1691.75,15.460000038146973
2013-09-30,135.73243713378906,1681.550048828125,16.600000381469727
2013-10-01,136.80694580078125,1695.0,15.539999961853027
2013-10-02,136.67767333984375,1693.8699951171875,16.600000381469727
2013-10-03,135.4173583984375,1678.6600341796875,17.670000076293945
2013-10-04,136.4434051513672,1690.5,16.739999771118164
2013-10-07,135.26382446289062,1676.1199951171875,19.40999984741211
2013-10-08,133.68849182128906,1655.449951171875,20.34000015258789
2013-10-09,133.78541564941406,1656.4000244140625,19.600000381469727
2013-10-10,136.66954040527344,1692.56005859375,16.479999542236328
2013-10-11,137.5501708984375,1703.199951171875,15.720000267028809
2013-10-14,138.09954833984375,1710.1400146484375,16.06999969482422
2013-10-15,137.09779357910156,1698.06005859375,18.65999984741211
2013-10-16,139.01246643066406,1721.5400390625,14.710000038146973
2013-10-17,139.94155883789062,1733.1500244140625,13.479999542236328
2013-10-18,140.88671875,1744.5,13.039999961853027
2013-10-21,140.89486694335938,1744.6600341796875,13.15999984741211
2013-10-22,141.71075439453125,1754.6700439453125,13.329999923706055
2013-10-23,141.0321807861328,1746.3800048828125,13.420000076293945
2013-10-24,141.50070190429688,1752.0699462890625,13.199999809265137
2013-10-25,142.14703369140625,1759.77001953125,13.09000015258789
2013-10-28,142.37326049804688,1762.1099853515625,13.3100004196167
2013-10-29,143.13270568847656,1771.949951171875,13.40999984741211
2013-10-30,142.42173767089844,1763.31005859375,13.649999618530273
2013-10-31,142.01771545410156,1756.5400390625,13.75
2013-11-01,142.35707092285156,1761.6400146484375,13.279999732971191
2013-11-04,142.85800170898438,1767.9300537109375,12.930000305175781
2013-11-05,142.40554809570312,1762.969970703125,13.270000457763672
2013-11-06,143.13270568847656,1770.489990234375,12.670000076293945
2013-11-07,141.32298278808594,1747.1500244140625,13.90999984741211
2013-11-08,143.22958374023438,1770.6099853515625,12.899999618530273
2013-11-11,143.25384521484375,1771.8900146484375,12.529999732971191
2013-11-12,142.96299743652344,1767.68994140625,12.819999694824219
2013-11-13,144.11019897460938,1782.0,12.520000457763672
2013-11-14,144.82923889160156,1790.6199951171875,12.369999885559082
2013-11-15,145.45928955078125,1798.1800537109375,12.1899995803833
2013-11-18,144.9503631591797,1791.530029296875,13.100000381469727
2013-11-19,144.6353302001953,1787.8699951171875,13.390000343322754
2013-11-20,144.18292236328125,1781.3699951171875,13.399999618530273
2013-11-21,145.3462677001953,1795.8499755859375,12.65999984741211
2013-11-22,146.07333374023438,1804.760009765625,12.260000228881836
2013-11-25,145.92788696289062,1802.47998046875,12.789999961853027
2013-11-26,145.96827697753906,1802.75,12.8100004196167
2013-11-27,146.3237762451172,1807.22998046875,12.979999542236328
2013-11-29,146.22682189941406,1805.81005859375,13.699999809265137
2013-12-02,145.8471221923828,1800.9000244140625,14.229999542236328
2013-12-03,145.2169952392578,1795.1500244140625,14.550000190734863
2013-12-04,145.20082092285156,1792.81005859375,14.699999809265137
2013-12-05,144.5625762939453,1785.030029296875,15.079999923706055
2013-12-06,146.17835998535156,1805.0899658203125,13.789999961853027
2013-12-09,146.54995727539062,1808.3699951171875,13.489999771118164
2013-12-10,146.02487182617188,1802.6199951171875,13.90999984741211
2013-12-11,144.3848876953125,1782.219970703125,15.420000076293945
2013-12-12,143.90818786621094,1775.5,15.539999961853027
2013-12-13,143.89208984375,1775.3199462890625,15.760000228881836
2013-12-16,144.788818359375,1786.5400390625,16.030000686645508
2013-12-17,144.32830810546875,1781.0,16.209999084472656
2013-12-18,146.79234313964844,1810.6500244140625,13.800000190734863
2013-12-19,146.62274169921875,1809.5999755859375,14.149999618530273
2013-12-20,147.4755859375,1818.3199462890625,13.789999961853027
2013-12-23,148.26344299316406,1827.989990234375,13.039999961853027
2013-12-24,148.58839416503906,1833.3199462890625,12.479999542236328
2013-12-26,149.34378051757812,1842.02001953125,12.329999923706055
2013-12-27,149.33566284179688,1841.4000244140625,12.460000038146973
2013-12-30,149.31130981445312,1841.0699462890625,13.5600004196167
2013-12-31,150.01800537109375,1848.3599853515625,13.720000267028809
2014-01-02,148.58030700683594,1831.97998046875,14.229999542236328
2014-01-03,148.55589294433594,1831.3699951171875,13.760000228881836
2014-01-06,148.12539672851562,1826.77001953125,13.550000190734863
2014-01-07,149.03515625,1837.8800048828125,12.920000076293945
2014-01-08,149.06765747070312,1837.489990234375,12.869999885559082
2014-01-09,149.16514587402344,1838.1300048828125,12.890000343322754
2014-01-10,149.5712127685547,1842.3699951171875,12.140000343322754
2014-01-13,147.58116149902344,1819.199951171875,13.279999732971191
2014-01-14,149.18943786621094,1838.8800048828125,12.279999732971191
2014-01-15,149.9936981201172,1848.3800048828125,12.279999732971191
2014-01-16,149.7987060546875,1845.8900146484375,12.529999732971191
2014-01-17,149.16514587402344,1838.699951171875,12.4399995803833
2014-01-21,149.6037139892578,1843.800048828125,12.869999885559082
2014-01-22,149.701171875,1844.8599853515625,12.84000015258789
2014-01-23,148.47471618652344,1828.4599609375,13.770000457763672
2014-01-24,145.30685424804688,1790.2900390625,18.139999389648438
2014-01-27,144.5920867919922,1781.56005859375,17.420000076293945
2014-01-28,145.4530029296875,1792.5,15.800000190734863
2014-01-29,144.0558624267578,1774.199951171875,17.350000381469727
2014-01-30,145.58299255371094,1794.18994140625,17.290000915527344
2014-01-31,144.73007202148438,1782.5899658203125,18.40999984741211
2014-02-03,141.47291564941406,1741.8900146484375,21.440000534057617
2014-02-04,142.4639129638672,1755.199951171875,19.110000610351562
2014-02-05,142.28515625,1751.6400146484375,19.950000762939453
2014-02-06,144.16151428222656,1773.4300537109375,17.229999542236328
2014-02-07,145.94850158691406,1797.02001953125,15.289999961853027
2014-02-10,146.21653747558594,1799.8399658203125,15.260000228881836
2014-02-11,147.81674194335938,1819.75,14.510000228881836
2014-02-12,147.88983154296875,1819.260009765625,14.300000190734863
2014-02-13,148.65335083007812,1829.8299560546875,14.140000343322754
2014-02-14,149.47373962402344,1838.6300048828125,13.569999694824219
2014-02-18,149.65249633789062,1840.760009765625,13.869999885559082
2014-02-19,148.66148376464844,1828.75,15.5
2014-02-20,149.53875732421875,1839.780029296875,14.789999961853027
2014-02-21,149.3681182861328,1836.25,14.680000305175781
2014-02-24,150.1967010498047,1847.6099853515625,14.229999542236328
2014-02-25,150.13980102539062,1845.1199951171875,13.670000076293945
2014-02-26,150.14796447753906,1845.1600341796875,14.350000381469727
2014-02-27,150.9358673095703,1854.2900390625,14.039999961853027
2014-02-28,151.317626953125,1859.449951171875,14.0
2014-03-03,150.25352478027344,1845.72998046875,16.0
2014-03-04,152.36544799804688,1873.9100341796875,14.100000381469727
2014-03-05,152.5035400390625,1873.81005859375,13.890000343322754
2014-03-06,152.85279846191406,1877.030029296875,14.210000038146973
2014-03-07,152.91775512695312,1878.0400390625,14.109999656677246
2014-03-10,152.8365936279297,1877.1700439453125,14.199999809265137
2014-03-11,152.08119201660156,1867.6300048828125,14.800000190734863
2014-03-12,152.12179565429688,1868.199951171875,14.470000267028809
2014-03-13,150.4159698486328,1846.3399658203125,16.219999313354492
2014-03-14,149.9936981201172,1841.1300048828125,17.81999969482422
2014-03-17,151.35009765625,1858.8299560546875,15.640000343322754
2014-03-18,152.43038940429688,1872.25,14.520000457763672
2014-03-19,151.6181182861328,1860.77001953125,15.119999885559082
2014-03-20,152.5035400390625,1872.010009765625,14.520000457763672
2014-03-21,151.91204833984375,1866.52001953125,15.0
2014-03-24,151.28379821777344,1857.43994140625,15.09000015258789
2014-03-25,152.0017852783203,1865.6199951171875,14.020000457763672
2014-03-26,150.90853881835938,1852.56005859375,14.930000305175781
2014-03-27,150.59034729003906,1849.0400390625,14.619999885559082
2014-03-28,151.33274841308594,1857.6199951171875,14.40999984741211
2014-03-31,152.57289123535156,1872.3399658203125,13.880000114440918
2014-04-01,153.5845184326172,1885.52001953125,13.100000381469727
2014-04-02,154.0984649658203,1890.9000244140625,13.09000015258789
2014-04-03,153.89456176757812,1888.77001953125,13.369999885559082
2014-04-04,152.07518005371094,1865.0899658203125,13.960000038146973
2014-04-07,150.39453125,1845.0400390625,15.569999694824219
2014-04-08,151.01458740234375,1851.9599609375,14.890000343322754
2014-04-09,152.6381072998047,1872.1800537109375,13.819999694824219
2014-04-10,149.43186950683594,1833.0799560546875,15.890000343322754
2014-04-11,148.08567810058594,1815.68994140625,17.030000686645508
2014-04-14,149.25234985351562,1830.6099853515625,16.110000610351562
2014-04-15,150.28033447265625,1842.97998046875,15.609999656677246
2014-04-16,151.8549346923828,1862.31005859375,14.180000305175781
2014-04-17,152.06704711914062,1864.8499755859375,13.359999656677246
2014-04-21,152.59730529785156,1871.8900146484375,13.25
2014-04-22,153.2908172607422,1879.550048828125,13.1899995803833
2014-04-23,152.93182373046875,1875.3900146484375,13.270000457763672
2014-04-24,153.2418670654297,1878.6099853515625,13.319999694824219
2014-04-25,151.9854736328125,1863.4000244140625,14.0600004196167
2014-04-28,152.46682739257812,1869.4300537109375,13.970000267028809
2014-04-29,153.17662048339844,1878.3299560546875,13.710000038146973
2014-04-30,153.63348388671875,1883.949951171875,13.40999984741211
2014-05-01,153.64981079101562,1883.6800537109375,13.25
2014-05-02,153.42955017089844,1881.1400146484375,12.90999984741211
2014-05-05,153.72323608398438,1884.6600341796875,13.289999961853027
2014-05-06,152.38522338867188,1867.719970703125,13.800000190734863
2014-05-07,153.2826690673828,1878.2099609375,13.399999618530273
2014-05-08,153.1194610595703,1875.6300048828125,13.430000305175781
2014-05-09,153.3479461669922,1878.47998046875,12.920000076293945
2014-05-12,154.84088134765625,1896.6500244140625,12.229999542236328
2014-05-13,154.97964477539062,1897.449951171875,12.130000114440918
2014-05-14,154.24537658691406,1888.530029296875,12.170000076293945
2014-05-15,152.89105224609375,1870.8499755859375,13.170000076293945
2014-05-16,153.42138671875,1877.8599853515625,12.4399995803833
2014-05-19,153.98426818847656,1885.0799560546875,12.420000076293945
2014-05-20,153.01344299316406,1872.8299560546875,12.960000038146973
2014-05-21,154.3024444580078,1888.030029296875,11.90999984741211
2014-05-22,154.6777801513672,1892.489990234375,12.029999732971191
2014-05-23,155.2978057861328,1900.530029296875,11.359999656677246
2014-05-27,156.25238037109375,1911.9100341796875,11.510000228881836
2014-05-28,156.13818359375,1909.780029296875,11.680000305175781
2014-05-29,156.94590759277344,1920.030029296875,11.569999694824219
2014-05-30,157.19874572753906,1923.5699462890625,11.399999618530273
2014-06-02,157.3782501220703,1924.969970703125,11.579999923706055
2014-06-03,157.29666137695312,1924.239990234375,11.869999885559082
2014-06-04,157.61485290527344,1927.8800048828125,12.079999923706055
2014-06-05,158.64280700683594,1940.4599609375,11.680000305175781
2014-06-06,159.40158081054688,1949.43994140625,10.729999542236328
2014-06-09,159.5647430419922,1951.27001953125,11.149999618530273
2014-06-10,159.58102416992188,1950.7900390625,10.989999771118164
2014-06-11,159.0263214111328,1943.8900146484375,11.600000381469727
2014-06-12,157.9004364013672,1930.1099853515625,12.5600004196167
2014-06-13,158.3817596435547,1936.1600341796875,12.180000305175781
2014-06-16,158.51229858398438,1937.780029296875,12.649999618530273
2014-06-17,158.95286560058594,1941.989990234375,12.0600004196167
2014-06-18,160.1195068359375,1956.97998046875,10.609999656677246
2014-06-19,160.2989501953125,1959.47998046875,10.619999885559082
2014-06-20,160.62448120117188,1962.8699951171875,10.850000381469727
2014-06-23,160.57525634765625,1962.6099853515625,10.979999542236328
2014-06-24,159.6079864501953,1949.97998046875,12.130000114440918
2014-06-25,160.32933044433594,1959.530029296875,11.59000015258789
2014-06-26,160.21458435058594,1957.219970703125,11.630000114440918
2014-06-27,160.52610778808594,1960.9599609375,11.260000228881836
2014-06-30,160.4441680908203,1960.22998046875,11.569999694824219
2014-07-01,161.5179901123047,1973.3199462890625,11.149999618530273
2014-07-02,161.68194580078125,1974.6199951171875,10.819999694824219
2014-07-03,162.4770965576172,1985.43994140625,10.319999694824219
2014-07-07,161.91148376464844,1977.6500244140625,11.329999923706055
2014-07-08,160.8704071044922,1963.7099609375,11.979999542236328
2014-07-09,161.59176635742188,1972.8299560546875,11.649999618530273
2014-07-10,160.9523468017578,1964.6800537109375,12.59000015258789
2014-07-11,161.17373657226562,1967.5699462890625,12.079999923706055
2014-07-14,161.9853057861328,1977.0999755859375,11.819999694824219
2014-07-15,161.68194580078125,1973.280029296875,11.960000038146973
2014-07-16,162.2803955078125,1981.5699462890625,11.0
2014-07-17,160.43588256835938,1958.1199951171875,14.539999961853027
2014-07-18,162.07545471191406,1978.219970703125,12.0600004196167
2014-07-21,161.77215576171875,1973.6300048828125,12.8100004196167
2014-07-22,162.4770965576172,1983.530029296875,12.239999771118164
2014-07-23,162.83779907226562,1987.010009765625,11.520000457763672
2014-07-24,162.84600830078125,1987.97998046875,11.84000015258789
2014-07-25,162.0836181640625,1978.3399658203125,12.6899995803833
2014-07-28,162.14920043945312,1978.9100341796875,12.5600004196167
2014-07-29,161.45240783691406,1969.949951171875,13.279999732971191
2014-07-30,161.4770050048828,1970.0699462890625,13.329999923706055
2014-07-31,158.2881317138672,1930.6700439453125,16.950000762939453
2014-08-01,157.80445861816406,1925.1500244140625,17.030000686645508
2014-08-04,158.9438934326172,1938.989990234375,15.119999885559082
2014-08-05,157.4027557373047,1920.2099609375,16.8700008392334
2014-08-06,157.45196533203125,1920.239990234375,16.3700008392334
2014-08-07,156.59942626953125,1909.5699462890625,16.65999984741211
2014-08-08,158.41107177734375,1931.5899658203125,15.770000457763672
2014-08-11,158.87013244628906,1936.9200439453125,14.229999542236328
2014-08-12,158.64878845214844,1933.75,14.130000114440918
2014-08-13,159.72268676757812,1946.719970703125,12.899999618530273
2014-08-14,160.47686767578125,1955.1800537109375,12.420000076293945
2014-08-15,160.4441680908203,1955.06005859375,13.149999618530273
2014-08-18,161.78851318359375,1971.739990234375,12.319999694824219
2014-08-19,162.6328887939453,1981.5999755859375,12.210000038146973
2014-08-20,163.06732177734375,1986.510009765625,11.779999732971191
2014-08-21,163.54281616210938,1992.3699951171875,11.760000228881836
2014-08-22,163.28871154785156,1988.4000244140625,11.470000267028809
2014-08-25,164.1166534423828,1997.9200439453125,11.699999809265137
2014-08-26,164.2232666015625,2000.02001953125,11.630000114440918
2014-08-27,164.1576690673828,2000.1199951171875,11.779999732971191
2014-08-28,164.0674591064453,1996.739990234375,12.050000190734863
2014-08-29,164.5347137451172,2003.3699951171875,12.09000015258789
2014-09-02,164.45272827148438,2002.280029296875,12.25
2014-09-03,164.3625946044922,2000.719970703125,12.359999656677246
2014-09-04,164.12484741210938,1997.6500244140625,12.640000343322754
2014-09-05,164.8625946044922,2007.7099609375,12.09000015258789
2014-09-08,164.4364013671875,2001.5400390625,12.65999984741211
2014-09-09,163.39524841308594,1988.43994140625,13.5
2014-09-10,164.0100860595703,1995.68994140625,12.880000114440918
2014-09-11,164.1986541748047,1997.449951171875,12.800000190734863
2014-09-12,163.23951721191406,1985.5400390625,13.3100004196167
2014-09-15,163.11651611328125,1984.1300048828125,14.119999885559082
2014-09-16,164.34616088867188,1998.97998046875,12.729999542236328
2014-09-17,164.56748962402344,2001.5699462890625,12.649999618530273
2014-09-18,165.44467163085938,2011.3599853515625,12.029999732971191
2014-09-19,165.29556274414062,2010.4000244140625,12.109999656677246
2014-09-22,164.01904296875,1994.2900390625,13.6899995803833
2014-09-23,163.08013916015625,1982.77001953125,14.930000305175781
2014-09-24,164.35667419433594,1998.300048828125,13.270000457763672
2014-09-25,161.70469665527344,1965.989990234375,15.640000343322754
2014-09-26,162.98951721191406,1982.8499755859375,14.850000381469727
2014-09-29,162.69302368164062,1977.800048828125,15.979999542236328
2014-09-30,162.26475524902344,1972.2900390625,16.309999465942383
2014-10-01,160.0657196044922,1946.1600341796875,16.709999084472656
2014-10-02,160.09046936035156,1946.1700439453125,16.15999984741211
2014-10-03,161.8529815673828,1967.9000244140625,14.550000190734863
2014-10-06,161.6635284423828,1964.8199462890625,15.460000038146973
2014-10-07,159.16802978515625,1935.0999755859375,17.200000762939453
2014-10-08,161.95181274414062,1968.8900146484375,15.109999656677246
2014-10-09,158.73974609375,1928.2099609375,18.760000228881836
2014-10-10,156.9278106689453,1906.1300048828125,21.239999771118164
2014-10-13,154.34996032714844,1874.739990234375,24.639999389648438
2014-10-14,154.5888214111328,1877.699951171875,22.790000915527344
2014-10-15,153.54290771484375,1862.489990234375,25.270000457763672
2014-10-16,153.41107177734375,1862.760009765625,25.200000762939453
2014-10-17,155.22299194335938,1886.760009765625,21.989999771118164
2014-10-20,156.73020935058594,1904.010009765625,18.56999969482422
2014-10-21,159.8351593017578,1941.280029296875,16.079999923706055
2014-10-22,158.69859313964844,1927.1099853515625,17.8700008392334
2014-10-23,160.54347229003906,1950.8199462890625,16.530000686645508
2014-10-24,161.77883911132812,1964.5799560546875,16.110000610351562
2014-10-27,161.5564422607422,1961.6300048828125,16.040000915527344
2014-10-28,163.40956115722656,1985.050048828125,14.390000343322754
2014-10-29,163.16249084472656,1982.300048828125,15.149999618530273
2014-10-30,164.20843505859375,1994.6500244140625,14.520000457763672
2014-10-31,166.0862579345703,2018.050048828125,14.029999732971191
2014-11-03,166.17686462402344,2017.81005859375,14.729999542236328
2014-11-04,165.600341796875,2012.0999755859375,14.890000343322754
2014-11-05,166.6462860107422,2023.5699462890625,14.170000076293945
2014-11-06,167.3134002685547,2031.2099609375,13.670000076293945
2014-11-07,167.46987915039062,2031.9200439453125,13.119999885559082
2014-11-10,167.99696350097656,2038.260009765625,12.670000076293945
2014-11-11,168.16168212890625,2039.6800537109375,12.920000076293945
2014-11-12,167.9805145263672,2038.25,13.020000457763672
2014-11-13,168.169921875,2039.3299560546875,13.789999961853027
2014-11-14,168.21115112304688,2039.8199462890625,13.3100004196167
2014-11-17,168.3181915283203,2041.3199462890625,13.989999771118164
2014-11-18,169.29002380371094,2051.800048828125,13.859999656677246
2014-11-19,169.01829528808594,2048.719970703125,13.960000038146973
2014-11-20,169.31475830078125,2052.75,13.579999923706055
2014-11-21,170.22068786621094,2063.5,12.899999618530273
2014-11-24,170.6983642578125,2069.409912109375,12.619999885559082
2014-11-25,170.5748291015625,2067.030029296875,12.25
2014-11-26,171.01129150390625,2072.830078125,12.069999694824219
2014-11-28,170.6489715576172,2067.56005859375,13.329999923706055
2014-12-01,169.46298217773438,2053.43994140625,14.15999984741211
2014-12-02,170.55833435058594,2066.550048828125,12.850000381469727
2014-12-03,171.21725463867188,2074.330078125,12.5
2014-12-04,171.02786254882812,2071.919921875,12.380000114440918
2014-12-05,171.30784606933594,2075.3701171875,11.890000343322754
2014-12-08,170.1630096435547,2060.31005859375,14.210000038146973
2014-12-09,170.04771423339844,2059.820068359375,15.350000381469727
2014-12-10,167.32164001464844,2026.1400146484375,18.530000686645508
2014-12-11,168.169921875,2035.3299560546875,20.079999923706055
2014-12-12,165.4520721435547,2002.3299560546875,21.079999923706055
2014-12-15,164.31549072265625,1989.6300048828125,20.420000076293945
2014-12-16,162.99778747558594,1972.739990234375,23.56999969482422
2014-12-17,166.1932373046875,2012.8900146484375,19.440000534057617
2014-12-18,170.3030242919922,2061.22998046875,16.809999465942383
2014-12-19,171.02764892578125,2070.64990234375,16.489999771118164
2014-12-22,171.81439208984375,2078.5400390625,15.25
2014-12-23,172.04627990722656,2082.169921875,14.800000190734863
2014-12-24,172.06289672851562,2081.8798828125,14.369999885559082
2014-12-26,172.61776733398438,2088.77001953125,14.5
2014-12-29,172.84959411621094,2090.570068359375,15.0600004196167
2014-12-30,171.9220428466797,2080.35009765625,15.920000076293945
2014-12-31,170.2161102294922,2058.89990234375,19.200000762939453
2015-01-02,170.12503051757812,2058.199951171875,17.790000915527344
2015-01-05,167.0526123046875,2020.5799560546875,19.920000076293945
2015-01-06,165.4791259765625,2002.6099853515625,21.1200008392334
2015-01-07,167.54112243652344,2025.9000244140625,19.309999465942383
2015-01-08,170.51425170898438,2062.139892578125,17.010000228881836
2015-01-09,169.14779663085938,2044.81005859375,17.549999237060547
2015-01-12,167.82276916503906,2028.260009765625,19.600000381469727
2015-01-13,167.3507537841797,2023.030029296875,20.559999465942383
2015-01-14,166.3404083251953,2011.27001953125,21.479999542236328
2015-01-15,164.816650390625,1992.6700439453125,22.389999389648438
2015-01-16,166.97805786132812,2019.4200439453125,20.950000762939453
2015-01-20,167.33416748046875,2022.550048828125,19.889999389648438
2015-01-21,168.1788330078125,2032.1199951171875,18.850000381469727
2015-01-22,170.6798095703125,2063.14990234375,16.399999618530273
2015-01-23,169.7440948486328,2051.820068359375,16.65999984741211
2015-01-26,170.1415557861328,2057.090087890625,15.520000457763672
2015-01-27,167.89732360839844,2029.550048828125,17.219999313354492
2015-01-28,165.74412536621094,2002.1600341796875,20.440000534057617
2015-01-29,167.2761688232422,2021.25,18.760000228881836
2015-01-30,165.17271423339844,1994.989990234375,20.969999313354492
2015-02-02,167.21824645996094,2020.8499755859375,19.43000030517578
2015-02-03,169.6364288330078,2050.030029296875,17.329999923706055
2015-02-04,168.99046325683594,2041.510009765625,18.329999923706055
2015-02-05,170.6963653564453,2062.52001953125,16.850000381469727
2015-02-06,170.22439575195312,2055.469970703125,17.290000915527344
2015-02-09,169.46249389648438,2046.739990234375,18.549999237060547
2015-02-10,171.26785278320312,2068.590087890625,17.229999542236328
2015-02-11,171.36720275878906,2068.530029296875,16.959999084472656
2015-02-12,173.0152130126953,2088.47998046875,15.34000015258789
2015-02-13,173.7274169921875,2096.989990234375,14.6899995803833
2015-02-17,174.00070190429688,2100.340087890625,15.800000190734863
2015-02-18,174.01731872558594,2099.679931640625,15.449999809265137
2015-02-19,173.89305114746094,2097.449951171875,15.289999961853027
2015-02-20,174.93649291992188,2110.300048828125,14.300000190734863
2015-02-23,174.9116668701172,2109.659912109375,14.5600004196167
2015-02-24,175.4085235595703,2115.47998046875,13.6899995803833
2015-02-25,175.2594757080078,2113.860107421875,13.84000015258789
2015-02-26,175.0524444580078,2110.739990234375,13.90999984741211
2015-02-27,174.45620727539062,2104.5,13.34000015258789
2015-03-02,175.5576171875,2117.389892578125,13.039999961853027
2015-03-03,174.83712768554688,2107.780029296875,13.859999656677246
2015-03-04,174.10009765625,2098.530029296875,14.229999542236328
2015-03-05,174.29052734375,2101.0400390625,14.039999961853027
2015-03-06,171.83924865722656,2071.260009765625,15.199999809265137
2015-03-09,172.55145263671875,2079.429931640625,15.0600004196167
2015-03-10,169.75234985351562,2044.1600341796875,16.690000534057617
2015-03-11,169.35488891601562,2040.239990234375,16.8700008392334
2015-03-12,171.508056640625,2065.949951171875,15.420000076293945
2015-03-13,170.4562530517578,2053.39990234375,16.0
2015-03-16,172.73365783691406,2081.18994140625,15.609999656677246
2015-03-17,172.2201690673828,2074.280029296875,15.65999984741211
2015-03-18,174.29052734375,2099.5,13.970000267028809
2015-03-19,173.49554443359375,2089.27001953125,14.069999694824219
2015-03-20,175.02691650390625,2108.10009765625,13.020000457763672
2015-03-23,174.6859130859375,2104.419921875,13.40999984741211
2015-03-24,173.70431518554688,2091.5,13.619999885559082
2015-03-25,171.15892028808594,2061.050048828125,15.4399995803833
2015-03-26,170.7513427734375,2056.14990234375,15.800000190734863
2015-03-27,171.14227294921875,2061.02001953125,15.069999694824219
2015-03-30,173.23023986816406,2086.239990234375,14.510000228881836
2015-03-31,171.71624755859375,2067.889892578125,15.289999961853027
2015-04-01,171.1089630126953,2059.68994140625,15.109999656677246
2015-04-02,171.7245635986328,2066.9599609375,14.670000076293945
2015-04-06,172.8808135986328,2080.6201171875,14.739999771118164
2015-04-07,172.42333984375,2076.330078125,14.779999732971191
2015-04-08,173.0055694580078,2081.89990234375,13.979999542236328
2015-04-09,173.7708740234375,2091.179931640625,13.09000015258789
2015-04-10,174.7191619873047,2102.06005859375,12.579999923706055
2015-04-13,173.928955078125,2092.429931640625,13.9399995803833
2015-04-14,174.26165771484375,2095.840087890625,13.670000076293945
2015-04-15,175.04359436035156,2106.6298828125,12.84000015258789
2015-04-16,174.99368286132812,2104.989990234375,12.600000381469727
2015-04-17,172.98065185546875,2081.179931640625,13.890000343322754
2015-04-20,174.5611114501953,2100.39990234375,13.300000190734863
2015-04-21,174.35311889648438,2097.2900390625,13.25
2015-04-22,175.20999145507812,2107.9599609375,12.710000038146973
2015-04-23,175.6508331298828,2112.929931640625,12.479999542236328
2015-04-24,176.05845642089844,2117.68994140625,12.289999961853027
2015-04-27,175.326416015625,2108.919921875,13.119999885559082
2015-04-28,175.88372802734375,2114.760009765625,12.40999984741211
2015-04-29,175.1600341796875,2106.85009765625,13.390000343322754
2015-04-30,173.40484619140625,2085.510009765625,14.550000190734863
2015-05-01,175.28488159179688,2108.2900390625,12.699999809265137
2015-05-04,175.783935546875,2114.489990234375,12.850000381469727
2015-05-05,173.7708740234375,2089.4599609375,14.3100004196167
2015-05-06,173.0554656982422,2080.14990234375,15.149999618530273
2015-05-07,173.74588012695312,2088.0,15.130000114440918
2015-05-08,176.0334930419922,2116.10009765625,12.859999656677246
2015-05-11,175.19332885742188,2105.330078125,13.850000381469727
2015-05-12,174.6692657470703,2099.1201171875,13.859999656677246
2015-05-13,174.7025604248047,2098.47998046875,13.760000228881836
2015-05-14,176.52426147460938,2121.10009765625,12.739999771118164
2015-05-15,176.71560668945312,2122.72998046875,12.380000114440918
2015-05-18,177.26463317871094,2129.199951171875,12.729999542236328
2015-05-19,177.20640563964844,2127.830078125,12.850000381469727
2015-05-20,177.0815887451172,2125.85009765625,12.880000114440918
2015-05-21,177.59732055664062,2130.820068359375,12.109999656677246
2015-05-22,177.17311096191406,2126.06005859375,12.130000114440918
2015-05-26,175.26817321777344,2104.199951171875,14.0600004196167
2015-05-27,176.93186950683594,2123.47998046875,13.270000457763672
2015-05-28,176.7322235107422,2120.7900390625,13.3100004196167
2015-05-29,175.63421630859375,2107.389892578125,13.84000015258789
2015-06-01,175.9918212890625,2111.72998046875,13.970000267028809
2015-06-02,175.81719970703125,2109.60009765625,14.239999771118164
2015-06-03,176.2830352783203,2114.070068359375,13.65999984741211
2015-06-04,174.7940216064453,2095.840087890625,14.710000038146973
2015-06-05,174.49456787109375,2092.830078125,14.210000038146973
2015-06-08,173.42152404785156,2079.280029296875,15.289999961853027
2015-06-09,173.3965606689453,2080.14990234375,14.470000267028809
2015-06-10,175.4761505126953,2105.199951171875,13.220000267028809
2015-06-11,176.04180908203125,2108.860107421875,12.850000381469727
2015-06-12,174.69424438476562,2094.110107421875,13.779999732971191
2015-06-15,173.945556640625,2084.429931640625,15.390000343322754
2015-06-16,174.89382934570312,2096.2900390625,14.8100004196167
2015-06-17,175.17669677734375,2100.43994140625,14.5
2015-06-18,176.99842834472656,2121.239990234375,13.1899995803833
2015-06-19,176.21267700195312,2109.989990234375,13.960000038146973
2015-06-22,177.11544799804688,2122.85009765625,12.739999771118164
2015-06-23,177.24082946777344,2124.199951171875,12.109999656677246
2015-06-24,175.9535675048828,2108.580078125,13.260000228881836
2015-06-25,175.41860961914062,2102.31005859375,14.010000228881836
2015-06-26,175.38519287109375,2101.489990234375,14.020000457763672
2015-06-29,171.70726013183594,2057.639892578125,18.850000381469727
2015-06-30,172.06674194335938,2063.110107421875,18.229999542236328
2015-07-01,173.4459686279297,2077.419921875,16.09000015258789
2015-07-02,173.28712463378906,2076.780029296875,16.790000915527344
2015-07-06,172.79393005371094,2068.760009765625,17.010000228881836
2015-07-07,173.8805694580078,2081.340087890625,16.09000015258789
2015-07-08,170.96334838867188,2046.6800537109375,19.65999984741211
2015-07-09,171.2726287841797,2051.31005859375,19.969999313354492
2015-07-10,173.42916870117188,2076.6201171875,16.829999923706055
2015-07-13,175.3433380126953,2099.60009765625,13.899999618530273
2015-07-14,176.10394287109375,2108.949951171875,13.369999885559082
2015-07-15,176.04547119140625,2107.39990234375,13.229999542236328
2015-07-16,177.45811462402344,2124.2900390625,12.109999656677246
2015-07-17,177.60861206054688,2126.639892578125,11.949999809265137
2015-07-20,177.70053100585938,2128.280029296875,12.25
2015-07-21,176.9984130859375,2119.2099609375,12.220000267028809
2015-07-22,176.6807403564453,2114.14990234375,12.119999885559082
2015-07-23,175.68609619140625,2102.14990234375,12.640000343322754
2015-07-24,173.86380004882812,2079.64990234375,13.739999771118164
2015-07-27,172.8524627685547,2067.639892578125,15.600000381469727
2015-07-28,174.9755859375,2093.25,13.4399995803833
2015-07-29,176.17926025390625,2108.570068359375,12.5
2015-07-30,176.2210235595703,2108.6298828125,12.130000114440918
2015-07-31,175.9535675048828,2103.840087890625,12.119999885559082
2015-08-03,175.36009216308594,2098.0400390625,12.5600004196167
2015-08-04,175.01736450195312,2093.320068359375,13.0
2015-08-05,175.59413146972656,2099.840087890625,12.510000228881836
2015-08-06,174.15638732910156,2083.56005859375,13.770000457763672
2015-08-07,173.822021484375,2077.570068359375,13.390000343322754
2015-08-10,176.0120849609375,2104.179931640625,12.229999542236328
2015-08-11,174.4239044189453,2084.070068359375,13.710000038146973
2015-08-12,174.63290405273438,2086.050048828125,13.609999656677246
2015-08-13,174.41551208496094,2083.389892578125,13.489999771118164
2015-08-14,175.05084228515625,2091.5400390625,12.829999923706055
2015-08-17,176.02879333496094,2102.43994140625,13.020000457763672
2015-08-18,175.51885986328125,2096.919921875,13.789999961853027
2015-08-19,174.13133239746094,2079.610107421875,15.25
2015-08-20,170.4952392578125,2035.72998046875,19.139999389648438
2015-08-21,165.36289978027344,1970.8900146484375,28.030000686645508
2015-08-24,158.40005493164062,1893.2099609375,40.7400016784668
2015-08-25,156.53594970703125,1867.6099853515625,36.02000045776367
2015-08-26,162.5460205078125,1940.510009765625,30.31999969482422
2015-08-27,166.5665740966797,1987.6600341796875,26.100000381469727
2015-08-28,166.57492065429688,1988.8699951171875,26.049999237060547
2015-08-31,165.22914123535156,1972.1800537109375,28.43000030517578
2015-09-01,160.29747009277344,1913.8499755859375,31.399999618530273
2015-09-02,163.3401336669922,1948.8599853515625,26.09000015258789
2015-09-03,163.4571075439453,1951.1300048828125,25.610000610351562
2015-09-04,160.98289489746094,1921.219970703125,27.799999237060547
2015-09-08,165.02857971191406,1969.4100341796875,24.899999618530273
2015-09-09,162.82177734375,1942.0400390625,26.229999542236328
2015-09-10,163.7078399658203,1952.2900390625,24.3700008392334
2015-09-11,164.45184326171875,1961.050048828125,23.200000762939453
2015-09-14,163.8415985107422,1953.030029296875,24.25
2015-09-15,165.88955688476562,1978.0899658203125,22.540000915527344
2015-09-16,167.3272247314453,1995.31005859375,21.350000381469727
2015-09-17,166.9510955810547,1990.199951171875,21.139999389648438
2015-09-18,164.22283935546875,1958.030029296875,22.280000686645508
2015-09-21,165.07150268554688,1966.969970703125,20.139999389648438
2015-09-22,162.9289093017578,1942.739990234375,22.440000534057617
2015-09-23,162.6684112548828,1938.760009765625,22.1299991607666
2015-09-24,162.08029174804688,1932.239990234375,23.469999313354492
2015-09-25,162.03829956054688,1931.3399658203125,23.6200008392334
2015-09-28,157.9716033935547,1881.77001953125,27.6299991607666
2015-09-29,158.06396484375,1884.0899658203125,26.829999923706055
2015-09-30,161.01321411132812,1920.030029296875,24.5
2015-10-01,161.43331909179688,1923.8199462890625,22.549999237060547
2015-10-02,163.84475708007812,1951.3599853515625,20.940000534057617
2015-10-05,166.76036071777344,1987.050048828125,19.540000915527344
2015-10-06,166.18896484375,1979.9200439453125,19.399999618530273
2015-10-07,167.5501708984375,1995.8299560546875,18.399999618530273
2015-10-08,169.06256103515625,2013.4300537109375,17.420000076293945
2015-10-09,169.1634063720703,2014.8900146484375,17.079999923706055
2015-10-12,169.3230438232422,2017.4599609375,16.170000076293945
2015-10-13,168.25599670410156,2003.68994140625,17.670000076293945
2015-10-14,167.44931030273438,1994.239990234375,18.030000686645508
2015-10-15,170.02041625976562,2023.8599853515625,16.049999237060547
2015-10-16,170.79345703125,2033.1099853515625,15.050000190734863
2015-10-19,170.8774871826172,2033.6600341796875,14.979999542236328
2015-10-20,170.6590118408203,2030.77001953125,15.75
2015-10-21,169.600341796875,2018.93994140625,16.700000762939453
2015-10-22,172.46548461914062,2052.510009765625,14.449999809265137
2015-10-23,174.3560028076172,2075.14990234375,14.460000038146973
2015-10-26,173.92750549316406,2071.179931640625,15.289999961853027
2015-10-27,173.59140014648438,2065.889892578125,15.430000305175781
2015-10-28,175.5659637451172,2090.35009765625,14.329999923706055
2015-10-29,175.46514892578125,2089.409912109375,14.609999656677246
2015-10-30,174.70892333984375,2079.360107421875,15.069999694824219
2015-11-02,176.77589416503906,2104.050048828125,14.149999618530273
2015-11-03,177.28843688964844,2109.7900390625,14.539999961853027
2015-11-04,176.75064086914062,2102.31005859375,15.510000228881836
2015-11-05,176.57423400878906,2099.929931640625,15.050000190734863
2015-11-06,176.48182678222656,2099.199951171875,14.329999923706055
2015-11-09,174.8349609375,2078.580078125,16.520000457763672
2015-11-10,175.23825073242188,2081.719970703125,15.289999961853027
2015-11-11,174.5492706298828,2075.0,16.059999465942383
2015-11-12,172.11264038085938,2045.969970703125,18.3700008392334
2015-11-13,170.18008422851562,2023.0400390625,20.079999923706055
2015-11-16,172.76800537109375,2053.18994140625,18.15999984741211
2015-11-17,172.64193725585938,2050.43994140625,18.84000015258789
2015-11-18,175.38107299804688,2083.580078125,16.850000381469727
2015-11-19,175.22984313964844,2081.239990234375,16.989999771118164
2015-11-20,175.86846923828125,2089.169921875,15.470000267028809
2015-11-23,175.6667938232422,2086.590087890625,15.619999885559082
2015-11-24,175.90206909179688,2089.139892578125,15.930000305175781
2015-11-25,175.87686157226562,2088.8701171875,15.1899995803833
2015-11-27,176.07846069335938,2090.110107421875,15.119999885559082
2015-11-30,175.3475341796875,2080.409912109375,16.1299991607666
2015-12-01,177.0194854736328,2102.6298828125,14.670000076293945
2015-12-02,175.21304321289062,2079.510009765625,15.90999984741211
2015-12-03,172.75958251953125,2049.6201171875,18.110000610351562
2015-12-04,176.12890625,2091.68994140625,14.8100004196167
2015-12-07,175.061767578125,2077.070068359375,15.84000015258789
2015-12-08,173.88552856445312,2063.590087890625,17.600000381469727
2015-12-09,172.5327606201172,2047.6199951171875,19.610000610351562
2015-12-10,172.97805786132812,2052.22998046875,19.34000015258789
2015-12-11,169.62551879882812,2012.3699951171875,24.389999389648438
2015-12-14,170.4825897216797,2021.93994140625,22.729999542236328
2015-12-15,172.2722625732422,2043.4100341796875,20.950000762939453
2015-12-16,174.79293823242188,2073.070068359375,17.860000610351562
2015-12-17,172.12942504882812,2041.8900146484375,18.940000534057617
2015-12-18,169.0629119873047,2005.550048828125,20.700000762939453
2015-12-21,170.45751953125,2021.1500244140625,18.700000762939453
2015-12-22,172.0043487548828,2038.969970703125,16.600000381469727
2015-12-23,174.13430786132812,2064.2900390625,15.569999694824219
2015-12-24,173.84693908691406,2060.989990234375,15.739999771118164
2015-12-28,173.44969177246094,2056.5,16.90999984741211
2015-12-29,175.30075073242188,2078.360107421875,16.079999923706055
2015-12-30,174.0582275390625,2063.360107421875,17.290000915527344
2015-12-31,172.31707763671875,2043.93994140625,18.209999084472656