Date,AAPL,AMZN,ASML,BAC,BRK-B,FCX,GOOGL,JNJ,JPM,MSFT,MSTR,NEE,NEM,NFLX,NVDA,NVO,O,PG,PLUG,RIG,SPG,TM,URBN,WMT,XOM
2016-01-04,132753944784.55353,385435144741.05835,198681816971.9696,15192211812.973022,425130598.20063746,25886031625.854492,4799270302.536011,214863567.0,54560049889.346924,147445096866.44556,169319470385.7422,213135719854.73633,9039089706.420898,398178357261.6577,6398387728.691101,7451583549.499512,35401217055.97284,7251824370.682812,379191615.1797466,4555650069.236755,2669057391.0,197466917.03605652,34109529098.510742,316860248304.1257,57490388832.286835
2016-01-05,129427203602.56577,387193444763.1836,199025311716.84265,15115891885.757446,431959939.7945788,25957269410.476685,4698885206.092834,215685225.0,55856140956.620804,147445096866.44556,169859587970.73364,214026640345.76416,9127240287.780762,401571069934.845,6554683863.639832,7443500873.565674,36106154754.28116,7409108158.234177,371968924.307848,4410449861.526489,2649112777.3691025,198205403.5282135,33765698703.00293,316025515487.6666,58172643055.92728
2016-01-06,126894360086.4315,380159998977.66113,196152176105.1178,15088702354.431152,414098498.44931066,25882282130.767822,5136214054.824829,215816693.28900146,56415401082.55073,144304120436.1534,168217620458.98438,212944869637.29858,9097565517.425537,398229748558.04443,6027183892.250061,7500074192.047119,36017805092.69151,7453026443.729153,366551906.153924,4181760166.168213,2571680800.6308975,195320653.5282135,33058505694.58008,308825299533.73584,57480364624.91226
2016-01-07,121538834519.1822,366937076675.41504,188219946667.099,14499368694.30542,397681677.99414825,25257490392.15088,5000040079.185486,212776548.65899658,57729263888.47004,139099127971.0865,166748516363.5254,210463044224.54834,9137709457.39746,391855545352.9358,5480146903.991699,7621303997.039795,35257647377.204544,7324088311.743507,343078139.29493666,3993000000.0,2605703833.4292297,185812524.394989,32230181913.757324,301494723400.19006,56236239846.13609
2016-01-08,121099414886.0035,368062399745.94116,184003962070.08362,14478142936.706543,389144928.78993356,24913564677.79541,4861683357.36084,210886745.28900146,56406527427.48137,136406903791.40854,164134245407.1045,208214539801.78833,9178729724.884033,383939480895.9961,5284774155.61676,7277820533.752441,34252711675.542755,7250403844.075928,346689484.730886,3902250000.0,2623302193.04718,170950280.1580429,31366691560.36377,294946673425.8539,54941954796.798706
2016-01-11,123060262467.762,367851376716.6138,183722899562.07275,14733098585.128784,389801510.4608165,24987191126.77002,5017934518.783569,210936042.7630005,57010192471.51817,137394034440.59372,165646655509.1858,206963079149.6277,9214514541.625977,378798974704.74243,4210236937.9997253,6873720691.680908,34364999474.82793,7406269808.210907,334049775.70506334,3753420055.3894043,2562295113.261795,175912053.67946625,32159848768.615723,299512043901.02734,54711187146.10863
2016-01-12,124846297814.66103,371227468776.7029,184128857861.7096,14736676849.365234,396368257.8993583,25405419772.43042,5088204044.670105,211659105.81500244,56477559417.92299,137394034440.59372,165300950531.7688,208384315588.3789,9197057266.235352,386560895862.57935,4014865995.4071045,6873720691.680908,34149650871.41597,7428938763.730087,326827063.307848,3731639903.0685425,2586932458.691025,180227646.01802826,32292696231.0791,302172966631.15796,55614179908.85353
2016-01-13,121636468105.77774,363209300041.1987,179069732717.51404,13876168441.77246,384285460.5851531,24527036308.776855,4650875195.93811,207468645.0,54968396807.83099,133714604601.80283,163874988529.20532,205796431278.22876,9130730010.986328,388874177181.2439,3653430409.4314575,7063648075.10376,33915895595.61113,7345339894.378052,315993027.0,3557400069.2367554,2466091761.785385,173477330.57785034,31261214945.983887,299981616966.5062,54309870652.14157
2016-01-14,124296765560.5774,373548568538.6658,181755446347.0459,14143049818.03894,376536718.5060332,24929928732.925415,4672698079.185486,210459492.15600586,55980427091.73191,134522300788.10692,164523168970.4895,209762952490.23438,9224111713.409424,406711514945.9839,4102781539.440155,6978789081.573486,34171722317.01407,7403435062.441635,306964663.4101267,3826019986.152649,2494248823.8926926,176004369.99320984,32390377120.97168,303373041739.3568,55142615495.88776
2016-01-15,121311727676.50795,358637431289.67285,178132810713.95874,13598793371.200562,356048565.34769714,24217537776.58081,4540888347.206116,207287879.2369995,54977282677.15372,129766017710.83832,161995378896.3318,205754003427.12402,9186585498.809814,398795297538.7573,4249309165.95459,7152550128.936768,33897496020.90683,7394935330.451317,299741951.0129113,3579179875.3738403,2483689897.6308975,173004227.35214233,30268794795.22705,293746650472.15784,53296493907.2113
2016-01-19,120724737168.59055,355613177364.34937,178039107552.33765,13701348443.984985,358937903.4102926,24510328768.432617,4708923590.866089,209950055.6705017,55536555017.337006,127791692118.24417,165776223846.43555,206814613861.84692,9409136318.206787,392729686832.428,3868337852.9548645,6590853115.081787,34307924595.03282,7511120260.197487,276268184.153924,3372269986.152649,2439107938.5707703,168861723.97518158,31382329216.003418,300059822643.3747,53376770937.79564
2016-01-20,120887059793.68782,357230877265.9302,173354748077.77405,13460667079.344263,360908065.6466056,24492611748.641968,4702377017.25769,205135139.28900146,54009663418.48636,122855931715.27863,165259764476.01318,203102573913.57422,9190948085.784912,376177376197.81494,3975791961.669922,6691878444.671631,33247778339.77716,7349589760.373211,283490896.55113935,3296039972.305298,2457879313.308975,172727289.4153595,33312467427.06299,290903108750.66003,53065740969.15436
2016-01-21,120275100641.69884,355050408336.6394,172542737524.79553,13537179089.643745,365110759.61573505,24769041307.388306,4467127010.154724,206433360.4335022,54932908294.68026,119894454042.09137,167199344677.73438,203505563386.53564,9167384227.752686,380906446117.4011,4229773438.9305115,6744410671.234131,33626934498.004807,7441692867.033062,310576008.846076,3528360096.9314575,2514193437.52359,173338861.60945892,34132972380.065918,289833472053.8304,53497169318.93349
2016-01-22,126669791415.39383,361308116620.4437,177851732546.99707,14040038756.616669,373647252.06692564,25409512752.731323,4395984635.536194,208766866.14450073,55651961390.25208,121689270161.87668,168594130289.45923,205223751861.57227,9303533657.073975,393603400051.11694,3848801609.992981,6740368595.123291,34477261249.25496,7657068218.394012,328632757.55113935,3546510166.168213,2540004021.8455124,172981151.02481842,35305126556.396484,302485997956.64294,54921896573.62747
2016-01-25,124196859257.93266,357853318058.8254,173823122955.32227,14043569928.189583,373253521.30446637,25005938602.20337,4326151742.134094,203984810.5664978,56326640103.35045,116304843233.92868,167482675018.31055,204481339579.77295,9287823841.09497,380289567020.41626,3848801609.992981,7140427345.275879,34077860117.291336,7635809427.251472,315993027.0,3372269986.152649,2508327243.0601273,168330935.43338776,35055059385.68115,295859742305.43835,55443611448.732376
2016-01-26,124883777219.4004,360479001171.57007,178257737823.48633,14154688677.1875,376930738.1156446,25011730654.403687,4269849044.670105,206877050.2369995,56814874345.96544,119445766085.70099,171754179318.2373,214620608800.5066,9300041336.05957,394271548084.25903,4102781539.440155,7475830101.013184,34996298654.08374,7821425804.947815,321410045.153924,3521099930.7632446,2599837862.738205,169796386.76071167,35238697874.45068,298311942715.57715,55373373338.15575
2016-01-27,116678082454.7348,353914748132.3148,178132810713.95874,13733284840.328121,372465417.89698756,24459201912.002563,3901960231.434984,205726734.05200195,56770493856.3653,119894454042.09137,171732411575.31738,216699294515.22827,9314877422.332764,387023601070.40405,4542367514.610291,7855684867.858887,34241672403.899414,7804420934.586182,334049775.70506334,3571920055.3894043,2550562948.1073074,164303824.6974945,35051154922.48535,300842479188.8413,55804816400.56801
2016-01-28,117514896884.25446,359718948505.17365,178882342053.22266,14957474310.940104,368393956.81730187,25506317898.605347,4041514800.928999,207074252.6705017,57010192471.51817,121420070246.8872,173955333045.19653,216932594044.49463,9451902313.232422,395762415710.4492,4317690272.808075,7892050758.361816,34379712983.26126,7802860292.605133,319604372.4359493,3640889903.0685425,2570507561.738205,193001312.06321716,35090232559.2041,302929493770.74854,54711187146.10863
2016-01-29,121574009481.51398,380655290281.4629,185815311204.5288,13819213906.861982,384679448.1006365,25951136495.08667,3931497940.196001,213253124.34100342,58909942475.702156,126894337636.87134,178030730962.37183,221535597405.24292,9749507293.701172,400183229621.8872,4493523166.656494,8065813774.108887,34285841319.95375,8414999142.826649,337661121.14101267,3782460027.694702,2684309049.0601273,199059282.661438,35883373265.07568,313129767108.91956,56055637370.21828
2016-02-01,120437465568.60733,378029576997.1225,164353715557.03442,13532235269.829683,406643636.405468,26272219131.68335,4027816378.2210274,211429042.57800293,60204676729.20227,125278945264.26315,176788428826.9043,221387089196.0144,10003685558.398077,203087895520.3028,4630282800.674438,8304230323.791504,34589532487.26677,8544715273.938652,323215717.87189865,3553769986.152649,2899568684.9821815,200017021.774292,36039664009.09424,314095016568.5019,56025540227.03934
2016-02-02,118001981089.52713,366214018075.5691,159243873035.8678,12997594160.640621,389434227.9434204,26617846539.96277,3916515162.7810116,206564816.18499756,59633844043.73169,118727813920.09735,174827026244.35425,219350702568.0542,10086035780.480724,198562499088.48212,4249309165.95459,8110262340.545654,34254552342.782043,8630688707.648811,301547623.730886,3285150069.2367554,2986518007.940605,198343861.49215698,34582292591.85791,310442767127.41565,55242945845.43228
2016-02-03,120337516964.15138,360409847874.30597,160304906989.30313,12502503609.964056,391377322.4949837,25543131123.09265,3884409152.8560247,207452208.3294983,59107588966.36963,116933008516.016,176744882413.48267,220899222560.11963,10160408124.385784,208917808558.40833,4737737167.358398,9027569046.020508,34657627711.53566,8650297371.211346,303353296.44886065,3394050138.4735107,3001639483.023758,197870780.27534485,35547364997.86377,299981616966.5062,51871796077.783585
2016-02-04,121304472915.88402,359304300265.9498,163069296454.85782,12624687355.134373,391516035.0203514,24883573961.151123,3840316512.7489805,209424195.05200195,59241383150.10071,118907323392.90619,175873178286.74316,220390152729.03442,10051500994.536339,212511597512.42264,5587597659.111023,9447832763.671875,34525111499.78787,8669908901.956738,310576008.846076,3698969847.679138,2991558419.5178185,193670580.57785034,35738819013.97705,298155453130.086,49814974870.010376
2016-02-05,118064661798.29979,346590502769.85443,161254297371.69095,11821195846.291151,366812114.29834366,23988142093.963623,3544084549.5010195,207978068.94799805,59758728841.78162,116215088497.52426,176962811177.063,213262960486.60278,10059469208.947826,213177146841.85196,5548525173.187256,9864053421.020508,33862509147.983185,8430083391.840027,303353296.44886065,3731639903.0685425,2948713839.5296974,180539192.943573,34523682737.73193,287981309197.791,49062487440.00435
2016-02-08,119307869728.19328,341408229498.4378,157875658251.13293,11490900187.476568,350019080.81769943,24001776621.551514,3566772638.6579847,208339600.47399902,59669512266.15906,110112677256.86073,180057535121.91772,216359871706.39038,10109053114.282375,216052079787.70587,5148014005.661011,10179252685.546875,33586425623.363297,8472314128.148342,290713587.423038,3466650069.2367554,3010460383.547516,178854500.0,33742258721.92383,284694193430.4336,47176234692.352295
2016-02-09,119282700150.51842,340509870237.51306,156926225865.89673,11348941163.050003,353766082.58485794,23894745579.986572,3687063520.546994,209884321.52600098,58697333845.13855,109484447680.54962,180101103390.50293,216296262120.8191,10213536874.830626,215111949577.90625,4884264019.9661255,10070070041.551464,32933031339.54744,8500972576.536808,281685202.307848,3234329944.6105957,2972656455.488121,175346645.1444626,33199155482.48291,278720155913.3263,46734762518.354416
2016-02-10,118378572963.8977,343481108635.40875,155027515105.8684,11546930145.369272,352933536.1123085,24093460953.50647,3786378514.0550184,208010942.28900146,58679478258.132935,107510207813.58719,177878138210.29663,215787256671.90552,10070978754.372843,213150976668.51947,4864727003.097534,10074213199.499853,33653624172.974487,8564320114.59071,292519260.14101267,3187139903.0685425,3067166515.988121,173258088.96160126,31937145845.03174,278537589076.4619,48069193439.30054
2016-02-11,117662784016.2735,343342862384.07184,148186441182.1942,11860981696.50052,351129188.00115585,24076763901.260376,3696481441.315016,205562392.42199707,58260283071.517944,100151380283.1173,174129671685.02808,215723604164.88647,9908057321.694126,213822545771.47565,4776811717.033386,10376732361.824944,33705612375.951508,9068108035.846298,290713587.423038,3125429875.3738403,3011720546.5296974,172588820.44696808,31964493589.782715,274128708186.7796,48781564422.964096
2016-02-12,118026949733.59871,348939663208.3296,160528320139.94333,11937728998.496876,357097116.3511276,24094829650.31433,3741429773.559984,210459492.15600586,59027336999.89319,107240900741.55807,176505131269.0735,215978085428.6194,9887694887.997383,217663826624.9895,5401996772.766113,10683394682.098423,34084491724.3244,9122401010.436172,301547623.730886,3216179875.3738403,3126392734.0415764,175277405.1580429,32054362252.807617,274598333406.7612,48962142377.82669
2016-02-16,121354706316.7057,355551074451.60925,162929650984.8769,12267789365.614586,374584187.2692108,24461249713.165283,3812063158.6949816,211264700.94799805,58777579675.67444,109933167784.0519,177551294239.0442,217038652941.89453,9947903664.89671,218174240054.0284,6222553544.998169,10177816371.301117,34608204140.03343,9022853377.350925,314187354.28202534,3153226855.3606186,3275088601.0178185,175808204.70428467,32812339686.584473,282294173600.2927,49794906838.41705
2016-02-17,123213183515.31601,364807056226.5199,164102454517.90494,12573836508.752604,383882776.3199806,24949701419.952393,4056497578.3439884,214058333.1329956,58964903804.77905,112715135984.43031,179686980823.51685,217420546523.2849,9866444266.343637,220269533120.6101,6994267517.089844,10293848007.652067,34749351141.0986,9021349062.07835,330438430.269114,3324360514.729536,3360777760.9940605,180700738.23928833,33710999913.024902,282085503434.80365,50858429141.275406
2016-02-18,120877541886.16371,363206422904.8971,161421832733.00955,12359603418.75,416913891.4346695,24456821113.723755,3873706877.3809853,215044332.7630005,57189990961.07483,109843402331.94351,178662727655.0293,221111404737.09106,10123221952.433254,221478287803.29034,6984499266.624451,10389163854.261072,35148622148.77153,9117880418.797493,323215717.87189865,3153226855.3606186,3418743816.0653343,172300349.84874725,33570333622.7417,280311572332.88416,50467136854.68292
2016-02-19,120601237030.73883,360631458244.4652,161449792629.09454,12592670621.221361,422465343.0581093,24613612936.935425,3819768878.687023,215356566.81500244,57671619342.803955,108856282398.4623,178248605088.0432,218306907102.8521,10160408124.385784,221612560435.95746,7820962594.150639,10293848007.652067,35183914222.30426,9083193240.587296,315993027.0,3033069275.6803093,3379679725.023758,176835172.7991104,34386937413.0249,274728719663.62766,51079162776.16882
2016-02-22,121656043268.91899,366407568861.75995,163543942642.7286,13171806108.736982,437454265.832901,24850166746.536255,3935350596.066989,216901287.8670044,58536786960.60181,112535658658.73337,178989626264.19067,219543494624.05334,10244525058.616337,221317084604.84528,8962463594.503403,10409883681.18494,35180211594.75993,9007772951.248024,332244102.9870887,3215126256.6803093,3406142666.9465446,178392940.44017792,34351774140.930176,278328866756.4701,51771455919.81697
2016-02-23,118905991946.16699,356177376434.42285,156702868719.05438,13017369439.89687,438564644.33670044,24449319501.52588,3815059714.1779795,214847142.8670044,59294913095.47424,100281808482.10321,178292249849.70093,218139268116.2959,10281715623.189821,218201107253.76926,8182626649.772263,10521770140.99654,35226630478.0952,9006262901.609734,328632757.55113935,3109533221.5901546,3374639313.4465446,176073598.97518158,34609653538.51318,275537531692.2217,52102549015.84053
2016-02-24,120676565981.06575,357430131258.0284,156758718506.47705,13043265895.511456,441617879.986763,24572368490.982056,3921652173.3590174,215323693.47399902,59865733509.06372,100034424885.29279,177747389694.21387,219983654856.49304,10348620511.472208,218980050106.63312,8137420060.52475,10600512346.516508,35131916555.74246,8979113547.131939,335855448.423038,2985734418.9507732,3384720376.952484,180677661.91196442,34855793142.700195,272850401324.46088,51279818571.04683
2016-02-25,121505343066.45393,362580000235.70087,159187967244.64725,13069397642.822914,442589376.3899803,24852552788.864136,4046651811.5070047,217427135.94799805,60686317382.8125,101601335374.42859,179447306172.18018,222959788963.044,10334349764.515184,220296352795.82312,8047002106.601715,10712398806.328108,35646349926.57683,9068108035.846298,346689484.730886,2996657740.581856,3339355471.0,182489280.1580429,35133201457.214355,275407067203.6011,52192845349.588394
2016-02-26,121693744758.16727,357012496030.8338,160667937608.02533,13071280874.457808,439674819.3502426,24707345070.0531,4057781933.0510063,216786243.71099854,59321659660.339355,104735136658.12198,176744882413.48267,221702296567.59308,10038164118.794245,219597868968.5983,8397363321.054459,10505191453.4301,35360350931.00597,8872729594.38676,364746233.4359493,3149585632.4015465,3362037923.976242,182985459.71107483,35484840779.11377,274285276004.02484,52152704382.190704
2016-02-29,121417450478.19519,354089683043.98035,157205460802.0607,13007481800.268745,436819444.0603256,24446933459.197998,3998706515.5289726,220483704.71099854,59170016025.54321,103250707062.50119,174979640851.59302,220507581951.61102,10064929236.794287,215300004134.5829,8623404027.362537,10704110471.840368,35235914254.76225,8859113342.99643,375580269.7437973,3149585632.4015465,3338095308.0178185,185650979.09927368,35562986151.12305,271572146616.6449,51570790316.51688
2016-03-01,126239529118.04008,365920448449.7489,165303161943.22012,13631818439.261456,456180999.3982315,25297371385.34546,4208038369.7699947,225035697.05200195,59277063644.40918,108776080061.14392,177028125333.40454,224720324631.60315,10045303006.36952,218335427410.9642,8770330217.844963,10521770140.99654,36132924869.72145,8902998443.81353,373774597.02582264,3302513524.221237,3392281114.4940605,198920824.6974945,36645271664.42871,277598442945.5042,53326600858.81233
2016-03-02,126515749369.84253,368495473453.3721,166866801980.61124,13659362834.814062,458827458.02402496,25205679187.316895,4178500661.008978,224690589.65899658,59054077428.81775,111011227588.71434,179904986080.16968,224343068492.0719,10023893371.837221,222149809381.71866,10137868342.9348,10874017291.657106,36268500185.24867,8934779254.333828,384608676.38430405,3582881441.6393814,3401102015.0178185,194132129.1332245,36469448703.00293,279111445070.18256,53547334493.70575
2016-03-03,127457599196.61713,364319784956.53046,167425215849.14133,13595328468.928127,454788040.75717926,24936740752.670288,4192199491.9670153,224871355.42199707,58991650369.644165,111756234092.98503,180536906279.75464,223525694224.5808,9957874035.939264,221343999329.11398,10296094986.8721,11114373945.32415,36662225532.24179,8931754376.419151,400859730.846076,3943354180.6803093,3456547984.476242,197063031.7878723,37000825350.95215,283233293653.999,52774779032.1064
2016-03-04,129353767309.0229,362092879823.68976,167676574894.91708,13540004386.126041,453395116.0311699,24890047739.730835,4348449039.651999,226728310.52600098,59562483055.114746,112087388578.18277,181953492417.14478,223211279021.23822,10196071813.91548,221048475973.47397,11008118466.160965,10820142108.191319,36868354238.183945,8801608167.878521,380997287.8977213,4627888470.909845,3485531012.011879,194986030.27534485,37254783782.958984,285789985610.3906,56938576814.00299
2016-03-07,127922178838.32169,355133590082.39294,167369352060.76917,13249494577.520828,450469875.7529259,24296269307.32727,4087747487.8809853,227960797.52600098,60552517063.14087,112004622113.28381,181103654381.56128,223714364398.8263,10210343439.396694,226877581094.60614,11143744203.188515,10994191076.660965,37078221060.11334,8739560419.386692,356615898.6753073,4627888470.909845,3548537719.011879,194720625.0,37524389772.03369,281511569209.32886,57420170338.55438
2016-03-08,126867372600.14153,359448309292.0588,164130358410.19208,13189698156.358337,442251786.0531807,24321157564.224243,4119425651.73701,226448949.81500244,60686317382.8125,108113820327.19397,181016332075.5005,222624468885.45172,10299556692.458673,221961818191.07916,9787506531.553555,10739094671.793367,36714220832.907394,8874243466.935528,351212632.6882682,4154540250.8606186,4119378330.6069107,193451327.95715332,36645271664.42871,276059233183.1957,56537235798.98071
2016-03-09,126980381888.81111,367729899384.96893,165079720790.68097,13171099335.586452,441973207.8909874,24726095167.510986,4195196047.450013,228634563.1040039,60677334365.84473,108776080061.14392,180798436094.66553,223923918395.08154,10371819699.781376,221343999329.11398,10341301576.119614,10842794735.960781,36729085758.697174,8918129523.480247,342207167.9058659,4067152983.3196907,4131979960.428726,194132129.1332245,36770306900.024414,277181050460.0233,55824884432.16133
2016-03-10,127043168352.11182,362232031222.89667,163655656218.52344,13158387297.535944,441276796.400547,24956513439.697266,4167798793.784004,227796455.8959961,60569476802.82593,109852270592.47966,179316513945.77026,224552685645.04694,10320967205.515163,220752952617.83395,10849893016.080666,11344697192.617275,36775509373.82483,8966562932.036983,367422430.64938545,3990689037.4098454,4115598082.011879,192839766.76750183,37485322036.743164,279346270718.7991,56115851273.420334
2016-03-11,128411938633.15392,369330562878.1874,165694026449.48215,13409816232.962494,427219146.0112839,25389404446.56372,4180641116.103986,231132385.36999512,60353859851.83716,114156953939.50977,178161457623.29102,225747337104.3092,10332567238.931843,220779819817.5748,10793384182.592773,11066783644.816856,37386516261.42078,9024067151.427273,367422430.64938545,4096282072.5,4172304214.452484,196843801.17607117,38192518345.64209,285033406316.29736,57209465815.24658
2016-03-14,128738445163.04207,370026440560.60443,165079720790.68097,13498335304.281778,428279879.7818527,25572442735.38208,4200760904.096981,229604113.52600098,60524580125.808716,112915191089.21973,176897453310.3943,225642518001.70172,10334349764.515184,221370898211.87338,11268067695.975685,10838648550.12595,36974213897.50877,9042225020.463905,360218076.0,4099923295.459072,4111817833.416847,193901365.85998535,37895561311.34033,284224672519.45746,57440233465.93666
2016-03-15,131325285522.66121,372949344062.2448,165303161943.22012,13584263472.755728,426158347.67206573,25583691220.64209,4189202936.4840174,230721556.36999512,61180512170.791626,112335727362.03603,177202507683.56323,225852114102.43683,10312939251.458694,222472104888.04382,10476928507.004166,10938198391.27661,37076366197.49689,9058871884.134628,347610433.892905,4019818126.5901546,4038729822.559395,191328151.78108215,37739283769.226074,279711482624.282,56406803402.0462
2016-03-16,133070732281.69632,378238454953.91113,164521250918.35303,13519522333.719263,438887508.046463,25815134704.421997,4252987110.265029,229784879.28900146,61090645185.47058,110183385688.52098,177267898332.9773,225118569854.3438,10448542095.8971,222606488411.2759,11550614251.12915,11427659262.542168,37243504934.15437,9213233363.362198,362019164.66234636,4085358750.8689175,4009746795.023758,193139792.03605652,38008876556.396484,280546319749.7465,56095778337.61597
2016-03-17,132857245615.93056,380395724043.9571,164046548726.6844,13170393460.495834,435174810.71217346,25853303515.594482,4268825988.0680084,234008188.36999512,60605445686.34033,110928431581.94807,180340778041.8396,223714364398.8263,10556488998.80589,225910520319.02856,12319150145.476913,11390328450.596476,38095949162.498566,9317652340.12236,367422430.64938545,4263774508.9098454,4124418982.535637,194986030.27534485,38196419508.36182,281563775866.57825,55604145893.05687
2016-03-18,133007966969.30122,372253466379.82776,168877226316.4344,12997123577.246876,448301649.3975601,25748663760.406494,4328757505.978032,233613808.57800293,60156172119.140625,114156953939.50977,181212580516.8152,225307218976.34937,10571651447.816679,226179128950.39987,12160921113.825607,11527212131.57927,38064364448.30255,9267716527.748287,374626785.2987709,3925148413.1310825,4235310921.452484,202070957.96394348,38282373806.762695,278094093262.3563,55761394515.981674
2016-03-21,132995413906.8222,374828400868.664,168821376529.01172,13041853247.270308,449627695.74806976,25978746413.45215,4326188796.563996,233564511.1040039,61072679151.535034,114570835500.45004,181583025539.3982,224846090712.9402,10488688894.372972,224621179878.63507,12206126509.216118,11527212131.57927,37700366586.9928,9196588411.146713,372825696.63642454,3834119922.6310825,4205067490.583153,202567148.52142334,38219862789.91699,279502812458.7929,55598020533.462524
2016-03-22,134012582108.47092,376289762104.6972,168207070870.21054,13194877267.869272,448832145.4201431,25906821658.40149,4273962998.646014,233646656.84399414,60982830574.035645,113908644697.5238,180319064936.8286,225055665761.43536,10441404086.846016,225964223035.49167,12420865568.212318,11361290010.320446,37583373020.17685,9213233363.362198,374626785.2987709,3641139620.0,4137020612.3574524,202820999.12643433,38383959159.851074,283311551485.3703,55761394515.981674
2016-03-23,133271634158.62465,375593884422.28015,167369352060.76917,13410287714.416151,456522691.2470398,25821949346.191406,4263260723.1709747,231641834.39300537,60614434839.24866,112749658159.42181,180493327083.58765,227403053670.26086,10499391954.59074,224970342584.70108,11019420710.401344,10361631282.842289,37421791773.680145,9293439936.618279,351212632.6882682,3375336594.418144,4047550723.083153,195562971.4717865,38176877389.52637,282007219526.181,55148735951.27106
2016-03-24,132694013501.89209,377264063271.91064,166084960960.4915,13723867784.093742,457185488.4320221,25729234558.59375,4210607079.1840305,230245005.7630005,61099634338.37891,113246365268.99565,180645908908.08105,227004850552.00006,10569870679.28172,225588145605.15698,11426291952.198982,10535846785.066256,37410646036.70805,9301005476.451637,363820253.3246927,3415389005.229536,3807321600.428009,199416993.2460785,37872131231.68945,277363617296.8877,54699466081.71272
2016-03-28,132003200729.89655,372601435392.63196,165861505807.00287,13651358426.820831,461826295.53123474,25676062523.025513,4332610161.84902,232184106.60699463,59824926403.34082,112749658159.42181,180057535121.91772,226837211565.44385,10489577960.854166,226232926715.9187,11460199878.777122,10660286862.067152,37713371918.37373,9399374697.382446,362019164.66234636,3389901139.008299,3789711238.287964,198493874.12643433,38083104263.305664,283546403211.23816,54607570975.16441
2016-03-29,135127896542.70172,380743904257.9309,164828389746.80414,13980712918.847923,469251528.7781906,26105883139.160156,4457609799.997007,233186530.36999512,59745893413.83789,111094003900.90239,180449704177.0935,228744481346.3095,10617150215.66353,227065635651.28278,11460199878.777122,11178780117.835855,38432105157.39194,9514390781.983978,374626785.2987709,3233332024.229536,3885980202.859955,205151873.25286865,39083343241.882324,287998598415.45154,55495905051.09787
2016-03-30,137487123046.6919,383110021133.1698,166727184512.52927,14094420774.571352,474157583.88869476,26189394620.635986,4374561938.610991,234106808.39300537,60422099863.93994,111590671621.31982,180188250855.25513,228409013903.03772,10571651447.816679,227038752610.03265,11629727573.097801,11095820066.501925,38207378141.46515,9444404759.887314,372825696.63642454,3236973247.188608,3878936416.284027,208705891.76750183,39520946763.61084,286005096856.9689,55393804281.36635
2016-03-31,136771821939.02206,388041167125.7019,168392650195.3125,14277041618.347168,472433730.08989716,25982935518.9209,4477602251.869202,233153682.1040039,60149862461.26074,120316111092.80586,177528345851.8982,226774286420.29547,10621568200.302124,225905494682.312,11678303375.24414,11063612394.332886,38571378368.6711,9495994769.606033,370476575.6325853,3326960124.9694824,3884806387.7140045,206300589.40124512,39224006231.68945,275988358615.51575,55332526164.367676
2016-04-01,138026703345.3369,390430081596.3745,170240933203.125,14393924633.026123,479328757.87319183,26213505371.917725,4629585876.335144,236292396.60699463,60650436713.94336,120672092016.53099,180159629974.36523,228849279396.67706,10654774137.878418,224202890830.99365,11170061957.359314,11080262861.251831,38833242857.16229,9456503786.933296,368669374.5060682,3123119972.229004,4025687941.284027,209778720.621109,39294329475.40283,268771930550.63095,56098338335.7811
2016-04-04,139444750299.8886,389446486186.9812,169582065429.6875,14266219558.71582,474687853.92100525,26058540695.983887,4570457138.789177,235355719.52600098,60685569150.77051,120227137033.5722,179469524459.83887,231257155325.31738,10655672145.080566,224743357742.30957,10639231395.721436,10947065202.713013,38770087624.14743,9442829123.271809,366862173.3795512,3112200069.42749,3939985104.4260406,212028616.70684814,39708486415.1001,263164934153.0887,56925423719.98215
2016-04-05,137800814335.16693,383333823451.99585,167175831445.3125,14096666618.347168,474024992.16737366,25835463767.181396,4596298732.47242,232036214.18499756,60281576113.97461,117379395502.25925,179361702232.36084,232023840779.11377,10442954037.475586,222175952644.34814,10548877206.802368,11363301555.633545,38452515743.86153,9549172848.322075,361440570.0,3144960124.9694824,3769753245.856018,210180483.8695526,38884073698.42529,256311969682.30353,56353612329.0596
2016-04-06,139243971811.29456,387268418312.07275,168464908789.0625,14480024044.036865,474687853.92100525,26159008757.873535,4591480532.117844,232857872.18499756,60632876492.87305,118091336178.0119,180763531780.24292,233024846493.53027,10475266387.176514,225148799568.17627,10853823489.189148,11546446563.720703,38751538997.98288,9565880056.809814,366862173.3795512,3159520111.0839844,3795581657.568054,209308077.41737366,39501414546.20361,258310764780.85327,58079257069.2215
2016-04-07,136207141687.20245,382631224842.07153,164196704296.875,14223891874.313354,469782057.08509827,25888249584.197998,4574836751.335144,231395321.94799805,59912727508.69238,114353737610.0254,179534196166.9922,232705324699.40186,10428592993.164062,222608361236.57227,9995457501.411438,11638016029.35791,38404234900.22122,9517267531.23175,363247771.12651706,3061239944.458008,3594825454.927025,205588888.2484436,39106786523.4375,255091952379.96777,57415545667.5396
2016-04-08,134795964069.93866,382350258502.9602,165399835546.875,14300129779.815674,472831602.1068344,25866114018.981934,4546805142.52758,231806150.94799805,59772233745.44336,114620680959.42401,179447916755.67627,232343298399.35303,10484241156.00586,224878446578.9795,10537576669.692993,12112532054.901123,38461820813.59433,9570437959.25129,361440570.0,3155880027.770996,3573693199.499016,205244510.36643982,39325588284.30176,261295943842.87457,57241966021.837234
2016-04-11,135242536434.03053,381577357387.5427,166717499804.6875,14332116140.3656,475748749.1131973,25800380638.549805,4497311970.285416,231691131.8670044,59192584521.85498,115421606280.25912,178434225597.3816,232066409458.92334,10432184138.1073,225175782272.33887,11023233716.011047,12949172441.482544,38383803020.68588,9570437959.25129,363247771.12651706,3228679958.343506,3513818550.428009,207448493.7801361,39169304141.23535,255507266582.08215,57047965241.34636
2016-04-12,137004107438.80272,383966180477.14233,169811231250.0,14506238822.937012,475218285.37493896,26031291079.01001,4685649093.950272,234008188.36999512,60422099863.93994,118091336178.0119,178649859237.6709,233408050177.00195,10505783606.338501,227959415573.12012,11779954522.132874,12749375953.674316,38649381966.20238,9682848686.628185,370476575.6325853,3490760055.541992,3526732756.284027,209663927.9937744,39403730355.83496,263684102372.6315,57088802606.71234
2016-04-13,138988948954.5822,388884401206.9702,177001275000.0,14786420625.686646,487151863.13708496,26289794343.811035,4802593311.832428,236703225.60699463,60729475700.78955,122718876469.4624,177851877422.33276,233983155180.3589,10454619292.449951,229256609474.18213,12220429701.805115,12259861203.182945,38562094592.00404,9582587265.297554,370476575.6325853,3599960124.9694824,3651177986.7850113,214737661.4074707,39872586085.510254,270640920860.8451,57109233549.92294
2016-04-14,139063386388.06342,388954642791.74805,179292947460.9375,14929037683.486938,488477683.4973221,26408316161.16333,4836318625.801086,236177377.52600098,60422099863.93994,125833571936.02277,178330242576.59912,233919173812.8662,10425002732.086182,230878137710.5713,12118783327.102661,11927168313.23679,38619659212.3114,9520301988.732128,383126983.5182047,3370640083.3129883,3570171082.2859955,215747805.8757782,39216194004.82178,272458009629.24484,56925423719.98215
2016-04-15,136272155013.94272,384894237628.5592,177230426562.5,15052654668.807983,492323101.6902313,26565326981.781006,4884059953.024864,235733675.18499756,60650436713.94336,124587702218.07767,178960867424.01123,234643290586.85303,10539891086.57837,229634893280.0293,12265605603.218079,12214115905.517664,38604803750.1064,9571952797.158821,381319782.39168763,3538080097.1984863,3689920380.428009,213704549.6559143,38895813491.82129,269135317744.03113,57313439993.59703
2016-04-18,133332153246.45042,390496481449.158,178376241406.25,15280167463.302612,490201440.44314575,26826890293.945312,4747844186.832428,237261972.1040039,61353019479.71045,126100557628.8166,180113299942.0166,236240557296.75293,10570406538.009644,231823998634.33838,12446318753.242493,12251541300.57043,38827661708.039566,9593221733.436287,383126983.5182047,3549000000.0,3645307791.4299774,216092183.75778198,38770774955.74951,268304663872.90256,57844404210.73151
2016-04-19,132625034194.13567,390012278801.79364,181384098046.875,15100995220.184326,481450193.1300049,26437606683.013916,4132025968.683243,239841965.18499756,61273980492.86426,128592275893.00919,181091843433.38013,239967391735.83984,10600023982.23877,232986151512.146,13564451542.85431,12854555132.368584,38677219100.82637,9614494495.062004,379512581.2651706,3887520111.0839844,3660570075.428009,217354858.8695526,38973942361.450195,271783060383.55945,58722537527.692795
2016-04-20,132897950555.51529,384479241056.8771,184019469335.9375,14933118969.623337,483306541.79714966,26392308550.38452,4238458281.0497284,240072028.42199707,60782162361.34375,132863867018.28098,177329972419.73877,241884094674.68262,10367559438.705444,234580569541.93115,13959754400.253296,12663254039.094944,37834094137.59215,9351688288.509441,384934227.7317953,3916640083.3129883,3668788125.0,216126601.8409729,37676766151.42822,272172449281.66644,58038404991.22238
2016-04-21,131458931315.13596,385793376877.0029,182186171289.0625,14886171778.023834,482776207.1961899,26565326981.781006,4160057577.4908066,238050756.7630005,60132284248.160645,132596902497.18475,175699099044.7998,241862831726.07422,10134198655.700684,234553618713.3789,13011029451.37024,13386871042.015686,37011370297.24274,8981419008.057907,388548629.9848294,3832919902.8015137,3637089741.8579865,216103656.45217896,37438432173.15674,273704028636.2874,58028199328.03917
2016-04-22,131099207847.11838,358128098196.516,183245997265.625,14638462279.011917,480919955.38201904,25127052322.96753,4200352936.832428,240104901.7630005,60351864977.00195,134465728245.80002,176025291023.2544,241330445141.60156,10271523932.266235,236553462631.2256,13180444450.378418,12987634109.78036,37540659130.282104,9033155670.063538,401199037.8704488,3927559986.114502,3673484281.284027,220167223.5031128,37457957789.61182,278921636135.72266,57997567625.8564
2016-04-25,130354875301.74255,360410429414.26056,182186171289.0625,14772933175.616684,483306541.79714966,25278267916.900635,4097862484.60865,240219920.84399414,61010535195.40674,133130831539.37721,177025539550.78125,241735082904.05273,10274217070.007324,236012995719.90967,12819032466.888428,12937732908.438406,37824812726.82129,9177695340.703995,388548629.9848294,3734640083.3129883,3606565397.7869797,212935441.24221802,37559556344.60449,278636024854.3446,57395134341.17317
2016-04-26,129449308663.60664,355776500932.48627,183131392968.75,14553061533.44429,483704349.2454376,24704731728.08838,4048369312.3664856,241600325.34100342,60861237332.24951,134287716612.23984,172981016407.01294,240457188249.20654,10368457445.907593,236823704055.78613,12965851163.864136,13295379434.777727,37876800929.79831,9068146450.2266,386741428.85831237,3768881504.7892838,3669962164.071007,217905854.72297668,37668957225.03662,278584097845.63043,56384263648.08655
2016-04-27,121348656270.93315,352318176178.2676,183647069531.25,14309834637.636642,494709655.8210373,24571562029.907227,3987488312.099457,242553451.63000488,60966610653.35791,133664792339.11609,173720317840.57617,240159036360.16846,10491421678.161621,239066774818.4204,14287287440.299988,13349439575.518541,37991953829.37497,9045327875.431915,384934227.7317953,4075650994.394642,3695790351.8579865,218066560.02235413,38774669517.51709,276118112470.05176,56394454598.63663
2016-04-28,117639446796.08345,345125362043.7325,182186171289.0625,14202021775.988083,479991684.1954727,24013006449.676514,3954200750.5340576,240039180.15600586,60518711066.54297,131618007886.1847,173437611637.11548,239541448242.1875,10453722169.11316,237904685691.8335,14298580819.129944,13719568991.498823,37822948400.620056,9078759295.322731,370476575.6325853,4053739087.0133953,3651177986.7850113,209572102.64968872,38294097097.77832,267266352900.7168,57221554695.47081
2016-04-29,116287276451.77841,344917863757.8914,181040342187.5,15560650120.42572,471107877.4453354,24109054734.25293,3943251092.6151276,239069604.65899658,58727118716.626465,119904182622.3664,174220388031.00586,234164439257.61865,10553351472.091675,238904655464.17236,15826448090.148376,14542990420.918264,37360505598.658905,9037538736.77472,372283776.75910234,4046434885.697321,3559604954.571991,205841418.89190674,37743188232.421875,263995537090.41766,56966270893.77022
2016-05-02,116163214062.64305,350035934916.42725,182730363476.5625,16132978026.266632,527889436.42377853,24331450488.128662,4078152766.192436,241386686.2369995,59541904632.56836,121633559840.18304,176068722724.91455,235564230786.688,10596433721.160889,240877580429.07715,15317738139.03894,14280993429.308367,37982660589.12314,9130660705.465233,370476575.6325853,4020870877.658037,3528786167.0035305,211328388.2484436,38079209701.538086,265994357655.86722,57027529393.92471
2016-05-03,118073618144.94133,344295338915.0668,179207001367.1875,15837378198.100891,521584075.9277344,24128132872.009277,4009388045.6399918,238001459.28900146,59022177543.64014,118257160898.9486,176351450557.70874,235438882899.02148,10628748722.457886,238120961708.06885,13576828741.650452,14068898650.947819,38064364448.30255,9268054904.587898,363247771.12651706,3809053915.4607162,3459409813.751177,207012290.55404663,37329995031.73828,263346615016.3389,55863485477.29111
2016-05-04,116845510189.77165,344917863757.8914,176371093945.3125,15827468054.257202,509706448.37617874,24227919758.972168,3976538654.1805267,237031908.8670044,59189536476.135254,116363033508.0857,177438659820.55664,234456980619.4253,10722093742.752075,237661522598.2666,13339433471.172485,13453411036.675272,38558373037.29016,9522997857.206268,363247771.12651706,3703145434.362056,3424133800.762945,206702352.64968872,37076970634.46045,261192089825.44617,54924098564.38637
2016-05-05,116371252324.10431,345401946464.0501,175425772460.9375,15548853701.473389,512785705.02996445,24341673351.83716,3914343561.2983704,236440314.1040039,59207162704.46777,115704218941.08128,176786297492.98096,235835786398.00635,10667342703.24707,237931795898.4375,12762897835.243164,13665506826.943216,38710653945.84645,9527580154.222504,348790140.5708438,3677581078.0392838,3290084457.992939,206426854.72297668,36729047648.620605,262879373805.5103,54668834379.52995
2016-05-06,115722251930.37987,348514330795.76184,176457040039.0625,15899421890.152435,518064741.8498993,24698255326.47705,3978728251.602173,237656351.8959961,60123305473.32764,116198342111.41226,178591157226.5625,235543328979.20166,10635031237.411499,239201991157.53174,13328128593.301575,14193657725.74708,39152676697.753235,9706193954.055176,346982939.44432676,3914962396.5593767,3364164399.2594147,209572102.64968872,36503694442.74902,264670537269.90268,54474828694.82803
2016-05-09,115809612747.04933,346301145683.0966,175339883398.4375,16036252430.523834,517331434.1902733,24832787374.51172,3965588578.558922,234846295.57800293,60739982833.862305,115210105566.81244,178569354858.39844,237590824711.3413,10670932964.324951,239364126449.58496,11892444927.751709,13237159342.730656,39564964866.28807,9776418805.234589,348790140.5708438,3637409015.6513395,3405319672.985878,215988863.82484436,36764630081.17676,266357744849.2674,56006457941.86592
2016-05-10,116595880991.79268,352871584901.3142,177717373632.8125,16586404004.672394,527302797.4367142,25181889524.475098,4068516783.185959,237919288.47399902,60599021133.42285,117763018136.49335,179352282657.6233,239575594035.27148,10734658772.659302,243201678993.2251,12276797639.87555,13736203737.18687,39728398609.505035,9803895346.24791,335294314.31872237,3739665396.091963,3353581550.507061,218674941.24221802,36906963111.87744,272094596968.94485,56108573424.230576
2016-05-11,115460127690.93513,353079083187.1553,177058562890.625,16826092334.770508,528769198.53687286,24881150794.311523,3942812922.5091934,234780548.8959961,58930755771.63696,116939492580.69124,178634707889.5569,238948812625.438,10742735534.286499,242029835929.8706,13124646762.301147,14089691324.12733,37744937705.40019,9658870051.738884,333491658.4478706,3644712868.6839256,3178376934.0105915,212579590.66581726,36602533799.74365,255533191886.08954,55649078274.64485
2016-05-12,112751775216.43639,356260613623.9464,176943987109.375,16936972193.35144,521584075.9277344,24796685103.393555,3842950655.515671,235503611.94799805,59321209815.979004,116445408594.60881,179200055408.47778,238656418163.88477,10873776528.167725,244373569869.99512,12468978175.410645,13811061610.644178,37893501791.03499,9791683869.521324,324478357.6042588,3535152635.2107162,3163090497.244116,211730151.4968872,36187399919.12842,263164934153.0887,55322320501.18446
2016-05-13,112976403884.12476,353286551487.69495,175311182421.875,16748004505.010529,600914119.0052032,24686337385.162354,3849082530.7826996,232364872.36999512,57626312606.81152,114304273496.92218,176634091873.16895,237256458748.81152,10838772808.45642,241621126853.94287,11768092465.306885,14168707125.076103,36779767986.97485,9712299213.499466,322675701.733407,3378115789.75,3056086336.9964695,209089986.7515564,36096471803.28369,259037615568.35306,55220224635.66399
2016-05-16,117169994715.59525,358473918677.81726,176628917968.75,16765463349.050446,618656886.8160248,24872638727.630615,3903393485.6767654,233104384.63000488,58584668087.005615,114716001988.60574,177503915519.71436,239095104292.0918,10903397507.858276,244101049339.29443,12480281859.146362,14730129539.070854,37320718322.356705,9756570486.093613,326281013.47511053,3462112015.1839256,3066669185.748823,209480277.30560303,37887458642.578125,261711232578.08914,56026869268.232346
2016-05-17,116683241808.46214,351787706210.80884,176628917968.75,16402391388.253326,619976762.0563507,24528307422.058105,3881931922.2421646,230622961.42199707,57768278942.108154,115374845943.79657,175307694625.8545,237820639664.93848,10750814063.64441,243991986938.47656,13011600371.862427,14784192715.533857,36588842529.97829,9541325129.5952,322675701.733407,3535152635.2107162,2991413571.758238,205474095.621109,37282553988.64746,261166113587.63916,55393804281.36635
2016-05-18,118018685930.87196,353877141984.505,183446547656.25,16453821183.057098,635813479.7811508,24582460828.73535,3963836733.540535,232479916.52600098,56037906692.50488,120974745273.17865,173633303031.9214,237319143185.52002,10592845227.81372,243501500984.1919,11915049906.952759,13939975577.212715,36218213061.63547,9292484562.907104,317267734.12085176,3494980224.5392838,2891464569.2523537,206920443.31550598,37369538035.583496,263554348518.09552,55455067685.73189
2016-05-19,117569345016.62254,350464334917.8451,181584534375.0,16479062711.800995,638599470.4961777,24362111219.543457,3922227281.583786,231362448.60699463,61406530990.600586,119657116139.16985,174372690982.8186,235773206890.0503,10627848063.659668,245572714393.61572,12412454980.191284,14197818688.960733,36285598517.04602,9014635872.235588,308254454.766593,3316031471.697321,3293612149.0035305,205290444.93293762,36891147230.529785,258570323423.72485,54832203457.83806
2016-05-20,118842470642.08984,352553830662.14404,181928275976.5625,16580034226.419067,650037199.139595,24580079336.395264,4050997079.894066,233071511.28900146,61992203033.447266,119574780236.89526,174002980785.36987,237014660931.68555,10710423184.585571,244564329460.14404,12525501370.630005,14027310268.866606,36525207020.03595,9036010985.15664,302846465.66468465,3403679797.7892838,3348877962.492939,205795506.2198639,37749079582.214355,261166113587.63916,55056840844.72275
2016-05-23,120352605055.76134,348444584984.65393,181785099023.4375,16437307276.452332,580331951.263319,24428177327.72827,4156115717.3480988,232496340.65899658,61672759227.752686,119162992968.83887,174394406833.64868,236004616760.68457,10590152090.072632,244182794342.04102,12864640541.946167,14068898650.947819,36641249496.581726,9014635872.235588,317267734.12085176,3305075518.0066977,3327712264.9882317,210662599.76768494,37836053727.72217,258414542397.58224,54893471766.41464
2016-05-24,122187318021.48819,359309579043.15027,184878830468.75,16613062039.628601,594419270.69097,24965616485.229492,4287513283.185959,236160953.39300537,62329417446.136475,120892409370.90407,176068722724.91455,237119862498.8833,10760685071.94519,244373569869.99512,12559414810.107544,13199727876.233511,36993152896.54541,9072654993.716446,315465078.25,3367159836.0593767,3347702065.4894085,217400771.54159546,38555620220.947266,261243991367.26056,56128974942.17491
2016-05-25,124334020471.57288,363000979545.3231,187686079687.5,16710966557.3143,591929394.3137655,25138294329.162598,4388690060.497284,236768972.28900146,62542363941.19263,122868853071.91728,177177701911.92627,238508594537.4453,10689779625.320435,245981423469.54346,13169863885.514404,13465885831.057062,36704882640.62787,9065019109.14006,320873045.86255527,3692189132.387944,3387681666.491762,214760606.79626465,39109123260.49805,266383772020.87402,57487024543.51044
2016-05-26,125319969090.50941,361399104772.7507,186282455078.125,16865725710.621948,598219611.66927,25098445595.947266,4503006093.149185,235076358.81500244,62870711097.717285,121057110563.63963,176612408466.3391,237561675503.9131,10833541209.411621,244727803527.83203,12819422224.597717,13494997394.941692,36899560408.988846,9144405680.837929,322675701.733407,3619148860.644642,3366515968.987055,215839631.2198639,39302857905.57861,265475214903.22424,57231745646.02089
2016-05-27,125245092867.94662,364393856766.9834,187428298437.5,16802737081.135254,601495677.6988487,25461844559.661865,4524467656.583786,235569358.63000488,62781978378.2959,122539440890.384,177069068584.44214,237898391870.49756,10835347830.200195,245300177925.10986,12593328249.585083,13291219483.47147,37019359928.69142,9174886001.835136,328083690.83531535,3597236953.2633953,3400616309.251177,219168551.72920227,39567737612.91504,261114161112.02515,56608896130.76019
2016-05-31,124633514914.46495,369129795244.19574,186969995312.5,17051626402.030487,612241372.8600407,25504417992.58423,4492494187.633514,230951619.60699463,62808574131.01196,121798280625.0429,176220982418.0603,237119862498.8833,10860665269.470215,242602114700.31738,12525501370.630005,13478359613.531456,36995038515.81239,9203983204.753029,346110249.5438329,3575324697.5986605,3354757447.5105915,214129258.29315186,39528204510.49805,268434468661.23816,57221554695.47081
2016-06-01,122886225449.56207,368085137327.95056,188173055273.4375,16972595434.716187,613420784.6361494,25491135081.51245,4446066953.024864,233334447.8670044,61819207976.463585,122789857626.83195,177851877422.33276,237309237911.28955,10863377852.249146,243201678993.2251,11982880368.313416,13582331074.688187,37111073894.669586,9320395962.374725,337096970.1895741,3589932751.947321,3398264515.244116,214048905.64346313,39476809497.07031,268226786093.28116,57395134341.17317
2016-06-02,121962637117.0044,365508140553.13074,188516796875.0,17180199089.15909,617745400.5631709,25348431554.260254,4434679125.0,233531637.7630005,62213794112.41661,123450895899.9418,178199763622.28394,240907328775.50732,10832635247.421265,241266749755.85938,12050707247.268494,13453411036.675272,36950114878.872025,9427615390.8238,333491658.4478706,3557064542.591963,3444123601.264122,218904526.4968872,39591458134.46045,269498730404.33112,57180702617.471695
2016-06-03,122212255867.62428,360702486250.112,185165284179.6875,17116503106.506653,609096359.6554489,25061997497.558594,4361972126.602173,231937619.2369995,62143666470.03754,119154088348.35492,179330545177.45972,241475475998.47656,11012562834.16748,240830707344.05518,12559414810.107544,14721814695.995321,37341318180.52185,9657360499.0429,344307593.67298114,3557064542.591963,3416872297.3368073,216597245.04470825,39872170225.5249,268668127467.00217,57783126093.732834
2016-06-06,123098390417.86194,363070635400.52673,186998582226.5625,17144575847.794342,605951155.5045362,24864459388.702393,4412341639.056206,233055087.15600586,62301493790.980515,119980395985.80437,179982777729.03442,243600702950.4248,11008041862.869263,243474231399.53613,13169863885.514404,14734288478.469715,37187823567.217804,9583849305.668106,351518238.6457412,4079303095.052679,3345418948.6423492,223507616.70684814,39563783642.578125,273963587279.159,58293678984.500885
2016-06-07,123597659261.17897,362861547893.71027,186368386914.0625,17074038518.11142,607130567.2806449,24899545137.23755,4375112217.348099,232381321.57800293,62283951477.45499,118575660267.25952,179004309940.33813,243516550090.9668,10950174314.117432,247207773826.59912,12706375834.158997,14544932271.211796,37345063394.19768,9678813196.842361,346110249.5438329,4159647568.112056,3344247556.6319275,222554857.60498047,40006592015.07568,273833782490.8234,58518326179.80766
2016-06-08,123485308361.57799,362443732703.69446,186912678906.25,17142453788.29712,605165029.5009356,25302790214.263916,4286199608.273506,234221827.47399902,62503173923.471375,119236718132.49365,179721949596.40503,243663849073.64404,11113828171.920776,247425834877.01416,13090732128.688416,14723884046.620789,37708204801.08504,9727829598.913605,346110249.5438329,4210775584.1906233,3316134818.6423492,220741164.7453308,39971009582.51953,274249096692.93777,58385569186.83815
2016-06-09,124371422017.09747,359518456652.8568,185480339062.5,17166280610.709534,620890286.4702153,25288828748.168945,4252473876.602173,233728827.65899658,62336554639.90411,117253564128.91553,180852644634.24683,246188791615.14258,11209665692.520142,247098838928.22266,12322020733.76477,14940292586.211834,37745647474.25853,9799816872.022339,333491658.4478706,4188863676.8093767,3271623039.347229,220500106.79626465,39753567617.79785,271263917630.91647,58069031789.19411
2016-06-10,123348030063.2,358543514562.41797,182873625976.5625,16936500624.57428,605427071.5021358,24971068504.54712,4106184375.0,232956467.1329956,62380389617.856415,114278833123.54834,180917846260.0708,246209903280.1338,11196104546.356201,245218432922.36328,11711569270.087524,14894514907.50987,37485467503.85779,9848828484.903557,324478357.6042588,3925918350.25,3083033170.652771,215529693.31550598,38500261335.754395,267889324203.88837,56527206687.395096
2016-06-13,121488379251.33705,349210799391.8934,181240835546.875,16873511995.087585,613158742.6349492,24926451546.844482,4110564405.248642,231608961.05200195,61845506585.42222,112378318700.1711,179547984867.09595,245746957624.3623,11174406535.720825,246880857566.8335,11756787587.435974,14936128587.275991,37760609401.79228,9821257117.927734,317267734.12085176,4006262823.3093767,3040863951.958313,213876727.64968872,38085143957.51953,263969688187.1097,55873710757.3185
2016-06-14,121638131696.46263,347051617807.0894,177831977929.6875,16969292653.395233,614338218.0598316,24973106789.520264,4122389985.6767654,232200555.81500244,62213794112.41661,109568837467.01924,181244016609.1919,246441313150.76807,11300081583.023071,246444783279.41895,11542000878.564636,14628168737.910604,37964641923.70615,9854954816.783958,311859766.5082965,4068347141.362056,3037349999.347229,212935441.24221802,37401156596.37451,262386156356.87473,53218899480.06821
2016-06-15,121238770948.07625,346076585760.74634,177516908789.0625,16850392525.840912,620628371.7665625,24937007138.305664,4129835953.558922,230803727.18499756,62362871082.458336,110229924720.43979,180374257850.64697,244947484473.76074,11197008740.615845,245708887001.0376,12435064735.933105,15081788609.34617,38226698049.78909,9864147188.118576,315465078.25,3973394613.9540186,3018608174.0208435,212200794.70062256,37235109645.08057,266020308426.7744,52943199447.790146
2016-06-16,121750472148.70453,350951895918.96875,178233064453.125,16927063849.38858,623117993.5486722,24666585932.18994,4180205048.31028,233334447.8670044,62520704347.933174,109982005979.83717,181374528007.50732,245431352922.76904,11288328825.378418,248597630126.95312,12186362199.313843,14819604414.867954,38599203673.81412,9966771867.657349,315465078.25,3841922124.8160744,2992837996.6319275,212040089.40124512,37784658714.29443,264748389582.62427,52647083184.934616
2016-06-17,118979696703.67241,349141143536.6898,178404899609.375,16664727618.820953,612241372.8600407,23985418865.142822,4136843751.335144,231263853.65899658,62213794112.41661,110725693629.21004,180765759601.59302,242990437326.2256,11310929262.542725,247235123100.28076,12593328249.585083,14836254339.166946,38539303913.96283,9821257117.927734,315465078.25,4130431459.414735,3043206735.9791565,205680713.5925293,37420929748.53516,267993178221.31677,52391819000.0782
2016-06-20,118692645065.45067,348723268376.07117,178662752148.4375,16844494316.364746,623249110.0224328,24049446688.354492,4108374390.124321,232808574.71099854,62345322824.40095,111882530199.27657,180570014133.45337,245220907816.87256,11233175627.13623,248325237098.69385,13056818689.210876,14703077206.737728,38739588856.30467,9764587590.196014,324478357.6042588,4082955195.7107162,3063119953.3159637,211179155.64346313,38290727311.70654,274638485591.04477,52698140926.11694
2016-06-21,119703573319.95964,356523764629.2269,180324215039.0625,16887194689.14856,619448769.0441327,24143113480.59082,3985298296.975136,235865143.47399902,62660995299.882484,112543588064.5107,181374528007.50732,244463385181.49707,11235885558.319092,249442620681.7627,13124646762.301147,14494996665.018368,39014752047.30492,9853422275.975853,319070389.9917035,4159647568.112056,3078347826.0312653,209147372.11799622,38939115737.91504,278064980559.88727,53249521373.82889
2016-06-22,119254305537.22382,355130767466.36096,179636674804.6875,16764046842.838135,618924366.797864,24197261647.460938,3942375170.105934,236538909.05200195,62915308317.48178,112460958280.37196,181722414207.4585,245052581112.20605,11178923971.557617,248461505332.94678,13000293105.72113,14865387153.1069,39044697195.43817,9858017982.72416,311859766.5082965,4163299320.4866047,3159171863.9687347,206185796.77391052,39041912365.72266,276455574359.4445,53525216501.895905
2016-06-23,119940717923.83194,361538446468.4592,183475220117.1875,17034876711.03714,635436449.9072547,24347117511.44409,4014643998.397827,239891262.65899658,63222212608.466484,116014087978.64813,183114088783.26416,246988432651.74805,11194295273.971558,250178341644.2871,13305522419.965332,14728046021.741838,39138280219.40996,9879464933.49559,315465078.25,4393376437.690623,3150972343.3159637,209996833.18138123,40085664820.86182,285411213413.10767,54525881531.79932
2016-06-24,116570932698.2975,347051617807.0894,170727880273.4375,16489444424.421844,599267652.3765235,23336612846.92383,3873610031.850815,229587689.39300537,63099458025.51083,107420433691.22578,178873906688.6902,243306125970.8208,11193392847.442627,243610579322.81494,11960274194.977173,15477139817.179642,38653477332.514984,10070925256.652206,308254454.766593,4115823405.0660744,3029150478.694458,198724451.1528015,37563256178.28369,269862168531.5309,52136535198.37761
2016-06-27,114776134580.69038,337301147417.15186,165027407226.5625,16310149295.655212,592846891.3862214,23198342196.502686,3737394265.6583786,227599266.0,62696068037.86981,100644703227.29053,176634091873.16895,245241998496.11328,11562284660.339355,242166104164.12354,11451561855.597351,15685226430.34338,38924900041.63179,10257793704.412537,295635842.18127763,3871138233.5133953,3012751213.9687347,191848519.4683075,36570902037.04834,260257607403.789,51983381591.674805
2016-06-28,116709031877.15721,344335549204.27386,170498714453.125,16701529782.128601,601495677.6988487,23543011469.63501,3853024390.9254074,230524366.47399902,62704836222.36664,104941549963.12598,179308807697.29614,248777006194.36328,11614726159.667969,247752878639.2212,12084620686.746033,15468821938.38192,39887022485.75867,10446192777.304962,317267734.12085176,4031826831.3486605,3064291345.3263855,193019391.1304474,37322096992.492676,259193345660.69604,53331210817.193985
2016-06-29,117719123899.56856,351996673776.4196,175311182421.875,16882003832.838135,611324003.0851321,23676857102.93579,3988364234.60865,233548061.8959961,63537879139.41615,108990438774.11026,182461812973.02246,251091566587.2168,11550533670.425415,251977002647.3999,12175060903.84851,15685226430.34338,40231435458.3707,10516856318.290695,328083690.83531535,4243643793.5459814,3159171863.9687347,200101918.89190674,37998146708.6792,263528372280.2885,54127659595.00122
2016-06-30,119215524823.24791,354005696289.0625,176508453625.48828,17282222145.080566,616041650.1895671,23960410753.64685,4008232688.3716583,237935712.60699463,64028921249.366196,118055312572.61467,184724891406.25,255236818923.91553,11820662205.505371,255465389755.24902,12762881429.672241,16356110149.383545,40600174575.654144,10777429503.667145,336310988.4665415,4339850125.312805,3221254300.0,201675555.3188324,39223775198.36426,259556707387.1964,54913878188.57002
2016-07-01,119577177141.2983,353936475585.9375,175363400356.29272,17525172191.619873,611454992.2613454,24189275623.809814,4235634637.7716064,236571782.39300537,63844771541.337135,116542926851.12286,184964883316.04004,255215749230.4253,11759926970.672607,255737926223.75488,13003478977.20337,16866193572.998047,40645126603.34885,10820930103.148727,336310988.4665415,4653750000.0,3259909342.6631927,198645000.69236755,38919342585.754395,258648201203.34625,55414220511.94382
2016-07-05,118454839913.78403,354005696289.0625,170468319190.979,17583614410.40039,620497191.6440282,24006734944.152832,4289965974.456787,233728827.65899658,64134139463.32817,113340209064.1222,186404791372.68066,261351755255.12695,11863266725.92163,253503206871.0327,12029647436.141968,16882912853.240967,41223512514.21561,11105285480.646343,318229748.355639,4401900153.160095,3234139388.694458,199209625.23078918,37693733898.92578,257454083738.11807,55373373338.15575
2016-07-06,119128248513.3934,355458407714.84375,172300395938.8733,17813281883.239746,624428585.4473152,24145689176.719666,4144936856.7142487,234188954.1329956,64730429509.899506,114407771112.94556,185510274099.73145,262142655065.91797,11865078025.054932,256419235519.40918,12476462808.609009,17317738166.809082,40719983558.9415,11064888053.105507,307381017.2218051,4343499860.76355,3299735777.3368073,199232680.54962158,37515808534.24072,259011613863.64624,54954730266.56914
2016-07-07,119639515871.40846,355458407714.84375,173416763143.15796,17788164939.88037,640677926.4189954,24087444667.99164,4166844640.285492,233202979.57800293,64476146214.95952,115742231584.10739,185073952792.3584,261864816865.53955,11633019945.144653,253339716865.53955,12224411808.013916,17125414596.557617,40354977825.852905,10743239388.840752,305572895.3661661,4365400013.923645,3286850688.6423492,200315840.96717834,37405117167.663574,261114161112.02515,55210014068.26973
2016-07-08,120562300268.46123,361823287109.375,176995070514.67896,18011311809.539795,666362943.4921875,24445732755.844116,4252722867.7425385,236062333.36999512,64747948045.29758,117165675774.12128,187124701998.90137,262591442742.91992,11778055912.780762,254920364631.65283,12831622721.672058,17200676773.07129,41098096356.94739,10862889289.405918,312805382.78872204,4431100125.312805,3407501384.6736145,205443572.45063782,38437017613.220215,264956072150.58127,55710341679.01039
2016-07-11,120936478788.14125,363829615234.375,178254641835.02197,18203786602.020264,681695296.5816011,24766554366.57715,4148003921.3428497,236522459.84399414,64940854048.75974,117521515727.9377,187081126290.89355,262762541445.92285,11756299055.480957,255874242271.42334,13347179386.138916,17167226013.183594,41506166132.567505,10957668279.296436,312805382.78872204,4299699902.534485,3453184555.9791565,208047768.51654053,39441227064.51416,274275047463.84497,56527206687.395096
2016-07-12,121485115981.01807,368118737304.6875,180916861349.4873,18069271293.640137,691916653.145298,24947392143.63098,4204963991.4855957,237738522.71099854,64248143695.382576,120457335092.59987,187081126290.89355,262741159437.56104,11542371689.987183,258762953521.72852,14779277332.305908,16707311613.082886,41453747336.48309,10887746636.419258,318229748.355639,4686600055.69458,3477783341.3576508,209257678.24172974,39884032136.535645,276559377443.0733,56721217276.30806
2016-07-13,120799264687.78992,370194256347.65625,180802385712.43286,17934514617.91992,691654547.4953241,24844204105.430603,4225118868.2289124,239809091.84399414,64555059875.431,119567719387.79355,187386525164.79492,262912215504.45557,11618513601.3031,258572305496.21582,14848021044.73114,17014825523.277607,41974126204.45413,11001175660.608673,314613504.644361,4547900013.923645,3449670603.3680725,209234644.90127563,39974966853.33252,279985897878.8156,56496579889.42337
2016-07-14,123193564621.28448,371785528320.3125,183550451351.16577,17899980663.29956,698730954.5032029,25059443134.918213,4294785528.0570984,239480433.65899658,64625193462.341934,121435934516.25824,187342906054.6875,263296878474.42627,11534209323.883057,258762953521.72852,14836567591.667175,17322832444.799362,41586653921.10297,10929699040.845795,312805382.78872204,4529649944.30542,3415700905.3263855,209960590.73638916,40710339326.47705,280297408997.3012,56557838389.577866
2016-07-15,121282773868.05534,371508734863.28125,183722214289.85596,17760875690.460205,690606061.246655,25053658505.767822,4310997095.685959,239874838.52600098,64598882964.31958,121524928781.95381,187648370031.73828,262912215504.45557,11565031538.391113,259226185829.1626,15019871249.198914,17202131816.231174,41730793780.854126,10852009295.37077,303764751.9560144,4434749860.76355,3416872297.3368073,215722090.73638916,40172638966.36963,282477859492.2013,56292353828.905106
2016-07-18,122572011230.65567,373307549804.6875,183092421560.66895,17776091045.37964,694144296.5749812,25652045381.263733,4329399483.457565,240860838.15600586,64747948045.29758,125528278554.90875,187473785086.05957,263211414395.1416,11625765887.069702,258408640174.86572,15054243710.517883,17326987835.110943,41607251413.37192,10873765408.109264,320037870.21127796,4474900083.54187,3468412428.694458,215941017.3625946,40773589649.96338,282971102407.7367,56394454598.63663
2016-07-19,122621086958.73833,367288595214.84375,182806168846.8933,17869793163.29956,701351820.0566206,25659200192.04712,3761113775.543213,241435983.71099854,64590120724.35461,126862717932.38354,187997388015.74707,267721525895.69092,11611262201.690674,257454842224.1211,14263727929.115295,17227104639.25323,41747629498.17389,10921937720.078602,325462235.7781949,4412850055.69458,3421557641.958313,214961572.9122162,41761996421.813965,281802935713.4158,56057505874.62616
2016-07-20,122731622970.36743,386798110839.84375,183006518884.27734,17676305754.257744,710524881.3179693,25784185383.56781,3851811974.456787,240203496.71099854,64704113067.34528,128108247418.91098,187601669372.5586,267486387757.87354,11531491489.02893,255983129356.38428,14091872883.796692,16353056845.510065,41786945961.13339,10845800044.990425,323654113.9225559,4434749860.76355,3478954733.3680725,219490107.86819458,42762258503.723145,283723929433.0435,56465938378.81851
2016-07-21,122080883954.8111,386036951171.875,182319537819.67163,17645728531.631493,697420617.1996546,25693255624.25995,3767686235.971451,237212674.63000488,64467360196.867096,126951733291.76617,187469726989.7461,267507769766.23535,11626671536.636353,255765163932.8003,14744910922.050476,16864994657.318153,41966631045.31009,11086340399.237309,321845992.06691694,4427450041.770935,3434442730.652771,211781213.6592865,41702690167.23633,282581738976.52954,56180037587.56828
2016-07-22,121135485017.97104,391363996582.03125,183321443524.93286,17655920939.173576,716421812.9009657,25859113098.106384,3763304595.685959,237623503.63000488,64493688528.48505,127930322168.58101,188481169519.04297,267251249620.05615,11767178370.285034,256201254158.02002,14515775299.072266,17177156969.15149,42172530259.32138,11138549625.777924,323654113.9225559,4153700041.770935,3415700905.3263855,216448036.5715027,41761996421.813965,284710313396.5151,56802896911.25107
2016-07-25,119514773229.79546,391692603812.0297,182834755945.58716,17531476272.709167,729657511.7369094,25799170926.475525,3840857873.7430573,236867567.2369995,64669034384.826096,127841348996.5725,188657034826.66016,266952029411.31592,11738172771.835327,251268503456.11572,14183527132.987976,16702673331.732414,42019045109.60211,11124302585.89293,329078501.0439856,4047850055.69458,3510581423.9687347,212610875.46157837,42098057496.64307,284710313396.5151,56465938378.81851
2016-07-26,118692120140.17868,391899794644.3349,183579066725.92163,17436187389.494133,742106766.3253841,25803598473.243713,4005165623.7430573,237196225.42199707,64651503960.36429,129264772092.89932,187491688452.14844,267507769766.23535,11642084416.19873,249442620681.7627,14527231172.561646,17118880301.907928,42022787957.381744,11091090727.684147,329078501.0439856,4070464287.287304,3567978291.958313,213417481.94503784,43003434191.89453,284502605361.65826,57476818880.327225
2016-07-27,126402703261.37733,387964149791.4354,184151600429.5349,17461787765.85427,734637200.8425446,25950726638.305664,4032769623.2566833,236949738.05200195,64291978673.33487,130154408891.3927,185710683294.67773,266695509265.13672,11527866232.299805,247752878639.2212,14962588251.113892,17614179347.97985,41498675705.21585,11008828966.442894,323654113.9225559,3902384065.5887146,3526980688.694458,210847857.86819458,43315764843.75,287020594146.65063,57527866813.08746
2016-07-28,128109418335.96039,388102316647.756,183493192325.59204,17839624798.387985,736209643.7960668,26082531299.78943,4015681393.2857513,237327693.71099854,64221833197.360214,130599253657.74823,186480159118.65234,266032901504.5166,11550528739.16626,245818060966.4917,14825108087.539673,17759850775.512466,41942309632.43106,11213483689.753487,318229748.355639,3924307375.808464,3489497038.041687,213267677.318573,43521354798.88916,287513786128.38635,57732083065.18364
2016-07-29,127949796318.60924,391347394753.8432,183121079349.51782,17986586439.001877,748265867.207128,26950995908.294678,3998155250.0,237081206.34100342,63985074382.350174,118950153139.46065,188195323291.01562,262091603779.92307,11629392029.953003,242411386985.7788,15541374882.952967,18313410296.36692,42498238456.620026,11338824893.460617,323654113.9225559,4015655314.808464,3502381903.3159637,201525750.69236755,43339478764.34326,289694262090.1863,58171152175.769806
2016-08-01,130208944787.99248,390656976637.47015,182634448322.29614,18198261548.651596,882758640.7661438,27277945348.54889,4134859418.3425903,236522459.84399414,64744188293.45703,117636705329.56242,178265477321.0039,262447364620.622,11648427507.781982,233990360740.66162,14965767139.080893,18380011912.637043,42603057121.61929,11445118424.278027,318229748.355639,3745265499.0,3472193035.6043777,198207125.46157837,43371110527.038574,288733828897.62195,58252836714.92386
2016-08-02,128281311854.74205,390656976637.47015,182205062182.6172,18028542410.43132,872021780.9677124,27250020365.707397,4099368800.600052,235503611.94799805,64173802167.892456,115994859071.9852,178987537876.62125,261296234920.80353,11569565103.149414,237206227317.81006,14869834204.06977,19087577930.338818,41856191010.95279,11107188186.208317,310997260.93308306,3672187217.4929466,3368895977.9562225,192710662.7254486,43244593377.68555,285463114954.92206,57170496954.28848
2016-08-03,129889711030.92957,393349773757.417,185096317799.37744,17887742148.897606,874355650.9017944,27209150703.23181,4079213923.856735,236029485.1040039,64007074922.561646,118868053527.5409,177357643409.79193,259307990194.21722,11611262201.690674,238432577674.86572,14857843378.896923,18737954359.91477,41612849123.768005,10975511567.298935,310997260.93308306,3818343780.5070534,3420544394.835022,192249732.17582703,42876917042.541504,285722648130.8938,56516991215.789795
2016-08-04,130692117170.94994,396249672531.4055,184810008533.47778,18033047252.018852,890539088.9644623,27152271136.436462,4094110915.828705,235191377.8959961,64322979803.08533,118868053527.5409,177522750395.81967,259224268254.99854,11553248346.328735,238405276214.5996,14773900002.332981,18692174224.47038,41109324900.286285,11032623022.323933,307381017.2218051,3957192689.6028214,3422892111.2087555,189541820.14274597,43525305468.75,291537301629.4933,56363837609.08699
2016-08-05,132679617353.64151,400185287658.2171,189790992375.1831,18156542483.784966,905632984.6382141,27481950460.55603,4251408292.0856476,239348965.36999512,64726650581.35986,123547283732.4588,176965715382.4091,260019553621.78278,11420901220.321655,238623305389.4043,14665972441.972008,18492391640.293926,41126189008.36038,10877146429.350231,309189139.0774441,4026617318.383072,3539101385.0218887,191650535.64834595,43331570823.66943,301012083435.7994,50921448253.19481
2016-08-08,133778286726.69029,400875705774.5902,189218458671.56982,18170290298.216286,914035672.1878052,27424057011.749268,4167282553.6003113,239201072.94799805,64358090921.40198,124204022235.48969,176924504809.00668,258784827221.24854,11420901220.321655,241430335388.1836,14737923726.637434,18583960007.41322,41174855493.08038,10858102701.91603,314613504.644361,4132580913.6844826,3535580034.351845,189484214.81323242,43193204965.20996,304776065760.93445,48123679224.00284
2016-08-09,134321439413.12218,401842219794.9016,188560050567.62695,18211772456.520103,916369995.5940247,27500682389.190674,4118209519.542694,241928983.52600098,64533581073.76099,124696522586.463,177398996509.881,258324304372.83615,11428151733.779907,241730157379.1504,14498088222.29546,18729629410.888206,41298393128.7702,10935848889.313923,310171741.7593515,4022963317.191536,3442847252.6043777,190198643.9781189,43446226062.01172,304802016531.8417,49063075945.329666
2016-08-10,133321527876.96266,400599580144.56396,186871078969.57397,18217698737.484512,910456643.3429718,27535083641.62445,4115580368.2289124,241058028.05200195,65337585229.87366,121577058491.31161,178059098678.70807,258177858816.72586,11455348691.558838,237497442893.98193,14414146112.457186,18966867181.482487,40989534844.16849,10980267813.929054,306565097.09891915,3748919500.191536,3501538818.6043777,190797840.50559998,43288087051.3916,303581948295.7063,48276842639.12773
2016-08-11,133235113484.97963,402532756815.6261,187386339509.58252,18281224056.812187,928974026.9184113,27525206806.526184,4201458595.685959,242783514.8670044,65205070800.78125,122151716846.53178,178925620211.74146,259035909546.56934,11514267310.333252,238349462020.87402,14522069872.641155,18908608730.757584,40160311886.9729,10816856909.903366,304761774.768703,3789112467.904232,3580185526.0,191431609.0221405,43762523886.1084,305710522715.69183,47892357397.46475
2016-08-12,133543730440.55367,400047031623.633,186985582882.69043,18312511999.126877,980946468.5916901,27486032187.10327,4232129659.828186,242750641.52600098,65284585407.25708,122397986486.12749,179565178176.73303,257884863339.08615,11493418761.062622,241455182426.45264,14174308074.663876,18800382369.354652,40285723312.44873,10889836987.032337,304761774.768703,3617378245.0141068,3597792951.0218887,190624980.56030273,43596460432.43408,305762449724.406,47603720056.4518
2016-08-15,135148542720.5944,401289938808.7613,188130636151.886,18216038583.09778,980012996.1967468,27448914150.05493,4176045834.171295,242849236.47399902,64780977035.52246,123300984896.69955,179523906520.4649,255980361424.80237,11360165099.334717,241345259384.15527,14594024957.483585,18696341759.12773,40381934847.09256,10786719547.909035,304761774.768703,3811036126.5887146,3667049016.8131332,192146016.20864868,43817872869.87305,305217330733.95605,48036663807.44362
2016-08-16,135025087716.25328,399066635520.2962,188101992501.0681,18110557292.34066,974099795.1030731,27286462481.414795,4167720884.771347,241961856.8670044,64401054746.62781,124532372022.8961,178616174414.0291,251836407220.1085,11239602051.54419,241647583610.53467,14486096130.396944,18434127117.396137,39908481164.2424,10620127620.369839,297548463.9505404,3694110527.712696,3667049016.8131332,190590430.54962158,42679238328.552246,304438552937.74207,48572694074.58687
2016-08-17,134827561764.83536,399900363106.1877,188617281317.13867,18124542013.334793,951536911.0107422,27430525421.791077,4222490134.771347,244985552.28900146,64436380029.678345,124368172799.0566,179400071190.7053,253887417309.75406,11403675269.317627,242169897361.75537,14390161928.660154,18313410296.36692,40361171742.09,10726428055.73441,301155108.61097276,3694110527.712696,4231661819.0437775,189000250.92315674,41690831556.70166,309422578032.11273,48624222620.02945
2016-08-18,134654743258.50868,400178212849.30914,188789015979.76685,18120512793.31993,966319649.2195129,27339593042.633057,4213288940.885544,244541849.94799805,65646839105.60608,124450272410.97635,180390326248.72208,252652607416.88452,11508828982.162476,244368613212.58545,14665972441.972008,18492391640.293926,40432863128.57446,10758159381.759075,306565097.09891915,3880460406.904232,4316177817.3737335,190797840.50559998,41920132131.95801,308747603319.5275,48490229765.87677
2016-08-19,135000400826.44081,400317271488.2652,188531406916.80908,17951032370.109512,817531681.8180664,27234007841.537476,4200582351.2001038,244443255.0,64330374435.424805,124942821422.22226,180122152107.27786,252652628289.96835,11338408242.034912,241317782608.03223,14354190719.86728,18384177423.236767,39970708965.949036,10597915692.152573,301155108.61097276,3832959436.808464,4438256382.121201,192019266.90101624,42196893553.16162,310512841479.9125,48325301148.45657
2016-08-22,133951105233.01697,400664591098.68896,188359629840.0879,18002468220.945557,820945613.1895638,27142058960.517883,4173855014.028549,243950255.18499756,64233191238.40332,124614442438.65228,179173189066.48444,250988208585.83002,11334782985.305786,241839936981.20117,14186301433.28806,18030394414.38588,40082014918.31351,10702632027.12561,302958430.94118893,3690456874.9858932,4325568235.087555,192295820.83511353,42366907676.69678,313004828560.198,48954099471.71402
2016-08-23,134370823470.3865,402193136261.9551,188273741301.7273,18072869255.935936,827589032.1819491,27129795441.92505,4203649415.828705,244476128.34100342,63588216295.24231,126010028788.68834,180307803297.14108,251641306505.6041,11264981507.110596,241097920585.63232,14366172677.960451,17959639431.861805,39983915398.5065,10675653988.639423,304761774.768703,3745265499.0,4323220966.494934,194070355.09872437,42892732923.88916,310980006290.0416,48871630258.79288
2016-08-24,133358537656.40259,402609896013.5934,188789015979.76685,17949609122.28559,814828356.348813,27027967105.95703,4170349618.2289124,243884533.57800293,63817943666.45813,126420478188.0145,180122152107.27786,250103356816.35632,11254103964.614868,241922510749.8169,13286916075.235737,16586129105.504622,40412114218.949066,10578880841.993294,299351786.2807566,3657571561.191536,4312656466.70369,192180588.19770813,42177123701.47705,313835482431.3266,48325301148.45657
2016-08-25,132790708357.79762,404138262820.3324,189132541857.14722,17996305033.418335,809434907.2970202,26949633586.21216,4264114881.7710876,244262489.2369995,62925543016.433716,127487656358.31702,181339309650.47073,249808441015.00482,11286739250.564575,240383396903.9917,13298909433.85992,16715157719.185814,40659213149.29065,10577292796.14624,297548463.9505404,3679494871.4112854,4317351451.670044,193955144.43969727,42094096925.354004,312251976067.99146,48294370289.4001
2016-08-26,132012999385.22911,403165714404.1877,189561956272.88818,18228128051.58941,816012444.4102979,27015025046.173096,4275506895.799637,243062875.57800293,62854862705.23071,129622032163.03111,180679207481.64368,250798660111.62286,11102339428.329468,239861099090.57617,13059072662.792278,16619421817.409168,40321561908.00238,10428166413.832993,301155108.61097276,3686802873.7943573,4369000316.329956,192975678.01094055,42030840000.91553,307917025849.0984,48335604895.86067
2016-08-29,131864878046.3543,403652122379.65533,191651642083.74023,18282408589.62625,815486601.1448157,27103575981.536865,4263238219.429016,245347083.81500244,62563913607.02529,130032462098.24825,182164518805.3255,252652628289.96835,11168064597.320557,241427721588.13477,13166997689.701916,17027309910.731007,40685616550.8208,10531288784.775696,299351786.2807566,3694110527.712696,4363130801.505066,191281804.39567566,42335272613.52539,312381806323.2268,48500538417.49191
2016-08-30,130852602510.00977,402193136261.9551,193226067354.58374,18194469235.199547,810750695.3394899,26970746958.641052,4269810679.857254,246875355.65899658,62485061169.23954,132905656553.80394,180596684530.06268,251704531076.50748,11065826331.710815,240548241622.9248,12663345030.672272,16065859260.468271,40725235848.493195,10413848355.748627,281318541.481297,3642955904.8901253,4252790818.6262665,192387998.15368652,42509234106.44531,314718063311.1694,48583007630.413055
2016-08-31,130976067791.99028,399205664433.1644,193226067354.58374,18231920365.04146,806935413.8564487,26900249410.720825,4269810679.857254,247302633.8670044,62598970934.77112,133111859324.94614,180122152107.27786,251430697089.81836,11040261669.921875,239503741622.9248,12339563616.31502,15916022322.335932,40644109267.98523,10459993417.154034,279515219.15108085,3544299963.5070534,4208185103.087555,192192126.84631348,42125728688.04932,313134658815.4335,48160362722.61429
2016-09-01,131753766486.9194,400108772708.09467,192395896311.95068,18266526807.68257,830746323.9779098,26953036771.5683,4266743615.228653,247072570.63000488,63825717809.37192,131792260856.5921,182185164813.9372,250882924751.02097,11045740761.184692,238679231147.7661,12411517434.431782,16411323392.465483,40747868011.48938,10461583435.728848,277711896.8208647,3489491339.4929466,4199968319.670044,192802840.0440216,42497358993.53027,314146917149.1128,47768648673.871994
2016-09-02,132988234309.21555,400664591098.68896,193197522669.9829,18309669120.373123,822590109.0780365,27139331696.502686,4266743615.228653,247680589.52600098,63527801322.5787,131957209448.62955,181958201245.8954,251388533460.49353,11240182482.528687,240273298545.8374,12567409562.209814,16864994657.318153,40874249454.40494,10545927411.121113,272301929.83021617,3518722652.095768,4231878745.4264603,195637501.3847351,42643649295.043945,316898564739.86914,47211996199.287415
2016-09-06,132951183419.21806,400247861073.13855,193054304415.89355,18699119999.825798,830351415.3666465,27519076357.154846,4385483309.114456,247204013.84399414,63965911720.83208,130142794400.32674,182865994435.19687,252294446171.5458,11437361534.118652,243434084068.29834,12855212167.420183,17480988259.785378,41151532488.39542,10690738451.458672,272301929.83021617,3624686247.3971786,4125202590.9838142,196616945.83511353,42671323786.92627,313238436432.1624,47418164327.37923
2016-09-07,133765933004.14467,400595150957.4745,192252805300.14038,18595060148.445557,818117284.3485281,27518049375.89264,4344296893.285751,245807210.28900146,63142241516.42091,129483009764.23149,181442498971.61865,251999509497.11047,11416364997.10083,242527191078.18604,12711309598.08933,17518451542.43372,41300565021.476715,10819642401.50093,256072007.36097276,3628340248.5887146,4202572104.6764603,197861427.54936218,42038741340.63721,313420117295.4126,47304778968.034744
2016-09-08,130260065766.31355,398997314283.43317,192510400225.06714,18585104647.466286,824037023.1064167,27342653027.61841,4366642590.171814,246135868.47399902,62940700231.36583,130802598500.53102,181091740795.72772,251704531076.50748,11445578841.781616,244753415580.7495,12735293781.886362,17310346033.288334,40949702615.83859,10728932433.62613,261481995.84891915,3825651782.8901253,4261185386.1764603,198944587.96691895,41149180526.7334,314121017312.0052,47366625973.51456
2016-09-09,127309715215.09933,390521217594.26526,190792898080.44434,18018113096.326424,782993186.4173856,26853592499.24469,4228185932.8575134,240942983.8959961,61600049491.15398,129812945876.52444,177914719145.11298,249092097651.24353,11032958873.36731,238679231147.7661,12315584499.42066,16357210211.764017,39593447890.57315,10226067359.335888,247055395.70989192,3591800933.6028214,4229534607.6882477,196697606.48345947,40212178669.73877,308020828932.7272,45397742173.9769
2016-09-12,130161328484.70306,396357132338.9784,191966496034.24072,18287150337.776596,799174043.7906082,27205750137.72583,4339915253.000259,244804786.52600098,63037099032.78606,131132466488.44234,182061410927.99854,251051433156.7334,11254788961.791992,239916036705.0171,13286916075.235737,16798401137.278545,40042400352.4335,10429757418.771687,256072007.36097276,3584493279.6844826,4298697850.561752,198714144.67048645,40777556822.20459,312407757094.13403,47521245939.31961
2016-09-13,133259800374.7921,392744491156.6425,190449329788.97095,18038734817.973404,787597456.0189569,26861761192.03949,4210221876.2569427,240302091.65899658,62616493698.7235,129647938892.1599,179585803824.38947,247785880938.61157,11095036631.774902,234199225677.49023,12171680663.36414,16250746804.555624,39031325150.147095,10111487385.561275,245252073.37967575,3401797401.6844826,4199055450.885292,195810339.35165405,40224037280.27344,308410141430.13477,47253235709.95903
2016-09-14,137975438267.4675,390868626382.95264,190077188536.83472,18040631878.92295,794569519.0801148,26921022202.62909,4250532047.5997925,239562604.47399902,62669050190.739624,128905675094.01868,179503240150.89798,248312550589.66272,11146157093.811035,232522664199.8291,11751967580.721434,16075820660.087582,39193559383.99347,10183094444.169067,247055395.70989192,3332372772.904232,4206089205.651478,194035805.0880432,40318922666.93115,304879843377.66345,47469702681.2439
2016-09-15,142666389270.33044,397329829385.5624,190764254429.62646,18244483646.658714,824695012.7934973,27287827423.347473,4264991126.2569427,241008730.57800293,63440175702.97571,129235630670.42067,181669421817.74997,249934848410.64392,11203668499.75586,233841963836.66992,11727983396.924402,16325699682.60148,39218067702.67186,10237204393.906746,259678673.51870298,3387181745.383072,4262357902.229416,193148515.9778595,40975225634.765625,306748884621.67725,47665562157.720566
2016-09-16,141863972852.67065,397746678315.4642,188416860589.5996,18453786073.786217,826667833.8645902,27176795553.771973,4358755971.942902,238297244.1329956,63851990155.45946,127751073877.97467,181648775809.1383,249134240407.4845,11257527178.192139,230956073577.88086,11919848000.220978,15934221636.503773,39372764191.24269,10259482408.503983,259678673.51870298,3346988429.2056427,4207261274.520584,189945123.3844757,40405910014.34326,297559637696.0497,47541863242.5499
2016-09-19,140209838181.20193,395523493931.3505,189476067734.5276,18372720626.575172,837586878.3897743,27088928399.29962,4296538017.028809,238675224.8670044,63168525662.3495,128575807106.10735,182308939060.83105,247891164773.42062,11387152924.728394,230406362739.563,12003793910.236256,16005024184.38212,39534970034.33473,10378837369.822437,270498607.5,3273910147.6985893,4206089205.651478,189265266.20864868,40856626327.51465,298701802685.6638,47139850350.61455
2016-09-20,140197474181.0169,394689706893.2833,190248979751.5869,18494083699.27597,829956889.4187663,27238438008.155823,4304862966.428757,238149351.71099854,63063394978.55569,128658276536.09882,182742301632.12396,248502140810.03754,11417281280.517578,226860742973.32764,11931843892.296497,15888411140.194954,39365212250.58998,10437714416.192917,304761774.768703,3230063178.7943573,4175610048.848522,191915572.9122162,41465471749.87793,302310029451.55615,47655258410.31647
2016-09-21,140172735903.0075,401289938808.7613,191336731581.11572,18719741721.47278,853241509.8341317,27417242781.48651,4157205115.228653,240680072.39300537,63256151281.952484,129070643150.16515,181133093895.8168,250524721759.5146,11670143601.989746,228949647346.49658,12639355779.972569,17087849474.403378,39776435765.83731,10623899475.84756,302958430.94118893,3339680775.287304,4192021696.1191063,193160054.62646484,42188979011.535645,310071500106.1915,47459403838.05084
2016-09-22,141493628394.9261,401706758012.57526,192911185128.02124,19074349251.721527,855346222.217901,27789151470.314026,4198829862.2283936,240795091.47399902,63326242337.76204,128658276536.09882,183588034629.85898,251683532754.18036,11687488297.653198,229609265289.30664,13166997689.701916,16979562391.271587,40270633626.52048,10802139374.447536,297548463.9505404,3526030306.0141068,4188505042.327938,196236697.9122162,43011338832.092285,313575872854.6554,46974902116.350174
2016-09-23,139135814587.40808,398997314283.43317,192510400225.06714,19099237099.946182,854425470.3411555,27755439238.471985,4203649415.828705,238280820.0,63396356993.25369,127998501632.05809,181050448778.50436,250314070597.56122,11570641780.471802,229361894615.17334,12747287140.510546,16475629727.384737,40270633626.52048,10829190403.860855,293941819.2901081,3325065118.9858932,4180299218.692646,197942088.19770813,42924354785.15625,305425013301.9131,46263629675.96054
2016-09-26,142237847019.54462,395315024877.2678,188302413228.60718,18943030678.04146,846401019.1994977,27336184617.5766,4143184367.7425385,236933288.84399414,62756687610.183655,124452140965.44394,181236140690.27805,248144000437.78265,11523175818.252563,228289933776.85547,12603380771.00269,16350696794.31508,40510194811.58652,10929447387.7317,295745141.62032425,3478529684.383072,4104101773.8691063,196893499.76921082,43003434191.89453,303971337193.8133,45799769778.54538
2016-09-27,142502397392.57812,402609896013.5934,189962698761.74927,19344807932.548576,875342105.9652429,27611365818.69507,4253160781.057358,238839541.42199707,63378840129.221825,126101607421.7093,182288354135.0851,251177882298.54016,11574293621.826172,228784722938.5376,12243629414.57823,16025843641.150225,40165001093.230316,10849878399.883278,299351786.2807566,3441990369.3971786,4118169283.401478,194807839.58244324,43339478764.34326,307138248052.8844,45201892505.92232
2016-09-28,143586112883.49152,403165714404.1877,190964590328.9795,19643711676.93656,878499270.2067425,27588549543.663025,4271125255.514145,238740946.47399902,62905637003.699486,126843861487.796,184557582596.39835,251536085290.0465,11545993402.09961,238844171493.53027,13083055579.863642,16329873289.431719,40104637617.724915,10951720470.509537,306565097.09891915,3661225562.383072,4053694763.1882477,196179070.60432434,43434367451.47705,309989624023.2998,45088487529.73366
2016-09-29,141355767653.85248,398788785777.1748,187930243700.40894,19651533210.403473,886655548.8838463,27335844037.05597,4235634637.7716064,235963738.42199707,61976853815.25609,125029465903.60223,182020139271.7304,247069454082.515,11292212138.748169,237634842712.40234,12819234624.998968,16263232204.037838,39155832803.27664,10789245625.806118,304761774.768703,3884114408.095768,4036110599.864708,190982195.14274597,42987615010.0708,305667763790.90955,43088677775.35057
2016-09-30,142452061797.94693,404465486770.6299,188748958464.0503,20304768180.847168,901389237.1197667,27478225431.152344,4320323394.321442,237409864.52600098,63194827508.03965,139134357573.53305,195850640544.89136,248881342123.87103,11199886848.449707,239888623680.11475,13246069680.213928,16437372398.376465,39048319382.51189,10686629874.728622,309525627.7549505,3890899944.30542,4046661008.422062,192907618.0229187,43323676084.8999,305852195079.33923,42872210804.065704
2016-10-03,141784197210.6571,403201602447.50977,188522255807.49512,20290945873.260498,900468612.7974823,27352466733.76465,4499186102.976799,236243099.1329956,63098434606.53995,138956526860.42975,193472113833.61816,254845101681.51855,11090925857.543945,239256450637.81738,13038720061.302185,15939515825.271606,38073096971.156296,10439138942.095207,314955896.62623763,3595250139.23645,4078312234.094124,188760072.96562195,43066684515.38086,303743968712.30255,42387709082.365036
2016-10-04,142389042640.60022,401937688079.834,190149576025.39062,20225227470.39795,898495026.3996234,27434823196.655273,4486473116.305351,235273548.71099854,62870609175.556274,140467935804.21353,192795549955.7495,254866543855.28564,10886745101.92871,237057655097.96143,12672809196.472168,14328833881.378174,37512869313.582,10169301781.98207,314955896.62623763,3474800167.08374,4152164646.8117523,196433041.21017456,43078553027.34375,303928450934.5319,41882619482.70035
2016-10-05,142452061797.94693,404746493499.75586,193261704849.24316,20475729274.749756,897574274.5228779,27381518102.233887,4659198405.71785,236883991.36999512,62800512219.8262,143223939431.4804,193886679889.67896,255638674620.05615,10853783046.722412,239119003005.98145,13014326519.012451,14471073823.928833,36918681582.032455,9886689005.549057,314955896.62623763,3679199972.15271,4226017506.71323,197020619.0662384,43019246772.76611,308513817179.26447,42800045338.54866
2016-10-06,143510515072.9637,405448664810.18066,193775572603.60718,20410255088.806152,885866241.8791637,27444733943.115234,4606153209.621429,236423864.8959961,60776373386.822296,144201887708.56,194694124224.85352,254716384886.16943,10807083320.617676,239229021675.10986,12563033746.71936,14245160217.285156,37062038330.14325,9833997852.366943,311335717.3787129,3675549888.61084,4203744620.729416,199048321.92230225,42991572280.88379,306853655447.4988,42119698853.004456
2016-10-07,143724729851.36603,405869889480.5908,194460818270.87402,20356177692.41333,879420149.637949,27363744479.73633,4595193651.853561,237492035.34100342,60198057277.267715,143401759653.71515,196396237817.3828,255767391415.40527,11146782253.26538,238404383697.50977,12355680262.565613,14211695224.761963,37124282693.123245,9813238339.26448,302285247.68193066,3693799958.229065,4291664542.979416,199290261.8675232,42058517793.273926,305404232311.6675,41985696190.42969
2016-10-10,146232319507.70758,407555238830.5664,195974045204.1626,20411466922.76001,882709077.6376641,27823729300.04883,4529873617.271423,238609478.18499756,59567166975.935455,144913074179.68176,194344987628.93677,256968684419.2505,11242008239.746094,243076774414.0625,12428864754.676819,14249341562.271118,37254430642.78038,9917023076.862053,305905448.5074258,3788700041.770935,4255324147.46323,201260347.41783142,42299686880.493164,306800938964.8905,41831066416.202545
2016-10-11,146547310384.90677,401586587402.34375,195031788664.2456,20151749629.974365,869948274.250067,27666526985.046387,4409754957.689285,236555333.18499756,59050192340.05528,143223939431.4804,193210245233.91724,252335474812.3169,11092757724.761963,241152921951.29395,12038557770.729065,14161490619.659424,36886609493.22038,9709455575.192253,298665068.4344059,3733949832.91626,4173265463.9264603,199382423.18725586,40607542698.66943,303902041759.4281,41006406164.36291
2016-10-12,147857766852.63635,401024814300.5371,194517864913.1775,20226681671.14258,873895000.6051712,27741711958.190918,4361970466.383934,238132927.57800293,59111516113.96812,142512731978.6215,193275717768.09692,253043321557.6172,11260319801.330566,239476408287.04834,12258102228.164673,14441790176.391602,37522283214.53975,9846770508.398804,298665068.4344059,3679199972.15271,4215467098.155876,199497635.8242035,40556147685.2417,303454078991.75635,40800247844.693184
2016-10-13,147404159007.56262,399690565628.05176,193404370452.11792,20110040340.423584,859687665.852577,27478914188.598633,4393972843.316078,235355719.52600098,59786231024.942924,140734624174.09134,192555562966.156,253665357106.01807,11411394184.112549,237909674224.85352,11758023659.706116,14563115261.07788,37497779627.65375,10012821944.151695,296854978.81064355,3617149944.30542,4120513868.3235397,198587471.37451172,39690300791.93115,302241905494.56226,40893013448.70186
2016-10-14,143696706237.47253,398048981919.0259,192776283420.56274,19956779422.76001,868106834.2738066,27496682553.40576,4448333320.130348,236933288.84399414,59978999128.18077,142245991154.40082,192970150559.23462,252163831167.60254,11356457721.710205,237854609107.9712,11782419778.823853,14320467124.938965,37158233303.51372,9905847989.596848,282374240.2425742,3540499930.381775,4166232156.344124,198391612.0891571,39978917523.19336,303295955010.8311,40800247844.693184
2016-10-17,143599038158.59412,396662585766.0804,191777036235.0464,19714037055.96924,863107656.060972,27573229268.371582,4375122019.321442,236308845.81500244,59777463743.0462,142690520728.2505,191660850634.76562,254158633357.23877,11359205966.949463,237854609107.9712,11611657252.311707,14655151615.142822,37252547389.40959,10003247385.941162,275133881.74752474,3569699902.534485,4075967649.172062,197988378.8471222,39994736705.01709,304191982413.774,41573364838.45711
2016-10-18,143501309056.23627,399712734420.142,193290235169.9829,19828012351.989746,876263049.1736798,28073890210.69336,5207622803.90358,237130503.81500244,60347024370.54511,144557486189.55518,190831675448.6084,247552106236.2671,11455346553.80249,238486766212.46338,11855599117.279053,15132085197.44873,37431752196.65881,10004844954.707817,278754060.9950495,3613499860.76355,3898955288.6191063,198829411.31973267,40457305027.770996,303190623913.2137,41810454017.183304
2016-10-19,143073737876.80817,398811437515.86847,195146007941.43677,19426945206.088646,874421162.7568059,28256718508.850098,5342646863.407135,238050756.7630005,60364541234.57698,146424493614.3341,188104830548.0957,245793231710.81543,11406815849.3042,239586267578.125,12221516424.179077,15405650361.801136,37435530532.88136,9985681036.846664,282374240.2425742,3817900013.923645,3937640269.057354,196018293.29681396,41153144398.498535,302768942986.1466,41738298360.08835
2016-10-20,143000438507.39478,396870536290.8397,194889081063.84277,19251846456.8966,890996673.6323698,28078672080.13916,5407528331.723213,237442737.8670044,60224359122.95787,147224611178.3104,186763462004.08936,246393888838.1958,11365615280.151367,239696222496.0327,12453259585.380554,15418146506.88448,37209168682.684204,9968433788.100266,280564150.61881185,3865350055.69458,3943501507.770584,194059722.41783142,40951501812.74414,306063035542.8728,42305259486.28807
2016-10-21,142438493626.19208,413577140858.7214,195545670417.78564,19457832190.418175,888497371.5234897,28161712042.785645,5589459750.0,235980187.63000488,59882612126.601585,148202590927.99567,185444061218.26172,243326552941.89453,11327159400.939941,238074630508.42285,12245904812.812805,15143193859.010086,37075244762.700714,9880644180.92411,293234799.5631188,3832500000.0,3936468200.1882477,194255581.70318604,41615716021.728516,303770301486.7069,42779442747.95151
2016-10-24,143721217335.0563,422866339146.5123,196630620558.92944,19911615281.14262,930199197.8996015,28560868013.671875,5582007050.039291,236358143.28900146,60627418093.38595,149091618603.08932,184938264354.7058,243691197401.42822,11388505176.54419,238871632331.84814,12416666050.91095,14930734084.457546,37162016371.528656,9944487042.691063,293234799.5631188,3690149874.687195,3955224432.3808937,200511476.2649536,41623617361.450195,304244673429.48254,42068165403.35083
2016-10-25,144454139835.13068,422796992644.3176,196430838317.8711,19842478464.45853,945458984.5099261,28315160366.82129,5546059249.033928,235684377.71099854,60776373386.822296,148647068047.5025,191249428983.3069,244441949745.17822,11492884277.34375,238349462020.87402,12867962688.446045,15243179216.883682,37211044838.36641,9944487042.691063,284184351.44430697,3665872134.93344,3990392311.844124,198495310.05477905,41331053260.80322,303717635937.8982,41573364838.45711
2016-10-26,141204690406.69632,420301408383.55585,197373010862.73193,19543362310.28749,949274074.6612759,28094731695.55664,5566224935.666084,236538909.05200195,60977908771.95686,149980625296.44586,192194990213.77563,245728947691.3452,11555148208.618164,239366373680.11475,12904556222.91565,15072377646.019142,35534126006.48891,9786464171.409714,285994441.06806934,3771864438.7810745,3992736896.7661858,197930783.51593018,41058252410.88867,304376464636.00336,41480586973.92082
2016-10-27,139848748693.058,416627378494.6079,197658482060.2417,19442863603.76364,929804289.2883382,27932405761.23047,5544305820.130348,237376991.18499756,61188223238.829185,150336223777.44104,190391824933.62427,248174141784.66797,11456261154.174805,238899140983.58154,13038720061.302185,14493306242.363987,34562686663.148254,9435295877.928406,282374240.2425742,3793794037.207097,3927089860.5,199923920.38345337,41137328517.15088,302663459087.1303,42202177874.34769
2016-10-28,138920286623.6286,415033002156.29474,197315922222.9004,18444064811.08976,928225802.8334341,28007929855.407715,5548689392.3892975,236637504.0,61328411250.36882,148291480057.37592,190963589682.76978,241619382718.02832,11512111328.125,233017405548.0957,13331450299.263,14739097843.959152,34496663963.94571,9374745878.619781,285994441.06806934,3731660581.6523657,3975152733.442646,220592579.61654663,41694788827.51465,302558127989.5129,36759383921.04435
2016-10-31,138700408856.5483,415379497382.4021,197744129019.16504,18764801854.29147,1142585049.2715836,27677802102.17285,5474163647.023201,237130503.81500244,61488438034.05762,134750681873.48541,190875632501.98364,243002065072.70703,11719959373.474121,229004616836.54785,13744262128.053612,15430645688.944107,35077661824.21115,9488468010.752357,276943971.3712871,3512365991.628709,3926819689.064293,224440611.37199402,41758042451.47705,304798094629.2708,36635689910.084724
2016-11-01,136196147647.56012,414547724943.9731,196916161752.31934,18660027185.55909,1108705928.9216995,27526759171.50879,5405336336.553574,236029485.1040039,60856172561.64551,135649026241.50378,190985557440.9485,241640325532.005,11526764488.220215,229911621391.2964,13707382983.219385,15809745364.526642,34566450803.99364,9248216306.913666,276943971.3712871,3505056357.8594627,3932689285.0,224705580.65986633,41074061691.28418,302347287525.9794,36872771732.494354
2016-11-02,136318306482.86247,411982794181.01654,196088208484.64966,18188424262.502274,1104049398.6606598,26943744395.1416,5363251116.305351,235306422.05200195,60987873840.33203,134587326383.91484,190743632119.75098,240634676096.93628,11324411155.700684,229361894615.17334,13055821123.647552,15488968793.827991,33893064697.33461,9083237781.589874,267893523.25247526,3395409062.8476343,3857557382.2514343,221053430.16433716,41129427177.4292,298789612556.2114,36316124162.12082
2016-11-03,134857139949.47243,410457764344.89813,195231640901.18408,18223349756.285217,1091204415.32135,26730834221.191406,5354483135.626793,236045909.2369995,61145963859.558105,134587326383.91484,190435781986.9995,240990869982.61902,11339062538.146973,229939082229.61426,13191051580.611258,15726422883.198074,33827020705.066315,9057610078.2331,267893523.25247526,3607393670.542903,3825861026.8128586,217700814.94522095,40239853161.62109,298236216823.323,35800713650.31338
2016-11-04,133641521726.85623,406991595998.88464,193461473091.1255,17938723658.025578,1084942359.4474792,26693583484.49707,5349660997.101784,234912017.18499756,60733198547.36328,135159036868.17975,187093236820.9839,241158474762.46216,11278632251.739502,229691695617.67578,13584443843.057537,15747252491.204788,34006220780.523148,9190553727.741508,257032963.93193066,3534295590.0547314,3776555435.745697,219083344.61402893,40520558651.7334,291358065588.6249,35408989793.148994
2016-11-07,135569294125.37003,418845695389.02386,199514338826.7517,18648622202.84774,1144351244.211197,27408852834.777832,5461450242.271423,241419559.57800293,61277676963.80615,138915702371.35956,190347824806.21338,244405710997.3723,11414142429.351807,234858779869.0796,13879492585.017319,15201515951.568542,34317473352.073654,9361938439.046242,227372299.09905457,3556224839.921612,3827034766.871414,221560361.37199402,41414070135.49805,296417905643.7323,35213145029.30546
2016-11-08,136367420213.2492,419192338918.1727,199942559622.19238,18715621944.73579,1142585049.2715836,27748886076.782227,5450928832.689285,242865660.60699463,61286457443.237305,138834000534.26562,192326990596.0083,245222812838.62122,11460838600.158691,236550275070.19043,14862982331.383162,15022381930.10606,34566450803.99364,9440418656.462288,227372299.09905457,3600084036.773657,3869296574.1228485,218899000.0,41437797257.995605,299922813197.0922,34914199036.67736
2016-11-09,136146393170.63904,417112655706.92957,209135986508.1787,18338577784.092033,1123317107.2006226,27530515791.3208,5356675130.7964325,248600842.47399902,62436853981.01807,146755715446.08997,188962477671.81396,252052536380.14758,10757641571.044922,239156775604.24805,16067756037.004513,15430645688.944107,34100539598.21141,8908656882.638351,225567758.75,3746280197.75,4043039211.184273,221064944.83566284,40987077644.348145,294652158145.3511,35625473929.172516
2016-11-10,132352258335.10971,406922279157.2982,218843351144.40918,17637706069.197163,1088153332.8294754,26665904373.22998,5059885757.728577,256455890.94799805,62691511535.64453,153207510422.55948,182431355480.1941,250439524583.74512,10535144809.7229,241375079017.63916,16965192281.078552,14447483331.865158,34385372206.958405,8694029922.723427,243613183.75236356,3837652885.5,4269609107.30999,222539635.8242035,40089622091.674805,292148710960.15076,34903897741.378784
2016-11-11,133138108533.03719,409140566391.10596,218957556422.42432,17557640987.928406,1412495895.6241608,26374057864.01367,5031828804.869652,257869143.71099854,62551017951.96533,155330804131.57928,183794734856.4148,248197709467.79492,10395973564.14795,237548396057.1289,17137301882.876488,13160208292.958015,34445735682.463806,8711645454.454514,265267689.45283628,3790139046.042903,4445699672.30999,226675666.21017456,39634951808.166504,295021173523.6095,34481257737.79106
2016-11-14,129798313843.25981,402901487096.76825,227008958526.61133,17083899177.459099,1342971537.8284454,25740803226.745605,4970454612.441063,259528883.84399414,61901191520.69092,163987498284.92798,182519291123.9624,244280116381.54187,10478378257.751465,236467079727.17285,17112715353.45128,13580965159.903122,35327055673.86136,8908656882.638351,272485850.8490546,3885166724.957097,4607703117.5,221329936.09809875,39219824528.50342,294573134355.2382,33996760920.301437
2016-11-15,131517345259.69505,410857737647.76215,226580625737.76245,17658137881.835804,1383915282.2494507,26490586685.85205,4979660741.305351,258756548.39300537,62717852973.93799,164640804600.12875,183882713574.21875,243693427006.05627,10532401008.605957,240737263992.30957,17198768855.743084,14126702711.864796,35068184044.05615,8916661162.442688,261658608.75472713,3954609814.2810745,4621790237.30999,222470503.8471222,39544007189.94141,296444212951.2368,34429714479.71535
2016-11-16,135053564359.27963,416301378748.8327,220984721105.95703,17735353530.043175,1471263348.5794067,26655307498.168945,5049802914.412498,258132080.28900146,62691511535.64453,161292465180.87286,182937195417.78564,243777281286.00256,10464645030.975342,237770329994.20166,16965192281.078552,14064218949.471794,34822630043.92955,8993543286.03534,267072229.80189085,3958264805.4452686,4592441809.80999,226364616.2624359,39812860670.47119,296655053414.7704,33914306420.013428
2016-11-17,135004460799.47281,423210609826.99756,222754860917.66357,17970797906.130684,1483465810.2989197,26866508922.729492,5042788780.71785,260284820.2369995,60759569549.56055,163987498284.92798,182673259264.37378,244217225671.58215,10509507556.915283,236328516448.9746,16965192281.078552,13622625388.241978,34392436772.995056,8788531523.95784,272485850.8490546,4024053252.164194,4558397974.254303,227505184.01145935,40548236444.0918,298420699045.55237,33852444701.900482
2016-11-18,135139536271.26122,421186718219.9581,221869819010.16235,18060129082.6983,1238477488.3344185,26518265797.11914,5050679628.864288,259233099.0,60188773345.947266,163334191969.7272,180320307761.76453,243352281227.5421,10446329025.268555,236467079727.17285,16879138778.78675,13618457644.454865,34420997871.85455,8833371866.391426,267072229.80189085,4097151332.6523657,4403437865.058556,226595019.56176758,41350809910.583496,300528899945.6892,33419500950.90866
2016-11-21,137190098081.0318,424746020876.0193,222840479878.23486,18531494553.0,1233436260.554924,26820030939.331055,5171236436.632156,260810693.39300537,60917647743.2251,166029119067.62424,181727676496.8872,242592901849.7909,10470137077.331543,239822226783.75244,17838039398.51306,13776770156.514057,34202093326.462326,8823764560.37535,263463149.1037817,4261622100.8905373,4363523985.745697,226883062.14141846,41548498526.00098,301767508084.88684,33244263681.87332
2016-11-22,137276039481.27365,426560656891.53436,224210873218.53638,18658125750.901714,1242323654.564675,26826865936.88965,5174743712.519646,260728522.57800293,61576254653.930664,165784129199.42395,181991569576.26343,237825370914.6466,10502428070.06836,240349098747.25342,18587952570.21437,13830925517.610828,34563758414.124344,9065620276.90345,254440425.846691,4214108261.43344,4579528430.058556,228772501.0433197,41639426641.8457,299843738473.1797,32759766864.383698
2016-11-23,136576171365.90767,421535675276.554,225153129758.45337,18534345798.677837,1248435691.4494765,26621818638.97705,5159400164.412498,259824693.7630005,62199751472.473145,167907548188.44873,181815655214.69116,238521548242.2898,10464598812.103271,241014565864.563,19927950239.76361,13122712771.429989,34407666046.79878,8988744072.176811,252635885.49763644,4301826306.578388,4027778351.315727,228357731.1553955,41552455796.813965,301767508084.88684,32543290084.676743
2016-11-25,137263783932.48177,422442963623.70325,225067440802.00195,18540285742.788628,1250960228.4236336,26663853873.962402,5147125325.926781,259939712.84399414,62551017951.96533,170357601061.227,183530906388.09204,240757634699.511,10588235183.71582,241569073982.23877,19669785837.06671,13297684110.732498,34510450041.070816,9060817117.134247,259854068.40567255,4261622100.8905373,3939733068.815727,227942983.2420349,41172904348.75488,310437637724.77124,33069019056.521416
2016-11-28,136993632988.90495,423001354235.4732,223611302508.54492,18217172359.41931,1250295619.3368924,26853861548.40088,5126082506.762505,257951314.52600098,61975222951.62286,165784129199.42395,182673259264.37378,238648139146.59485,10730319995.880127,239766747283.93555,19399327520.353626,13935073557.644398,34516156582.69185,9025578161.850723,252635885.49763644,4166594421.976343,3804730123.1871414,224694065.98854065,40971265063.47656,310042289572.1085,33543192509.762764
2016-11-29,136858516834.7969,426351134354.5354,225324479673.00415,18116198747.38523,1238870439.9039936,26978597625.0,5151509316.26606,259118054.84399414,62131928177.83556,165702504457.71768,182277430413.81836,237276976377.4038,10819818397.521973,238186258895.87402,18403547755.79309,13976731761.332397,34700810048.87691,9120740703.123207,249026804.7995273,4027708243.328388,3805903863.245697,224924491.2624359,41034525288.39111,311755244187.18195,33728753143.04638
2016-11-30,135704328914.83879,420558536196.869,228893303616.333,17832286820.00739,1224920337.6197827,26515195305.908203,5129151216.383934,258723675.05200195,61313589735.16597,173120757577.2209,181331804572.29614,234787708111.5725,10539333839.416504,242068166351.31836,18870703502.33648,13514310616.746723,34196382053.048904,8911770206.160965,247222264.4504727,4714830548.476343,3709641280.7821465,223541961.59362793,40773589649.96338,312361356402.6788,34635875251.49059
2016-12-01,134439647814.73541,413160765239.47,233518561379.24194,17667878882.644894,1164338524.654522,26120479454.589844,5138795911.514282,263127749.8959961,61522545667.83711,176235661799.505,180012468397.52197,234956537495.99902,10421235733.032227,241901919105.5298,18477304746.85438,13443486305.152355,33657695880.32515,8598318899.867111,256244966.1957456,4886611299.042903,3716684840.6871414,220742358.2420349,39532161781.311035,310358563000.85876,34584336897.62592
2016-12-02,134943071179.13437,413509662974.84924,232976037311.55396,17589238517.90683,1175099609.503553,26124919574.157715,5296177652.8196335,261928136.2369995,61705358662.34305,174022465231.5268,181199890338.13477,236180021254.8391,10555944190.979004,241347315361.02295,18956759601.84261,13989228918.741169,34141185694.8322,8797642631.706528,258049506.54480016,4879301665.273657,3717858804.6564293,221134076.81274414,39449128404.23584,307881372189.3633,34976048494.262695
2016-12-05,133973072461.3514,420279459533.4172,237715472354.12598,18041121986.59035,1220669129.0024257,26595162148.498535,5223843484.542847,263275667.39300537,60887008496.382805,179022679337.98587,182497344902.8015,236137845042.7473,10610378467.559814,242567338409.42383,19509970149.284966,13947568690.402313,34407666046.79878,8797642631.706528,265267689.45283628,5109560531.671612,3857799031.767193,225535098.46115112,40690566174.31641,309805141801.07043,35481157710.77156
2016-12-06,135004460799.47281,418395061767.1913,238943256088.25684,18168467355.373863,1240729981.9142544,26525445173.40088,5461011676.005363,265132597.42199707,61252652070.33066,181645676439.17743,182321430541.22925,236391068363.3772,10587314361.572266,242789144844.05518,19534556678.71017,13776514038.18077,34283939139.413406,8775134170.73838,276094931.5471637,5208243201.75,3910104321.89653,228772501.0433197,40607542698.66943,310648452721.40497,36347055021.17729
2016-12-07,136330572202.23427,428305353192.6888,240028136233.5205,18303889743.064205,1263049502.4404001,27047972850.219727,5496959477.010727,270637716.05200195,61901501038.32605,185006437852.77325,185114178716.27808,234365800698.58533,10857644989.013672,244203370048.52295,18969054814.465958,14026838833.04256,34976806035.3376,8913379151.238716,281508552.59432745,5317890496.761828,3997279657.64653,228634237.0891571,40939646502.68555,320082793090.8115,36285210467.803
2016-12-08,137668949324.36752,425792921706.41516,243026059779.3579,18230476964.171585,1241925686.5920842,27174417676.208496,5402706193.198204,269684589.7630005,61673524066.56385,188121361348.9043,183618842031.86035,234133790020.06067,10782911739.349365,244896553009.0332,19178043561.098118,14131141758.866615,34959684044.57831,8894089566.90374,276094931.5471637,5423882800.609463,4107701838.2758675,231549053.07769775,40765685009.765625,323640468060.57947,36048109028.549194
2016-12-09,139915966055.68506,432492837871.8391,244082409603.88184,18262074494.15001,1219871778.174342,27662423357.666016,5386924078.824997,270917076.7630005,61445552956.44698,189268926194.5219,185532018399.04785,236812871996.31494,10747853836.05957,246781979423.52295,19362447076.912235,13680548624.581799,34915898403.70747,8939097610.541016,258049506.54480016,5635867408.304731,3974032812.767193,231537538.40637207,40587772846.98486,324088430828.2512,37161413977.71835
2016-12-12,139117839967.80585,433888547455.78937,241912509321.59424,18059179271.677837,1190245287.8398752,27609454755.43213,5384732083.655357,272987645.8959961,62839663234.80128,185334324536.5765,187203204833.98438,243352281227.5421,10836424304.962158,252272250488.28125,18882994819.138336,13601278481.941551,35427951682.970215,9030719683.460312,247222264.4504727,5679726256.597634,3868260089.7930603,232574430.16433716,40682651632.69043,321136893540.88,36749080173.64025
2016-12-13,141438522209.4135,439541562790.8174,241998128282.16553,18397021976.33012,1211235976.0696936,27863711406.921387,5426379155.71785,273809303.8959961,62953625343.2784,185334324536.5765,187313258995.05615,244470324456.1527,10981282249.450684,256708841377.2583,18489598660.870567,14131141758.866615,35677300580.59273,9019470878.603416,241808643.403309,5610283167.273657,3759000495.2758675,235535326.81274414,41370586363.220215,324325604066.18915,36852161785.580635
2016-12-14,141438522209.4135,437447939093.6754,241912509321.59424,18265877363.46476,1281383555.0833106,27950860254.63867,5411473755.7964325,271245734.94799805,62550308974.80413,185826154562.28143,185532018399.04785,242571751475.71533,10705411579.13208,251163090812.6831,18010147701.70383,13217443148.00679,34506643314.09393,8784782908.816544,247222264.4504727,5328855121.695269,3749701579.965458,229947634.7808838,40971265063.47656,319028718107.64294,36192437507.47776
2016-12-15,142212076176.2295,436749965659.2671,245538491900.63477,18080085989.82671,1311408785.1446784,27874310910.827637,5479862500.0,272346753.6589966,62322332003.04193,189842727891.1776,186213708087.1582,244470324456.1527,10797674224.853516,252022664459.22852,17960970747.03193,12896182685.753551,34263005689.884842,8686724069.108574,249026804.7995273,5453122032.804731,3628818563.0085964,232205762.9108429,41524774703.97949,321453141502.7304,36604768859.45034
2016-12-16,142396255207.8247,434795924784.7635,242512066032.40967,18003347059.74602,1333993660.5277908,27675756860.595703,5445668127.898216,270752735.1329956,62234688682.089874,185744182891.3306,186213708087.1582,244449277862.1266,10970211940.76538,252826838294.9829,17002071425.91278,13209095512.527428,34508550226.42667,8916591122.528206,238199562.70519984,5486016256.164194,3552104285.284464,230880850.54779053,42003162208.55713,318870568659.8179,36718151766.6893
2016-12-19,143218922905.0274,444008183454.6361,243911087687.6831,18198877621.57671,1350202687.6777554,27766659699.279785,5499590038.446426,271722310.6300049,62760759627.03404,184268750635.75665,186279675972.7478,244744594370.80872,10999730690.002441,250719446067.81006,16657849625.102587,13259163103.545898,34763636422.32074,9215580666.198006,245417724.10141814,5529875104.457097,3492825030.3706627,234083687.14141846,43576700482.177734,321084177058.27167,36501684795.404434
2016-12-20,143599556858.16956,443450000467.1242,247051634838.8672,18322896839.172153,1397232494.9571145,27858929537.475586,5485123204.791069,273382050.7630005,62971186832.68265,186154041246.0847,185971825839.99634,243985131969.01794,11007115043.640137,250747177848.81592,17407762796.803898,13209095512.527428,34830238766.09093,9123950701.45736,240004103.0542544,5529875104.457097,3533506898.0603313,234901668.29681396,43375064497.37549,320636188823.7001,36738778878.341675
2016-12-21,143734642500.53787,443450000467.1242,247679749868.7744,18308165705.272736,1406001296.054542,27756404574.09668,5545620682.767868,272708285.18499756,62462636345.62543,185498287152.32507,185334050131.2256,243246819941.30273,10942530391.693115,250331217071.5332,17272532339.840195,13163203763.899494,33914660597.797623,9040368421.538475,236395000.84432745,5423882800.609463,3477714736.3879337,230777152.58216858,43509492887.87842,319160407446.5645,36481067492.17415
2016-12-22,142789165050.91858,443519643575.4019,248079482341.00342,18206956453.09999,1423006902.2782803,27670291491.394043,5505288891.423225,272839753.473999,61015947108.6743,184760599935.30847,185751846739.95972,243521089855.95874,10970211940.76538,251967232772.82715,16965192281.078552,13117307965.969849,33547284236.722183,9054835116.550873,227372299.09905457,5387333586.085806,3321961452.1120663,226018978.35159302,43481821696.47217,317974592190.6747,36635689910.084724
2016-12-23,143071602055.027,441356169145.7242,248536443444.82422,18070344989.01762,1458478788.383398,27606039885.498047,5505727457.689285,271673013.15600586,60972084416.68097,185252333591.77878,186829365278.6255,244618024222.51355,11000655067.443848,251523540214.53857,16977486195.094738,13542868317.070858,33492090244.401672,9067693852.963188,229176839.44810915,5383678594.921612,3303364064.8879337,231825559.01145935,43778343067.93213,318607062647.47565,36821240734.94625
2016-12-27,143980190811.3117,441635334791.00085,248764770005.79834,18327172801.380684,1558651468.8326645,27678832609.49707,5626722831.723213,271064969.18499756,61112388759.264465,185334324536.5765,186037815262.60376,244512521424.2544,11002502044.677734,251634403587.3413,16916015326.40665,13597107701.178154,33493990059.045822,9070911743.11869,234590460.49527287,5562769327.81656,3328935416.89653,232125116.2624359,44086719749.45068,314627732217.5405,36666615864.93015
2016-12-28,143366284437.3474,439611502505.17804,246965987879.94385,18344515915.586372,1451437687.9349172,27495654674.926758,5518879010.626793,269092995.0,60770420370.79851,183039194845.3413,184872274932.0984,242803782910.24988,10947142501.831055,250386712509.15527,16682438751.742119,13676379868.469257,33158976792.014374,9016252988.447914,230981379.79716372,5449467041.640537,3339396474.9223976,227654962.63694763,43798103018.18848,312071492149.03235,36522294742.31815
2016-12-29,143329436426.33246,438983379803.3055,245224462384.0332,18178683261.693184,1480399826.4340794,27437904203.24707,5494329333.655357,267942678.81500244,60726581125.38649,180334206799.35205,185487996734.61914,243626551142.19812,11088308269.500732,250525307662.96387,16571796122.810783,14715249481.526115,33497784956.541733,9136125808.845222,220154137.70283628,5376368961.152366,3345208296.9914036,228691854.39491272,43948347290.03906,308434818856.0514,36924322346.886635
2016-12-30,142212076176.2295,433679232543.0484,246366515164.18457,17815656064.067047,1418091084.574182,27081461709.41162,5427255870.16964,267827634.65899658,60603849995.49791,181153827139.6256,184894328838.3484,243035897368.82397,11021875751.495361,250275785385.13184,16215277810.770077,14214589768.548256,33819485325.686966,9273254096.62452,216545057.00472713,5387333586.085806,3310338029.6723976,227424537.36305237,44359513998.413086,308856448849.31885,36965552049.13616
2017-01-03,142501793638.87787,439819687957.7637,278578184147.64404,18238813217.163086,1355250475.368886,27699646174.095154,5592374170.627594,269224463.28900146,60200516042.087654,201889958031.46362,179563246789.55078,250505848542.0227,10948899584.197998,483717028793.33496,16397078348.15979,14482254241.94336,34761717680.507034,9168167957.294464,231986015.8536892,5626109972.000122,3321961452.1120663,227832548.5687256,43173021234.8938,312414098352.1869,36433028656.29673
2017-01-04,142342265163.09738,437851912994.38477,279092016959.3811,18323756561.279297,1386870407.0864213,27691418504.722595,5676595525.306702,269635292.28900146,60551218282.09311,205653583373.2605,180202992028.8086,250094977730.5603,10981181160.354614,478395062381.7444,17646493267.059326,14620262847.90039,35039639506.47002,9305318893.948555,249241157.0578885,5670149930.000305,3381240707.0258675,227947711.2045288,42965854047.3938,319371298843.8977,36696748766.555786
2017-01-05,143066159411.74506,437851912994.38477,276523072126.0071,18886889556.884766,1351663747.2125518,27871396135.173798,5781871904.907227,268353507.81500244,60682753603.26514,203234103919.21997,181397204028.3203,252711720520.01953,10974723956.680298,471263541126.2512,17396618076.324463,15293567230.22461,35100540040.41156,9555691098.467827,241572205.4115777,5732539958.000183,3203402942.284464,229870881.09588623,43481817424.01123,317394812749.58215,37589314296.770096
2017-01-06,144661098649.85468,441647078247.0703,276555298246.76514,19262957763.671875,1369732316.3727772,28289282627.09427,5749411917.945862,268534273.5780029,59849796217.14621,203234103919.21997,181333229504.39453,251500683590.69824,10942444157.409668,470997407627.1057,17729787092.208862,14812632484.436035,35563098771.28624,9542930558.70533,239654967.5,5787590167.999268,3187130283.8879337,229364169.89135742,43434913739.01367,316577860070.5518,37163308228.611946
2017-01-09,145986136194.22913,440241409492.4927,276747872023.7732,19285464324.95117,1425265055.3897238,28356818079.860687,5744148057.132721,266250065.34100342,60244367010.79033,202069180292.511,179989680957.03125,251457362359.61914,10914777154.159546,463227410694.1223,17468014938.354492,14787543792.72461,35387975134.97246,9472763192.077637,239654967.5,5611429986.000061,3126688664.5603313,228742318.01605225,43970416510.772705,315550066927.9879,37021313444.12327
2017-01-10,146133327584.41925,440100905342.10205,277550643795.77637,19260779113.76953,1414504227.7921295,28316708191.669464,5697650968.559265,265346236.52600098,59823489152.911804,205563951172.63794,178049036853.02734,251197903080.7495,10935987842.178345,457319889404.2969,18503239271.16394,14670448348.999023,35060577687.79097,9359539973.9542,237737729.5884223,5556380125.999451,3206890035.5258675,231218237.80822754,44032953669.73877,315602808877.4961,36524305158.23364
2017-01-11,146918571903.66745,444106886558.5327,279637950620.2698,19336284103.393555,1397100010.4672086,28448693721.18759,5724408683.666229,266595147.65899658,60086536348.674545,206728916939.54468,178603440954.58984,248105520409.3933,11012533425.14038,462003227188.11035,18884013736.724854,14373526092.529297,34641795134.20235,9334020844.687462,241572205.4115777,5780250000.0,3185967919.4741325,231471604.39300537,44357393122.10083,315998131563.259,36128740675.67825
2017-01-12,146305111847.03827,440030653266.90674,276940508436.5845,19690087615.966797,1374248879.847101,28437380675.800323,5666506633.052826,265247641.57800293,59595529766.0856,205384707841.4917,178795468957.51953,247867594080.35278,11020835036.468506,459501969966.8884,18170061456.680298,14415345314.025879,34851172215.61949,9499871781.822205,235820491.6768446,5813280055.999756,3140636815.8276024,230861262.19177246,44861632209.01489,315286586382.5455,35763600889.520645
2017-01-13,146047476102.48566,440663160896.3013,278417648583.9844,19774787246.7041,1374116266.7314768,28485718233.364105,5864777189.800262,266052850.36999512,58859019892.20217,206191186946.10596,179158033032.22656,247824315404.5105,10979334087.371826,459555319026.947,18074870668.411255,14440434005.737305,35026298217.82947,9420139373.58284,239654967.5,5681159832.000732,3144123687.3706627,234696070.33538818,45068799396.51489,315734523683.3175,36240320414.74342
2017-01-17,147225251120.26215,439468397712.7075,268302122953.03345,19595224029.541016,1343293685.8420253,28366419664.535522,5829246233.894348,262338965.2369995,59990071251.50307,197588602696.22803,181717139306.64062,248408258364.10522,11087238154.220581,464930420368.1946,17920181238.17444,14695540084.838867,35277558759.5771,9589182883.481026,239654967.5,5721530055.999756,3132500486.6293373,231379461.10534668,45307236795.043945,312045159374.628,36717027876.24836
2017-01-18,147212985171.07965,439257432403.56445,269554619792.1753,19541016265.86914,1367738874.9897087,28419894241.31012,5845476645.706177,263735793.8670044,59718278480.91017,202786048266.60156,182555429052.73438,248040538562.77466,11069714504.623413,459182548587.7991,18134364282.608032,14745722541.809082,35513601857.00198,9533366492.222786,235820491.6768446,5615100069.999695,3135987358.1723976,233210509.67407227,48066876154.32739,313046568808.9879,36554746743.8364
2017-01-19,146955339264.18304,437851912994.38477,267499413816.8335,19578767837.524414,1397100010.4672086,28260485784.290314,6071382157.974243,261961009.57800293,59288655048.2015,201889958031.46362,182061031091.3086,246959316383.36182,11000545663.833618,450933572536.4685,18158163236.618042,14607717994.689941,34818825682.84886,9437675120.682716,226234279.26367736,5538030055.999756,3044162786.465536,229168395.60699463,47632992594.90967,314416891754.00696,36138888675.12703
2017-01-20,144974454557.95288,435173708771.69775,268687583686.06567,19561586044.311523,1381821847.6409805,28390757216.02249,6079716569.400787,263275667.39300537,58902864999.259514,202875596186.8286,187972084948.73047,246851183526.61133,10998703033.065796,457107074375.1526,18455637592.315674,14653720863.342285,35125289680.501785,9519012591.46595,226234279.26367736,5618770153.999329,3052299115.663801,232104987.90740967,47707267095.947266,313389149545.2427,36037456935.510635
2017-01-23,145071132000.3891,436699676593.43744,268815924446.8689,19792696487.426758,1396169789.272064,28948171267.71927,6026639968.559265,260975009.94799805,58438171342.55029,202158770352.9358,186918875891.11328,246332264968.87207,10954435472.488403,452210738021.8506,18705529123.306274,15005004150.390625,35214756045.095215,9609912178.473473,218565327.61736655,5416920083.999634,3031376999.6120663,236193162.63580322,47754164254.76074,311728860478.97797,35905605324.9836
2017-01-24,144938229287.10938,440583899365.12823,272059394245.1477,19903048797.60742,1425929664.476465,29123006604.812622,6145953031.440735,264113749.52600098,59095748300.43985,205653583373.2605,188853379443.35938,241682807460.02197,10957200307.08313,452849550189.9719,20252418397.903442,15071917137.145996,35051045492.0235,9533366492.222786,222399803.44052196,5475640027.999878,3096467854.89653,233728730.55267334,47902700204.46777,310016033198.40356,35286886189.785
2017-01-25,147245749018.898,441693723622.76215,276266108743.28613,19958138370.40264,1432040800.981238,29428793738.6055,6120072556.747437,269914653.0,58648586824.90824,209417187644.9585,187348735400.39062,243931851725.76904,10976569252.7771,454179881195.06836,19633663190.841675,14616078186.035156,34719836586.07274,9507850288.34343,216648089.70578885,5615100069.999695,3140636815.8276024,234120279.12139893,47992601653.289795,313758088522.80164,35702749083.981514
2017-01-26,147318239588.5086,445786032915.5993,278578184147.64404,20020886423.166374,1456751730.863043,29378401900.772095,5980999456.922642,271015671.71099854,58508311790.55139,210044423418.4265,186145041052.2461,241855794497.68066,10951664418.792725,455563622440.33813,18848315305.70984,14298250885.009766,34660835866.775345,9538148525.464058,216648089.70578885,5571060111.999512,3069734138.4741325,231817070.33538818,47347641722.10693,313547248059.26807,35530315126.633644
2017-01-27,147330318014.45007,456259662190.25684,279156249975.58594,19940245200.332222,1484917161.6627133,28968737804.07715,6131213093.028302,270161140.3699951,57570143732.43083,209327555444.33594,186403006884.76562,245186124775.6958,11193296036.529541,455084765682.22046,19478975017.547607,14377709739.685059,34169732598.31453,9479140536.571503,214730851.79421115,5468299860.00061,3013941976.801735,229836330.10864258,47597809936.52344,307512458678.70416,36291024220.83378
2017-01-30,146943698307.53326,451751091420.5664,276266108743.28613,19811647369.291023,1758350890.636444,28241976165.275574,6078272404.697485,270818481.81500244,58236483850.08652,205653583373.2605,186467482678.22266,244645481769.56177,11292900268.936157,451625458454.1321,19336183807.373047,14624443450.927734,33832807687.15796,9488911330.429077,203227401.4694662,5082950139.99939,3027889906.3706627,229698126.15966797,47574364620.20874,305878502386.8438,36199747718.896866
2017-01-31,146605432332.3059,448421618647.66473,236486542129.76227,19647022923.59736,1744926043.7488556,28117189846.458435,6056321567.792138,269733887.2369995,59256056121.82617,202875596186.8286,188294443029.78516,244904983603.6682,11453674075.14034,230859858535.11856,19812146547.317505,15172284080.505371,34980626957.69165,9543319635.227203,203227401.4694662,5126990097.999573,3112906352.563225,231817070.33538818,47453192960.357666,305035242400.3089,36686595941.61987
2017-02-01,155545518960.07538,441000042929.234,237380704752.1588,19858648340.235916,1821160686.49292,27947499439.796448,6059334435.808019,268862931.7630005,58803259552.00195,205115895520.01953,187714223547.36328,244861790038.29956,11351835563.740288,228245509917.54837,20038237867.355347,15000825576.782227,34554238047.837845,9332064735.657692,195558449.8231554,5134329916.000366,3076545945.2183876,226300905.2810669,47418003775.78735,303743968712.30255,37214026511.16371
2017-02-02,155279753561.4395,438156193806.901,236374782021.43127,20039973684.749123,1844174378.156662,28051025671.920776,5991329407.397799,267860508.0,59220525207.51953,203592527371.21582,188638376586.91406,245596910476.68457,11429601484.087698,229649029806.13513,20002536922.454834,15339571113.586426,34826448600.387405,9509712784.97696,176386059.27973902,5042579916.000366,3076545945.2183876,220531395.60699463,47976961653.13721,301820199100.5954,33958171417.450905
2017-02-03,155944167058.02917,441693723622.76215,243612127910.16052,19330180934.26496,1828032872.4384308,28115130292.04178,6036522427.636007,269405229.05200195,59042983413.69629,208700256460.5713,187886117224.1211,245748364564.51416,11499034035.629688,229896703273.30548,18836413314.819336,15373019996.643066,35277558759.5771,9573731962.45575,180220535.10289443,5126990097.999573,3087102163.6455917,225114771.86584473,48082512891.38794,303375055201.64343,34566754616.918564
2017-02-06,157406026855.23987,441416245449.7135,242466566360.8307,19269103881.51391,1874860383.5105896,28166218317.28363,6067512279.061478,268550697.71099854,58954191741.94336,207176846171.56982,187864604406.73828,245229339618.68286,11466634318.663496,229263742393.09802,19038701910.01892,15866500610.351562,34657031505.69466,9573731962.45575,178303297.19131672,4969179986.000061,3071854416.8702145,219149487.90740967,47777622623.4436,298605155800.8819,34211745941.004753
2017-02-07,158904051881.4087,439959521888.9418,242326764030.7312,19385056356.25,1903948299.6463776,28427096089.084625,6197926775.011007,267745463.84399414,59389228790.2832,205205464510.34546,189175758410.64453,245402347933.95996,11510141923.950697,227777701590.076,18467543354.034424,15607210884.094238,34084068228.905594,9626540080.355644,172551572.02894425,4943490097.999573,3048396103.984194,216489281.539917,48180222919.46411,297893636087.06824,33856754154.29592
2017-02-08,159520211716.11786,439335291803.6897,240203131209.02893,19557076524.222008,1895636935.9493256,28449379360.30197,6229777387.23066,267646868.8959961,60206059936.52344,203144471718.5974,189863625524.90234,245229339618.68286,11692524442.580532,226278057569.41653,18479440317.15393,15828860977.172852,34381021323.8568,9682557348.21415,168717096.20578885,4903119874.000549,3126981161.322796,215913490.32592773,48504655845.64209,298499722835.6652,34130607787.542343
2017-02-09,160672945866.47034,444329456745.76196,243668048842.20032,19596443318.638382,1859997442.0070648,28455550112.33139,6203952511.0427685,269569545.6069946,61333653030.39551,207176846171.56982,190594476501.46484,246699857104.4922,11539768905.084692,227277814977.2912,18312850152.96936,15557033500.671387,34641795134.20235,9695366644.433022,162965382.47105575,4840729846.000671,3151612412.2246227,218815509.67407227,48672740979.766846,294942073332.7971,34972457447.948456
2017-02-10,160308921922.4167,443913224747.0956,243109139292.88055,19741980502.7493,1815886435.0318909,28619758043.151855,6233220840.879873,269520248.1329956,60392528976.44043,206818464859.77173,189089832458.4961,249208424481.9641,11615682470.229956,229166242121.56668,18800718654.63257,15745221519.470215,34999291512.76973,9979877211.547089,226234279.26367736,4899450139.99939,3218468313.1202145,218055453.84979248,48801731008.14819,297498338868.2051,34992743795.871735
2017-02-13,161728552260.24628,448907242298.2334,246322712502.95105,19958376824.652817,1732140865.802765,28760654244.083405,6163493880.408806,272543968.6300049,60170546829.22363,209685978896.3318,189820641662.59766,250592405893.70728,11664747141.123596,230499167637.69327,18991105258.94165,15632306678.771973,34916653124.593506,10035250384.162933,210896375.97105575,4917799860.00061,3177416377.427204,220347152.96173096,49446697465.51514,300766149584.32654,35084042012.50076
2017-02-14,163827676614.8758,450581986529.1281,250262740043.1311,19955036644.88891,1738532913.2080078,28797330662.555695,6061055957.396384,274351601.18499756,60960756500.24414,215600166020.20264,188853379443.35938,251630413230.13306,11664747141.123596,229999391748.77298,18919710910.79712,15486238611.53822,34776334187.196396,9898448760.339264,212813613.88263345,4994869874.000549,3238407811.9588165,222247281.539917,49348964595.79468,301662100586.57,35043464491.16707
2017-02-15,164422171335.94513,450302857577.6145,253140869416.71143,20105583188.51496,1742049235.5823517,28704431836.704254,6123465835.408175,274893898.473999,60987401718.13965,220259860527.03857,195860667993.16406,253446883513.64136,11599018408.144203,230943613229.75818,20056629244.911102,15461185961.373955,34315067235.64389,9823541570.876678,207061900.14790034,4906789958.000183,3204393280.6455917,223583150.5432129,49743753049.468994,299395699304.8085,35266604667.34886
2017-02-16,164228085941.4673,450233112187.4697,252973242880.17303,20139940623.4162,1714080353.2600403,28870696684.86786,6112275124.138836,275649834.8670044,61147207733.1543,220259860527.03857,195151392492.67578,255349932426.45264,11682338718.572966,228555315290.39282,19665151899.222595,15686654747.412941,34438067812.89757,9865888096.476166,218565327.61736655,4833390027.999878,3157476878.588602,221890283.95843506,49747672023.010254,298710614232.9984,35946170782.59945
2017-02-17,164676999104.46167,450930890348.9734,252135028441.73248,20162129610.51268,1713760982.990265,29020843739.696503,6121313728.186478,277013790.15600586,61591148284.91211,219722235884.09424,195796213085.9375,257036673070.52612,11744365416.673153,227055702905.12323,19456363705.83767,15452837104.161625,34805160266.42967,9901713360.330414,212813613.88263345,4829719944.000244,3223159841.4683876,222109099.55596924,49595217099.76196,299632923476.546,35966459543.2663
2017-02-21,165866128644.3329,450023728626.10095,254314500439.72595,20433399534.139786,1775131755.8288574,29114093296.325684,6137669414.693396,277588935.71099854,63437901092.5293,222052104207.61108,197042933068.84766,258766713668.0603,11873972311.113184,227416678521.05722,18438530050.526047,15632374511.934307,35587415452.37288,10018970052.231384,222399803.44052196,4943490097.999573,3243099340.3069897,225483279.12139893,49872752867.126465,301214163285.798,35875166152.124405
2017-02-22,166363515622.78748,449116625859.6022,254454330021.74164,20413596909.80651,1772411692.8577423,29185737309.631348,6191901038.979246,278722827.7630005,63668745193.481445,201596566101.7543,196548535107.42188,258463996990.9668,11890638156.882328,224750669311.85474,17916561634.696648,15031134209.013176,35499004277.48218,9957085540.666626,224317041.35209966,4873759902.000427,3252482620.7183876,224101349.4567871,48403039896.39282,301477669298.14026,35753457715.559006
2017-02-23,165659834733.16193,450930890348.9734,254649862520.46753,20332001869.971657,1608068146.4672089,29173401079.719543,6145416672.313522,279610207.3699951,63313578506.46973,199888833627.77185,195882180810.54688,256048506906.3733,11958218353.222172,227111223014.31775,17590329134.867615,14972674986.03292,35554735328.23883,10237189212.18692,230068777.9421115,5251770153.999329,3084756287.6139793,222604279.12139893,48383490711.9751,301978348548.4204,36291024220.83378
2017-02-24,165817514731.14014,450930890348.9734,252414360582.76947,20166185153.027115,1472569617.8201818,29064041640.975952,6165645987.630504,279725251.526001,64272479888.916016,197042555473.593,195710224475.09766,259924266826.21008,12216905955.50172,225167244125.4579,17290197054.54187,15064535716.38977,35420196275.24478,10290939015.323883,216648089.70578885,5046250000.0,3152785126.5253773,223790434.50164795,47894881835.9375,299817329298.0759,36108449502.26784
2017-02-27,166145243355.484,448209434658.54285,252693801731.47125,20247303284.361618,1515385217.9038043,29127808715.6868,6172532484.456448,280399017.1040039,63695348861.694336,199807529423.5464,195366249145.5078,259225311788.7503,12115219949.031647,226444712803.16968,17316294717.20127,14183545378.86314,35812296251.55231,10317245340.662903,210896375.97105575,5196719944.000244,3142229131.813225,223894065.49835205,48039505338.28735,301055988371.0732,36250466001.44863
2017-02-28,166218014120.5597,446464856602.94275,253224696310.93872,20161412427.5007,1472859421.6249585,28965312245.578766,6117440099.376414,281697225.71099854,62976201019.28711,200702066884.05304,195753187451.17188,258822880621.58356,12220634745.6318,225833738518.91104,17485937105.808067,14296275719.531116,35441347387.223236,10013315050.605377,207061900.14790034,5384240855.204201,3053087856.0474186,220969004.83703613,47566536462.40234,298183500340.7146,35834600694.50855
2017-03-01,169615384134.75037,453164039873.82965,261551955336.12,20353235219.805984,1491872375.6490402,29370517050.956726,6139821521.915093,291327058.473999,62550031860.35156,208002561065.76935,197021420251.46484,262317365992.1983,12072308985.838926,230554782653.05737,18255836762.956635,14371425565.320877,35080008793.23605,9902204538.748535,205144662.23632264,5473848532.059875,2988577607.4683876,223157050.98724365,48262315789.03198,302373620300.38367,35530315126.633644
2017-03-02,168608281577.37732,446674269642.4984,257472152717.75665,20253745189.63926,1436865368.0492196,29133974193.569183,6005532986.683019,289042850.2369995,62825262893.67676,205800138782.86963,195409274780.27344,261830287652.06113,12215039330.832441,231332380535.6793,17368491420.942017,14029051503.46381,34814772902.667755,9895664423.690277,205144662.23632264,5415408645.880251,3158649816.6044083,219068876.2588501,47519636040.496826,298815996264.4154,35134750644.078255
2017-03-03,169603235659.94263,448349072829.76685,259316426146.50574,20276887993.736443,1428592697.4050694,29107579724.739075,5988746714.5427685,288697742.84399414,62177105651.85547,207513148763.9937,194528001171.875,262169186861.81866,12201977417.355967,228999586887.81354,17224952208.682396,14225295743.452065,34480348743.78873,9859718101.720856,205144662.23632264,5271257521.116176,3056606446.3797855,218804000.0,48070785338.59253,298684205057.8946,35175316101.69411
2017-03-06,169069403257.06482,448488563610.05646,256857431244.0619,20198871587.915672,1417562189.1978846,29045529384.887695,6109262256.122955,288237616.3699951,62043944854.73633,205963263469.19305,194248564294.4336,261999706205.1523,12187050662.893604,230027104350.28546,16833470727.728058,13782713107.113697,34365030231.478455,9750241874.418854,201310163.5578885,5084250777.059875,3012035920.3544083,216443220.87860107,47531357067.108154,297551080817.71326,34404463833.53233
2017-03-07,169287815622.10083,449395636898.3683,255432374042.19788,20184793685.84806,1433092024.2724495,29178540736.003876,6087311008.745127,288073299.81500244,62035076965.33203,205636975853.74084,194076607958.98438,262253854735.98083,12187983529.307396,229166242121.56668,16559444580.593376,13791073108.292698,34074808111.200485,9778016773.614075,205144662.23632264,4979059204.866176,2980367265.072796,216005611.64855957,46898141004.18091,296865842944.5043,33846601329.36001
2017-03-08,168656755392.83752,453512825780.9274,254873409989.04572,20291681258.55458,1430479158.782216,29263902805.74417,6039535295.651888,287531002.526001,62428599945.06836,206044892737.26416,193754208105.46875,262825663053.8553,12075105801.39691,225028364763.99692,16233209323.920456,13753440945.932644,33575104810.072815,9428333461.978455,203227401.4694662,4831012013.380251,2902955145.75,217836660.21728516,47199112298.583984,294625850837.84656,33451034434.06105
2017-03-09,168268504548.03467,451698531813.3694,255879387223.60565,20351327585.80458,1430189214.6366138,29407884382.69043,6048574310.172011,288188318.8959961,62482258392.333984,206778944265.0182,194184088500.97656,266743694807.198,12010740694.370373,226805704236.79858,16181013998.601654,13632172300.61893,32542992058.825287,9338460711.097473,182137773.01447213,4671276993.278151,2899436331.7025814,216063181.98394775,47394548670.19653,295653618513.5106,33927753959.28383
2017-03-10,168826653914.48975,453094294483.6848,255069051495.4364,20338443775.2493,1438606997.6943908,29530273601.680756,6064068825.412265,287547426.6589966,62696915924.072266,206452675770.9687,195753187451.17188,267294325805.93607,12132945302.735384,226639112273.82513,16141864058.557693,13774347027.407421,32321972402.235214,9377680563.574738,193096933.01671696,4776468565.471849,2952217423.838602,215314657.7987671,48860365509.0332,296892252119.6081,34374034311.647415
2017-03-13,168899504735.4126,451558923120.3323,255292571712.0984,20389261834.45845,1478229142.2924476,29638942127.162933,6177267284.533175,288221192.2369995,62562763870.23926,206371122988.5083,196269140002.4414,268289784012.49713,12170260851.128746,226111418153.3583,16389802191.98658,13807803241.529491,32421903125.69673,9447943884.356903,191185084.0,4912827556.792226,2839617835.186775,217479662.63580322,48543750951.3855,298842354505.7196,34313175267.87758
2017-03-14,168644666959.91516,449465529679.4475,255711651679.40247,20340112955.000526,1477214197.4420142,29684537128.269196,6163063705.247955,287136597.6589966,63251437988.28125,206534285917.6371,195602764819.33594,269073365521.7356,12180521489.838758,224917245457.13324,16011372988.416801,13548542909.280426,32141296007.55304,9434868615.63855,196920631.05015087,4834908080.1021,2798566123.2088165,217214786.37695312,48465570529.174805,295390061567.3688,34211745941.004753
2017-03-15,170428251192.93213,451838081550.0327,256326509412.67822,20350610402.792603,1488389256.6995234,29769551104.305267,6251728224.136007,287038002.71099854,63126236923.21777,205392317506.35974,196462525610.35156,273118440488.70496,12304593614.714745,227722149845.4916,16820425342.453217,14259420595.574394,32673688896.399536,9678342284.522583,196920631.05015087,5056978681.556301,2825543026.427204,218827041.3131714,49278615594.48242,298420699045.55237,34323320854.582787
2017-03-16,170707465973.8922,451070499042.0105,256074892470.41534,20361348125.096306,1506676648.6554718,29824745053.012848,6214713047.1512575,286068452.28900146,63001000244.140625,205718605121.81195,196548535107.42188,272059553830.6933,12118021223.79811,227916533498.45215,16729084212.356285,13719984731.810574,32558360920.504486,9650563416.208832,214127294.99164152,4881659766.116176,2811467993.9525814,220013174.72839355,49325516016.38794,298420699045.55237,34668174292.817116
2017-03-17,169858113463.36365,452675438926.38666,253392404603.2257,20334865141.235214,1539477948.4497728,29905988013.91983,6245702488.104246,283997883.15600586,62509087615.9668,202782073946.95013,195602764819.33594,271212336858.08704,12148802248.08645,227722149845.4916,16650785710.690308,13732531825.19423,32293136859.41716,9781287327.28302,229422109.9164152,4858284108.883824,2769243343.9588165,220945985.4888916,49993927790.06958,295706309529.2192,34505895573.14873
2017-03-20,171641697696.3806,453094294483.6848,251576037136.66412,20446044890.444893,1588534505.0459466,29753093128.486633,6276692339.5297165,282765396.15600586,62589593093.87207,199356149591.71536,196075587304.6875,271233555579.60687,12117087465.542622,227722149845.4916,16611633013.80246,14033609385.832245,32310429194.702454,9715926860.165375,233245807.94984913,4760884670.133824,2718808127.8544083,221590878.67736816,50138548029.32739,295152939263.23047,34718892575.36888
2017-03-21,169676066466.9037,448069825965.50574,244199025177.41638,20117513182.069542,1537155728.8092694,29143918597.80121,6129921746.600787,278492764.526001,62518038604.73633,187773340792.61835,196011174169.92188,269496911904.46356,12299930174.487482,227250007469.60913,16402851712.527252,14230147421.305462,32473801424.618362,9810697503.312714,227510260.89969826,4756988603.411975,2648433412.911398,216489281.539917,49376325622.55859,293545417613.3738,34161032483.940125
2017-03-22,171593103797.14966,453791954732.44104,244590144678.70056,20233465656.805634,1568505623.7856526,29132262732.85675,6139821521.915093,278213403.81500244,62831073913.57422,187120746440.31125,195581252001.95312,267400191700.42633,12352172477.343206,227055702905.12323,16781275402.409256,14150693978.20494,31789579513.388718,9794355650.043945,229422109.9164152,4784260327.366176,2663681159.686775,215291616.4855957,50392615638.73291,292069661703.13806,34384179898.35262
2017-03-23,170986480615.23438,452675438926.38666,244199025177.41638,20217241666.486443,1554281800.4337277,28784306156.455994,6104958041.67956,279182954.2369995,62482258392.333984,188181181190.53094,195108325085.44922,266637849613.89944,12322317184.73509,227333350904.18063,16742128219.209183,14058698507.16016,32204723318.630264,9751872189.855164,244716902.05015087,4780364632.193699,2697695691.0,214669764.61029053,50509891166.68701,291226350782.80347,34294174912.276268
2017-03-24,170646723599.85352,453443139347.1564,243919529524.8822,20175011600.80651,1559797054.5373201,28629697173.236847,6112705299.299686,277161682.5780029,62258685485.83984,188588925981.43005,194678486462.40234,265748340106.59552,12388548916.430906,225583787303.67117,16716030556.549782,14000154184.798054,32279691471.344055,9715926860.165375,260011716.97492456,4776468565.471849,2690658286.6202145,214358827.6901245,51690357132.72095,293466317422.5614,34697631479.04396
2017-03-27,170937966771.8506,454280437767.13654,243779863454.3637,20203880947.43081,1571118489.275886,28745224726.93634,6200509467.866037,275156835.05200195,62303375137.3291,187854855332.27335,194506467468.26172,266426035020.152,12229961626.086325,225639370683.64542,15933081378.860542,14179965126.298115,31933731202.62085,9652197700.763672,267659113.0417924,4694653022.059875,2699099102.7129974,215280106.81152344,51870166556.54907,294441445016.31665,35359719679.88491
2017-03-28,174480958372.0398,455606307656.3728,247580143168.27667,20422902086.34771,1562990089.0004091,28817905110.134125,6248285180.959276,276586511.94799805,62893683349.609375,191525476277.69458,195086874926.7578,266129552552.24243,12244892839.757166,227277814977.2912,16402851712.527252,13799439187.998974,32298897816.650665,9622787524.733978,286777626.0,4764780365.306301,2715379903.661251,216201385.93292236,52296228484.34448,296233474355.30255,35287308419.90948
2017-03-29,174869229230.80444,456862314242.7168,246658020079.86023,20859990547.18081,1557910312.4785223,29134662469.75708,6304238737.305974,273760006.4219971,61663388346.957825,190465041527.4749,194743004028.3203,264562348131.38205,12178653973.327784,227777733225.46582,16598590385.371506,13878887565.660099,32646781558.979965,9652197700.763672,282953927.9665661,4831012013.380251,2838647621.0354996,216281997.58148193,51952259426.11694,295715706815.2494,35370072762.537
2017-03-30,174638668390.9607,458537176386.359,248781789161.1435,20908185609.63803,1587808241.2736855,29121289869.953156,6372673940.877045,275025366.7630005,62404297169.55885,194706684921.34018,193883117919.92188,264011675730.2605,11952901193.031898,232443257250.41763,17368491420.942017,13770165000.642162,32681378059.031525,9663842102.251862,279130229.9331322,4811532422.869749,2844462050.2129974,216834769.44732666,51842805529.78516,295206088683.1356,34956258287.63008
2017-03-31,174311079864.34937,464667105709.0759,249472118359.375,21720229835.510254,1580987817.4924064,29097966114.27307,6584314759.174347,273907898.84399414,62831461991.93388,209593328468.5135,190866304183.95996,263778683817.37668,12042341554.641724,231950994277.9541,17537708833.694458,13830722137.451172,33063844106.035217,9905373560.577148,264656465.32552147,4855499925.613403,2763058932.6967506,217716547.96028137,51909258399.20044,284797603639.59705,35463173298.61164
2017-04-03,174863051174.92676,462479862701.416,248563327355.95703,21841995239.257812,1573004669.9713817,29405143427.03247,6544669109.327316,274220132.8959961,62613506116.42194,209593328468.5135,190505184169.7693,268080422168.7317,12075174695.968628,232120659179.6875,17380183477.401733,14220971853.256226,33454013511.048065,9935328750.902344,253149673.41926384,4859400014.877319,2697936394.322502,217287599.35379028,51666902027.13013,284535437604.2252,35545944879.46987
2017-04-04,176165085319.7937,463749940147.3999,249391600988.76953,22217334671.020508,1462699868.5811849,29261678550.430298,6481413984.964371,274203708.7630005,62770430181.58642,208260607209.20563,190993723094.9402,268058902637.4817,12152096261.97815,232969160892.48657,17773994094.848633,14346857481.002808,32781320611.974014,9936992033.183105,249314053.2552147,4890599985.122681,2615370124.8032494,215919625.0,51885796767.42554,283198194155.7368,37294271949.505806
2017-04-05,175252443063.3545,462550409313.2019,246192427319.33594,22277360343.933105,1451814753.4692779,29136061307.495117,6397668003.313065,272511095.28900146,62456622546.2975,205861654790.49683,191121203929.90112,268316947875.97656,12255288825.22583,233421659698.48633,17642720653.533936,14397211528.778076,32729427044.844772,9941985907.343262,431505108.0,4851599836.349487,2559550806.1967506,213438714.8628235,51217388256.83594,278295159037.27606,36921840852.28443
2017-04-06,174814357117.12646,463749940147.3999,247020811743.16406,22007860717.773438,1462409924.4355826,29005298348.876953,6403013111.875534,273562816.526001,62264843821.66919,206661312539.29138,189910383693.69507,268854410778.04565,12172736927.03247,234779333320.61768,17800248783.111572,14338460226.05896,32635247815.031982,10011872961.18982,410409322.8385277,4921799955.368042,2594437824.8742485,212719967.79060364,51197848861.694336,276617107211.2129,36580459352.04506
2017-04-07,174424925085.20508,463397177284.2407,246163898632.8125,21924559745.788574,1456168687.2413802,28902325951.202393,6374949380.224228,273069816.71099854,63546228373.6856,205772887240.21912,189549201755.52368,268574972099.3042,12094873683.929443,234072192176.81885,17550834791.18347,14397211528.778076,32637168922.741882,10026842501.716675,389313491.9531288,4847700119.018555,2596763685.26775,211920047.96028137,51276019494.62891,277692085045.5486,36621828253.269196
2017-04-10,174218125877.65503,462338769477.84424,245307040917.96875,22222480583.190918,1419013594.0158024,28888602282.592773,6407913431.957245,273365626.6300049,63685710646.60386,204529037669.5633,190101522380.82886,267327953090.66772,12141779068.374634,235118727561.95068,17747742179.870605,14523096139.907837,32960061703.569122,10108376558.846436,469861126.7447853,4972500000.0,2603741044.6419983,214227048.06137085,50779602039.33716,277875633633.41266,37087364712.052345
2017-04-11,172344107163.48267,461986006614.68506,244878473571.77734,22107820014.953613,1424093370.5376892,28826135564.7583,6430186416.921616,272297456.18499756,64008242070.518745,203640487404.44183,190760042633.05664,267069970897.67456,12131462771.606445,234298449634.552,17879010074.61548,14741303791.046143,33317546252.655533,10218193462.55542,506299346.8385277,4886699895.858765,2653745934.070999,215247224.45487976,50740516722.86987,278976875371.2065,37263234416.241646
2017-04-12,172551006729.76685,460222251907.34863,243935946704.10156,21957635269.16504,1412337300.262371,28880362273.025513,6407022580.530167,271327905.7630005,64016960074.13899,201241555813.4079,191843423316.95557,269606963916.77856,12243089174.27063,234666132099.1516,16907610181.808472,14720323869.7052,33304091400.99765,10213204622.542603,444929698.55730057,4707299880.981445,2657234724.661251,213218458.29963684,50427808086.39526,276459772737.4165,37397725568.23254
2017-04-13,171638344401.5808,458246648735.0464,241079532739.2578,21674415702.819824,1385922630.7575502,28836432276.489258,6366485654.434204,267696166.36999512,63764149539.16322,198487241606.14014,191248622840.88135,268725377651.2146,12267483992.004395,231045883899.68872,16697579608.917236,14476937669.754028,33411718384.77974,10224855653.143677,429587309.34895706,4570800104.141235,2607229835.23225,210540464.8628235,50181549056.2439,273156122208.1207,36983915918.81275
2017-04-17,172587497165.49683,461986006614.68506,245249872753.90625,22098754386.901855,1440203514.9259353,29349543823.867798,6559369219.928741,270078994.6300049,64060555877.24596,202663127933.69293,192013363361.35864,270294937446.59424,12280618145.370483,230734810100.55542,16736960254.66919,14521057051.251701,33552034956.280655,10284758985.987793,439176302.60417175,4594199895.858765,2642116853.909748,213577842.89169312,50881227777.86255,278242705914.44556,37335645676.21708
2017-04-18,171820896938.96484,461351057304.3823,243250482690.4297,21599234430.471325,1441074470.0893464,29310418959.472656,6386086085.11734,268994400.05200195,64409200816.98155,201774660979.27094,192884386074.06616,261910032825.46997,12377244977.18811,229235775909.42383,16369401552.200317,14407711616.649849,33582796338.600998,10326352118.130981,431505108.0,4539600133.895874,2650257365.2870026,214945817.2454834,51068852307.12891,276145128684.5189,37439094469.45667
2017-04-19,171188074905.0293,458881598045.3491,241250843347.16797,21489777997.44036,1446734976.947391,29396906057.647705,6225720933.231354,267466103.1329956,64566113312.13458,202041171906.85272,191792666294.0979,260942536556.2439,12335968131.256104,227651925376.8921,16211880355.83496,14071860522.127758,33525129984.75728,10313039818.908081,425751712.0468712,4395300178.527832,2689795882.9452477,215560240.40794373,49599136073.30322,274309717489.96417,37563247015.25688
2017-04-20,173329770434.8755,462127159446.7163,244364375561.52344,21558129237.716747,1469666808.1843462,29519436927.246094,6288976057.594299,271114266.6589966,65202440801.32695,204973271146.7743,191214750423.4314,262017525405.8838,12276863095.855713,229122639125.82397,16421912315.368652,14134835971.367844,33582796338.600998,10685080587.541885,425751712.0468712,4438200044.631958,2731660482.8032494,218075932.55233765,50834327355.95703,277928086756.24316,37656352376.81866
2017-04-21,171548629955.44434,462931569013.1557,241422237048.33984,21473765497.31746,1475762371.6016197,29480650006.210327,6364258313.455582,268534273.5780029,65324487067.00471,201774660979.27094,189694846958.1604,261781020713.80615,12478557773.590088,228217560966.4917,16054352226.257324,14327947528.371567,33054236201.589523,10629997703.424164,406573679.81251526,4407000074.386597,2702587893.3032494,217473096.02165222,50826505724.33472,279448804108.51,37118397419.82937
2017-04-24,173200588889.16016,470809619424.1488,249934255383.30078,21685986735.566696,1494194735.6303692,30166400446.762085,6407022580.530167,272428924.473999,65185016364.097885,209948752740.09705,191685620372.77222,264210500137.3291,12453227556.610107,229405473030.09033,16054352226.257324,14151631729.8386,32469971038.679535,10342516942.758408,416162718.7916565,4434299955.368042,2725846053.6257515,221043724.45487976,52167241719.055176,280523781942.8457,37801182135.00023
2017-04-25,174273672040.1001,473528634015.34827,252105149938.96484,21691006368.09213,1520174067.89431,30506524596.87805,6778088751.274109,275304727.473999,65420367751.81029,213058428735.92377,192648868534.08813,265371462036.1328,12469175082.39746,231159036792.75513,17196406206.13098,13807389875.51369,32296983806.62935,10299483732.502258,443011899.9062576,4481380493.737199,2710728182.8742485,221055333.19854736,52472122197.72339,285059819464.35925,38359823955.34515
2017-04-26,173248820250.54932,472901171375.1812,252590857751.46484,21730917278.498665,1509724991.7274108,30516826588.974,6689442874.362946,275469069.1040039,65751611394.3397,212258833470.1538,187811222671.5088,265543471179.96216,12460731377.792358,230225605972.29004,17721487491.607666,13845169652.924053,31720388879.181793,10192750163.037033,448765295.85938644,4477469950.064006,2756081573.322502,223756499.89891052,51776362449.645996,288179946300.48627,38649481058.96473
2017-04-27,173381401799.01123,475968861403.92755,250248458703.61328,21948156325.941505,1533237272.6188726,30595760125.030518,6819070890.672684,273694284.81500244,65760329397.959946,210126412806.70166,187704238674.16382,266037937049.86572,12525461364.364624,229829651393.89038,17078261495.59021,13815786737.687275,32264306048.391495,10270664720.855637,446847497.2083435,4324962476.109187,2692121743.338749,223153663.3682251,51967883110.809326,286868941860.76074,40118494457.05891
2017-04-28,173212621867.98096,477293557113.4828,248506076098.6328,22106127972.28039,1513788841.0130854,31731128364.135742,6779870878.950119,271492247.3930054,65533701798.87352,207372119427.10876,186933656658.1726,259610784900.1549,12529215517.044067,230932747116.08887,16654229368.042545,14193607904.212166,31762662712.38437,10080631322.663757,429587309.34895706,4313230845.089608,2660723293.4452477,220464083.29963684,52049607250.97656,283539077217.3973,40015048076.56288
2017-05-01,176745584006.65283,483916858952.70044,248677497497.5586,22661534904.06555,1685447243.4520721,32015996134.8114,6920189962.028503,271870203.05200195,65879774864.19678,191179271657.49814,186419852748.87085,259337521314.91187,12480433953.094482,232092403175.354,16379920560.077887,13719229942.12362,32406534264.017532,10161824958.396973,441094101.2552147,4168544085.5512047,2659426904.5350266,221832057.65342712,52448321204.37622,283958577726.5654,39621937354.216576
2017-05-02,177866958186.6455,483150061614.0762,247077869116.21094,22630706009.49962,1635502841.4726257,32162547384.750366,6969190613.91449,272872626.81500244,66133716714.85901,190531462808.55307,184557612876.8921,260094442537.90497,12572367645.645142,232064082733.1543,16615043381.039219,13857766980.308018,32441133129.965286,10199829138.103012,435340705.3020859,4074693274.9743977,2713035100.4211903,217959999.89891052,53289171076.96533,286423252132.2201,40273665234.17473
2017-05-03,177324400121.76514,481616054616.8576,248506076098.6328,22489463432.69246,1647673470.2587128,32552449535.629272,6930881028.79715,273990069.6589966,66343902341.84265,192474832410.16595,185007180976.86768,259316537400.9127,12510453722.000122,233902527275.08545,15700692186.059313,13723428373.210411,31826087657.5654,9990791045.96193,423833913.39582825,4207648776.423193,2732846791.1624336,217762916.59927368,52965459294.12842,285453105859.45984,42518573534.48868
2017-05-04,176685299777.22168,479733696147.78284,248791723034.66797,22405818085.033825,1641351198.6732483,32767642890.25879,7004827219.928741,273349177.4219971,66851809289.93225,193122641259.11102,185049970447.54028,260620109108.28412,12602384724.0448,230904475002.28882,15256579734.060698,13551307954.578854,31793409899.327545,9636630840.052856,410409322.8385277,4043409671.4487953,2685065693.8949203,219304778.8772583,53316786624.90845,286213489430.28845,43066855033.950806
2017-05-05,179615359953.91846,481058391857.3381,248506076098.6328,22325040838.34232,1641509221.0769653,32615254196.82312,6975872212.028503,273694284.81500244,66991900108.3374,192231885110.0708,185156975086.21216,259694967183.93616,12601444840.621948,231979298610.68726,15413325061.862278,13740221080.495785,31620448692.135498,9781755037.097794,439176302.60417175,4371887881.397591,2749162222.7324867,221368327.03971863,53624705042.266846,288179946300.48627,42311661471.54808
2017-05-08,184498820100.708,480640063796.27576,248791723034.66797,22680893218.0948,1624281722.5456238,32903900068.649292,6966071996.686935,271180013.3410034,66659145912.17041,194013378426.41052,185263979724.88403,259148255042.6117,12659609095.76416,234439890750.885,15243514518.886948,13719229942.12362,31297553545.412064,9619350057.777313,433422906.65104294,4356246079.634789,2711869680.69746,222029140.95306396,52610164043.42651,288914090862.552,41980623402.98653
2017-05-09,185680518288.57422,481337296865.6639,247791972607.42188,22771230193.566124,1626968561.887741,32835944411.40747,7014181797.1458435,268616444.3930054,67184592544.555664,194175292675.16522,184942924526.2146,259064134415.77658,12548917195.510864,232799463771.82007,15191270215.651245,13752814339.632572,31224513598.096756,9494964882.739975,467017250.33085465,4285857785.237199,2708373421.52627,217809285.238266,53277313000.48828,284378128025.1241,41277159062.690735
2017-05-10,184800261137.08496,483219537529.03296,249734360693.35938,22678741686.536495,1916990716.6957855,32771758934.768677,7139800769.622803,269043697.526001,67616546499.25232,195551791570.46967,185135570030.2124,258223133670.57913,12586438095.092773,233855874259.94873,15308828176.661224,13832575376.725471,31837628499.201965,9602075525.332611,480424485.1601615,4367977337.724398,2760816197.6887035,216916628.1299591,52819390242.004395,277429894115.48157,41732342438.82179
2017-05-11,186398558952.02637,477293557113.4828,248963116735.83984,22646957366.09213,1999334754.705429,32807797425.827026,7062291172.782898,268304210.34100342,67114067670.82214,194904039666.7469,184450628879.54712,259043088844.83127,12630527416.610718,235854366352.0813,15256579734.060698,14055070866.027767,31093819126.4187,9405128772.592041,460313659.5539031,4332783190.525602,2681569434.72373,216847064.1155243,52961494637.298584,280130495547.7452,41546126890.211105
2017-05-12,189001700000.0,476735688193.9783,248277625024.41406,22975087808.715412,2021303383.8272095,32782058286.68213,7163409819.316864,268386381.15600586,66743793195.72449,194337206923.91998,184493418350.21973,259968292426.12534,12715895377.731323,235683042175.29297,15034523508.06139,14168424437.123974,30267361901.874435,9455234708.083328,462548189.81288695,4152902283.7884035,2518414452.179947,214829884.59205627,53466794229.12598,279134160055.6124,42001315091.8293
2017-05-15,188517337796.32568,477084334180.09875,249477214746.09375,22894308738.692078,2122771800.518036,32922088285.858154,7128219276.248932,269175165.81500244,67255117418.289185,194823082542.36954,184793089134.2163,267012064161.14612,12770305480.194092,236396836528.77808,15348012783.876276,14218795439.547535,30350946648.528442,9380944010.514069,462548189.81288695,4223290578.185994,2441498528.6624336,216870259.4909668,53585224891.6626,279003014801.1885,42032352625.09346
2017-05-16,188238809142.76123,486690653197.0663,250248458703.61328,23087890055.65272,2162284278.6312103,33107083233.10852,7101045971.20285,268862931.7630005,66214865360.26001,194256230817.80182,184600443630.2185,268652118375.85803,12748727622.2229,235683042175.29297,15374141834.435501,14168424437.123974,29956407433.24443,9192627232.526535,455844599.0359354,4180275343.640813,2384394073.6050797,217554246.66786194,54185278150.177,280340258249.6769,42259951551.389694
2017-05-17,181918670992.43164,473157722750.84393,240708216650.39062,22578606125.815742,2018616850.1377106,32336907676.9104,6824416424.057007,265001129.1329956,66223664260.86426,182757946438.61993,184643253742.21802,266339222460.35742,12800322558.59375,234084242057.8003,14930025243.072062,14382522047.190891,29981658643.32788,9287647577.357132,393277698.50898385,4062962016.8847895,2284170422.456217,213195262.92419434,52428582760.62012,277377490782.0415,41349560671.691895
2017-05-18,184691327872.61963,474770453410.91943,239822664062.5,22906736568.439026,2103173813.1046295,32622802478.57666,6935780924.057007,265592723.8959961,68357072202.682495,184134483297.40588,183808456558.22754,266970034676.20163,12846291646.957397,233398993679.04663,14747155004.07608,13983706691.108452,29933070233.182297,9298018129.999405,433499296.4460969,4090335076.737199,2260862472.543783,213461910.238266,52898350543.21289,279946971854.57635,41835781581.08711
2017-05-19,185320901280.2124,474630176266.8164,242164980017.08984,22939000425.154438,1997764987.023268,32765240324.188232,6994581366.4627075,268254912.8670044,69441405939.10217,186644723605.32727,184600443630.2185,267033048075.1453,12879125685.119629,233912950099.94507,15321892012.0467,14118047332.329647,30683291184.652542,9363663228.238525,424561148.7724596,4113797965.846386,2266689571.1624336,213056157.0072174,53233904087.06665,282018334970.4353,42259951551.389694
2017-05-22,186446909648.74268,479959176268.55817,241936445849.60938,23197824201.622902,2040365021.0829096,33088549151.992798,7000817751.274109,271360779.1040039,69247463989.25781,186563747499.20914,184536207820.89233,267579780768.78516,12978561405.181885,234940717956.54297,15452511048.865604,14139036436.578224,30630817972.955658,9351578138.668854,433499296.4460969,4105976878.5,2230562226.570053,214725538.57040405,52981246133.42285,281861050286.0293,42932378358.421326
2017-05-23,186216970362.54883,481571906928.63367,244964198120.1172,23218615654.4698,2012894992.1587718,33310955485.198975,7036009143.985748,271935924.6589966,69194560163.49792,189397759359.41766,184257859527.5879,268126451805.47888,13035785776.901245,235768760646.82007,15517820567.275057,13874559687.593391,30562796091.468796,9353297883.78862,426795679.0314435,4148991740.1152105,2192104264.8112965,211108519.3862915,52862812207.79419,283381792532.99133,42911686669.57855
2017-05-24,185659932944.6411,482203080448.5314,244821360803.22266,23429164897.431778,2035517352.2268956,33553268794.418335,7027099780.071259,271032095.84399414,68894827997.20764,189154906968.02634,185156975086.21216,268105467891.47968,13147421147.918701,234940717956.54297,15543948238.046007,14130641608.528229,31054514492.94017,9443138160.490448,417857557.9955081,4082513989.390813,2190938845.0875664,210981000.10108948,52697007975.0061,281389096654.03064,43108238411.63635
2017-05-25,186301638777.16064,488163018358.7594,243793026293.9453,23740564447.191505,2030963679.2693057,34042354681.09131,7263192825.942993,271640139.81500244,69035889368.05725,188264169800.72687,185927577743.53027,269925704255.09546,13292243013.381958,233398993679.04663,15282703265.466824,14034087864.149956,31233324195.524918,9527787952.678772,420092088.2544919,3773588124.8780117,2193269684.5350266,210412945.57762146,53249684400.177,281336643531.2001,43304799804.66843
2017-05-26,185986832184.14307,490547170231.4092,243821610375.97656,23797922819.870422,2083551486.1503634,34090743945.861816,7235574307.594299,272281032.05200195,68877201137.54272,188183212676.3495,186762416210.17456,268634607803.15744,13293191865.158081,232827993637.08496,15243514518.886948,14319550666.197983,30564731394.555862,9532973228.999908,424561148.7724596,3738394350.609187,2222404510.7850266,209566657.10830688,52977294528.96118,280812261671.06604,43118584256.05774
2017-05-30,186059467619.93408,493702301545.2368,239651381152.34375,23819908555.06536,2128060932.760726,34190276185.74524,7270765700.305939,271327905.7630005,68894827997.20764,185511077101.41418,187083471408.844,269036754958.12512,13287522969.055176,231543312007.90405,15243514518.886948,14260780767.47725,30121601403.230072,9538348083.523224,413388497.4775404,3621080650.923193,2215412214.72373,211966416.59927368,52665427770.233154,282857335988.7716,43366870045.70961
2017-05-31,184957704212.03613,489705772429.6287,234652656713.8672,23770199059.409397,2120422431.218368,33878639604.751587,7264083252.548218,271607266.473999,68552452178.99657,182058412346.08087,188560461555.48096,271449678992.56213,13362154017.63916,229830263553.6194,15008395837.29044,14336341339.359768,29979725706.13701,9526210912.029877,415623027.7365242,3554602900.1987953,2199096783.153677,211409948.70758057,52104887293.24341,281965956531.6904,43832404091.74919
2017-06-01,185466192041.01562,491528904080.14557,237251897033.6914,23801985203.185593,2120569571.0574925,33919829091.85791,7260519846.839905,273875050.5780029,69607769512.57025,183845676111.6142,188646019855.49927,272571362708.85345,13405611070.251465,230401215267.1814,14956150154.266462,14281768854.664032,30092446464.425766,9631998673.761154,415623027.7365242,3609349019.903614,2283005002.7324867,215560240.40794373,52823328794.0979,284220793551.3277,44473807841.97807
2017-06-02,188214643739.01367,503168490675.2334,236052196520.9961,24059612873.974186,2109992955.0997539,34188565347.488403,7358075087.665558,273267006.6069946,69442051636.16928,182383322802.81415,189630734996.79565,275322906691.43005,13482138028.717041,226975231124.87793,14747155004.07608,14285966268.68903,29666800445.97702,9812359417.088013,431264739.5494112,3531140011.089608,2191911512.276413,218319384.4909668,53174672440.338135,286764085404.4901,45508315076.322556
2017-06-05,186374313991.39404,506814518364.8557,236480736169.4336,24169787699.745804,2174186079.8032103,34454896396.865845,7352729979.103088,273644987.3410034,70000238339.34329,182058412346.08087,189951810836.792,275915614914.56665,13400885644.91272,228745371528.6255,14916965547.05141,14206201163.348953,29592948996.267014,9602516138.406906,413388497.4775404,3546781812.8524094,2153700702.970516,213461910.238266,52566751866.91284,282542741725.2645,45208314541.02516
2017-06-06,187003847620.54443,508497313968.4166,236966360888.67188,23970472004.18273,2164343318.472233,34207783235.87036,7357629874.362946,273004095.1040039,68840253452.4422,180596059037.28082,190080220531.46362,276910408635.7248,13407499805.45044,231857269401.5503,15478633200.483456,14883091384.605762,29754253432.908966,9611189861.97583,415623027.7365242,3558513443.8719883,2106226673.8587227,211943221.22383118,52353567537.68921,282647647970.9256,44815182103.98674
2017-06-07,188117823010.2539,507585910126.00354,239679937536.6211,24139436518.119087,2190491075.303024,34373214430.83191,7377230305.046082,273612114.0,69032143966.8758,183601950560.14752,190015964080.81055,276741016452.3935,13469854075.241089,231000874050.14038,15308828176.661224,14929336167.329926,30177966514.16684,9645871214.95137,462548189.81288695,3359080191.6987953,2110858173.3353806,211595445.3754425,52894389149.4751,281939667733.5371,44215166556.93054
2017-06-08,187657725656.4331,504500578692.8235,242650493945.3125,24144215470.843082,2349430479.5398936,34468627986.02295,7389257011.722565,274335177.05200195,68840253452.4422,186607804119.53265,188046698928.833,276317700412.5882,13363098385.238647,230172863578.7964,15752939248.871565,14723328266.77472,30041899092.23117,9519273599.796295,478189954.90117764,3292602440.9743977,1893172397.4705162,214018378.1299591,53297051444.244385,277351226878.5834,44225517226.839066
2017-06-09,180380955745.23926,493071393088.17706,248391878259.27734,23380410827.654247,2197541726.938446,33296196865.05127,7039572974.515915,279363720.0,69267594214.55533,192294600781.5697,188710338230.13306,278391942841.93945,13248785960.769653,234483950141.90674,16144806017.846203,14420626267.31363,30242103594.1024,9592115378.248901,455844599.0359354,3445110287.859187,2040226205.1351357,209589852.4837494,51331136382.2937,277246320632.92236,44318615350.170135
2017-06-12,176070683063.96484,489284882094.4667,248449046423.33984,23060166295.191696,2202976820.0316586,33010985870.651245,6746015975.790024,280185378.0,69110604383.96579,193188204191.72522,188881496112.8235,279005778845.28284,13171321809.387207,236767982528.68652,16118682486.440077,14454257449.66512,31046749621.62996,9736051065.795563,478189954.90117764,3480304062.1280117,2103910813.6941032,210053560.9855652,50956105950.927734,279107945941.5448,44970369770.30754
2017-06-13,177487193397.2168,495385362211.6357,249277403149.41406,23439680052.09003,2223983195.8878365,33309239366.57715,6803034715.341568,281779396.526001,69354817175.6615,193107038268.1994,188496225746.1548,279429033228.14197,13221393022.537231,236853636562.3474,16144806017.846203,14496300750.117107,30865992786.477173,9760329575.336151,471486310.84882236,3581975960.0512047,2079594723.670761,211131714.761734,52081180929.56543,281625023680.6395,45425553146.4386
2017-06-14,175755856581.72607,492720832759.3383,248763166650.39062,23336437533.93254,2228683583.0148134,33221036149.780273,6779870878.950119,281746523.18499756,69686264427.86502,193025720490.74744,189309679798.12622,281016596829.3829,13334760182.571411,234312625965.1184,15792126615.663166,14176777565.640404,31027301954.911514,9876525388.694748,464782720.0718708,3398184509.640813,2112016103.4176903,212615621.76895142,51378503426.361084,279763473056.1028,45518660920.74394
2017-06-15,174702503538.208,490126309347.6736,247277819201.66016,23042481799.781536,2238230929.5482426,32955043043.762207,6760270448.266983,280267548.81500244,68822814609.92175,191238513670.4364,191321816986.08398,281587951196.8435,13402780657.958984,234855160579.6814,15021458292.88764,13890880478.206219,31239156129.644257,9869587034.822693,458079129.29491925,3347348933.609187,2105068743.776413,211943221.22383118,50363962427.52075,277351226878.5834,44059998192.55829
2017-06-16,172256706119.0796,490827518359.6303,246163898632.8125,23605059895.650433,2227214596.752079,32901497502.578735,6787888966.615677,280152504.6589966,65621944676.25426,190344815351.5771,191921117271.42334,284360684616.57306,13494418394.851685,238366734317.77954,14916965547.05141,13806798962.611214,31147804145.783844,9827965244.69815,498300727.2320323,3370811449.7884035,2094647593.8882065,211688182.65342712,51173225569.15283,275043911841.42035,44691041621.90437
2017-06-19,177184578896.78955,496927851219.6671,251562523242.1875,23783343458.56517,2310944259.7095046,33471243604.660034,6833325787.971497,281910864.81500244,65848712875.728745,194244310284.59924,192349239032.74536,283768058602.698,13451904813.00354,236282636520.38574,15139019013.474169,13823616079.37965,30897094857.849518,9749928815.178146,502769787.75,3347348933.609187,2100437023.447174,211444730.71479797,51891693174.74365,274519480191.89587,45187613201.208115
2017-06-20,175574208324.58496,490196521548.2912,249991534338.3789,23721685669.433304,2307565435.2263126,33257415224.380493,6773188856.014252,280267548.81500244,65883613559.572815,190832247472.76965,191856881462.09717,284085571322.94617,13411281760.025024,234997809906.00586,14681845485.666628,13806798962.611214,30899037258.625168,9741255091.609222,489362606.1960969,3206572344.814006,2037910344.9705162,212314192.44766235,50723199493.4082,272212190049.42804,44660013739.61449
2017-06-21,176615488610.83984,492720832759.3383,248848918896.48438,23952069116.031918,2342526825.8536835,33586902079.223633,6905935489.551544,278739251.8959961,66494122540.008934,187907616782.13263,191364544532.77588,285546018853.5847,13326253699.493408,232513939586.6394,14642656739.086752,13937132380.362942,30860163218.25403,9611189861.97583,480424485.1601615,3046243783.512801,1999699535.6646194,213856076.83753967,51489034143.06641,274152457700.25345,45218655559.95941
2017-06-22,176324887200.0122,492650532204.4414,248563271960.44922,23929842701.03554,2326368118.8535204,33519289645.706177,6899699104.740143,276602961.15600586,65866157467.94998,186282874681.05865,190572598743.43872,287958860678.7602,13376324015.808105,231486187839.50806,14956150154.266462,14084279863.697723,30928189831.53328,9507135386.664474,493831666.7140646,3077527387.0384035,2022857474.7530708,214006769.3862915,51327184777.83203,276590843307.75476,45177277007.761
2017-06-23,177111863904.11377,499311885286.6112,248106148229.98047,23988156499.59289,2259678157.3621445,33844317232.315063,7039127336.391449,274795303.526001,65273087330.0343,185389195343.94006,191407375286.1023,288763093331.7495,13522759288.024902,232999301704.40674,15361076619.261751,14214615315.57304,30883479125.250412,9586908227.519821,502769787.75,3163557483.1987953,2056436784.5823097,214412544.7292328,53150985655.2124,275935440666.6729,45973858773.33641
2017-06-26,176554925932.312,494543581541.3116,249191678601.07422,23754904952.02715,2234999386.7940874,33363809298.568726,7015963500.0,275239005.8670044,65848712875.728745,185957907279.1031,191278903667.44995,288572635025.1575,13625732126.617432,231942971763.61084,15439447213.48013,14197794130.557426,31184738151.275528,9795015094.865585,487128075.93711305,3187019999.3780117,2091173803.6412773,214285003.33213806,52811496822.35718,275253724332.7425,45922119900.2552
2017-06-27,174024400430.9082,485288176270.3,251505410473.6328,23343845731.154057,2153179703.9470325,32540085561.00464,6727752034.658432,275008942.6300049,66293526978.5671,189044983707.23633,189673524467.46826,285757604940.38354,13440568814.468384,231571809654.23584,15308828176.661224,13903497129.764275,31557899128.546417,9710035103.281158,480424485.1601615,3155736395.8524094,2105068743.776413,214598019.28520203,52254872055.81665,274100004577.4229,45001402478.084564
2017-06-28,176567038468.01758,489425365398.55475,256561109191.89453,23667673110.660732,2229124009.3028,32983522692.337036,6833771001.274109,279182954.2369995,66729601536.192444,194000660660.09564,189159803123.47412,283238918691.0202,13322475332.260132,232770901687.62207,15661503439.479437,13890880478.206219,31835832783.99037,9852245837.515686,475955424.6421938,3206572344.814006,2106226673.8587227,218910612.27798462,53289171076.96533,276118914570.4513,44763467358.34122
2017-06-29,173963877530.82275,480239671653.91144,260360216210.9375,23323531991.246376,2154648548.3198543,32187602716.62903,6685879043.832779,278213403.81500244,66223742859.98135,197575207172.90305,186205843471.5271,280741339669.54834,13223281757.736206,230401215267.1814,15779064160.065966,13550337677.62711,31598720301.485596,9708109113.743637,460313659.5539031,3249587579.359187,2135174263.3587227,219223628.23104858,51161396860.50415,273575647611.9841,43873782643.9476
2017-06-30,174375544631.04248,482541576644.89746,258816157325.74463,23812800750.73242,2123507259.803136,31943633597.808838,6667600535.190582,278328422.8959961,66005708456.01908,214572781107.33032,188954669525.14648,280000552014.1256,13280630152.130127,233106723655.70068,15754714701.652527,13662726993.560791,31439346436.13832,9606826396.555767,459603007.24565506,3217929821.0144043,2146753343.329239,222183861.8774414,51441660572.81494,275358555894.3179,44370349397.764206
2017-07-03,174401047686.83243,477221155990.6006,264083681755.06592,23460035339.35547,2046681250.5319207,31592477642.562866,6523011487.169266,282321693.81500244,65726606479.88088,218287489377.594,190233921496.58203,286269119174.9573,13232293066.02478,237062592727.66113,16003959928.512573,13451812982.559204,32104049703.763687,9758295641.373085,461855961.0570688,3389970029.8309326,2209280021.8058968,216237160.21728516,51189012408.447266,278006753993.14136,44039311329.20265
2017-07-05,175118082408.52737,483591523483.27637,266731557479.8584,23896439849.853516,2101326035.472561,32032283580.41382,6587273239.002228,282403864.6300049,65691728794.840004,220410253623.9624,190082195095.8252,287863021820.06836,13156475654.60205,233453217784.8816,15964606367.111206,13785052242.279053,30753260198.707443,9612045773.805943,452844145.81141376,3237479895.591736,2215069451.3648643,213895580.10864258,51903547988.12866,284561626823.59766,43884123662.88185
2017-07-06,173465185211.9217,480021180847.16797,265877442993.16406,23742443984.98535,2107642123.0316596,31875256285.64453,6526581750.0,279692378.18499756,65822557486.798485,218552837491.60767,189431718069.458,285450593013.7634,13227555265.045166,231345366279.60205,15597300456.047058,13616325931.549072,30277092832.92224,9424015885.232605,466361868.67989635,3143639985.0845337,2083068513.9176903,211693093.91784668,51800900901.79443,281729880136.91016,43387552083.57811
2017-07-07,175227506267.24243,486251557388.30566,267215672843.9331,24077495864.868164,2155823254.90434,32326057570.17517,6701962559.383392,281237099.2369995,65700451090.95062,219614229947.66235,190038770025.63477,285493617195.1294,13313801056.861877,231634070655.82275,15610420157.432556,13510871477.127075,30444224471.891144,9521514060.624256,457350053.4342413,3081080044.746399,2131700473.1117935,214440414.36767578,52460156439.208984,284404342139.1918,43459987470.98923
2017-07-10,176296989228.63007,489891851394.6533,265336434257.50732,24513162780.76172,2257768602.9215107,32676185354.782104,6813082042.52243,279774549.0,63868878152.03588,220144905509.94873,188824603390.50293,283361169765.4724,13365923165.512085,231460815444.9463,16423737716.674805,13721782426.834106,30211006254.522446,9331743337.842327,457350053.4342413,3143639985.0845337,2055278854.5,213026193.3746338,53218094406.12793,283748815024.6338,43573777283.16307
2017-07-11,176868165400.46692,489961920379.6387,264311392532.34863,24455598495.4834,2289791453.463764,32763117314.468384,6887161272.359848,278114808.8670044,64078213258.69073,217579935738.3728,188130868554.6875,282671862560.2722,13339388421.058655,232731310211.18164,16502446225.16632,13898943624.49646,29919463964.16797,9382238989.602009,457350053.4342413,3163190059.661865,2033278624.6412773,213686928.17687988,53616814885.71167,283722576015.87085,43553085594.3203
2017-07-12,177123367952.18277,498082454101.5625,263400247383.11768,24760146240.234375,2387182277.1838717,33248620018.844604,7084409250.0,279232251.71099854,64488138177.08661,215368763452.14844,188542810855.10254,284825832538.60474,13342228762.435913,233770808891.2964,16095782595.63446,13991741666.793823,30226554924.312424,9518034475.790806,464108914.8684826,3155369880.6762695,2040226205.1351357,217558651.9317627,54098424429.32129,288075064949.5204,44339307039.01291
2017-07-13,179590565522.67456,502422673461.91406,265080139503.479,24615498870.84961,2359566243.5399084,33289508964.309692,7060311146.261215,278854296.05200195,65456244048.955696,217756834481.04858,187979037615.9668,284028849842.07153,13323276658.821106,233799711914.0625,16371260296.821594,13894726181.030273,30718282789.368576,9598120141.929077,470867776.3027239,3249210164.0701294,2140963692.9176903,215367773.48327637,54023415732.57446,287996372817.927,44080704357.86247
2017-07-14,181133998932.13654,509493260345.459,262660056930.542,24644525939.941406,2423025371.726691,33566446329.467773,7190173126.098633,278492764.526001,66581362750.217514,214130492919.15894,188846368194.58008,285622877983.09326,13425632413.482666,234694776943.2068,16528675928.115845,14046577615.737915,31239156129.644257,9793114409.128647,468614822.4913101,3257029970.1690674,2122437253.3058968,214139011.04736328,55235357484.436035,288940304976.6196,44463461997.55669
2017-07-17,181766045993.45016,513483458221.43555,260211390380.85938,24846983459.472656,2412742609.777464,33533803894.01245,7216056574.047089,279626656.5780029,66607506639.74618,212450016860.9619,189822041918.9453,284653568485.26,13360239783.668518,233482023052.21558,17053398856.163025,14181993102.984587,31511255485.072678,9833152554.134384,468614822.4913101,3268759865.760803,2138647832.7530708,215402552.49023438,55353775094.60449,289281212932.97534,44577256635.21767
2017-07-18,182397933341.0492,513133554351.80664,259300245231.62842,24606239736.232403,2437860813.404121,33911420045.318604,8193370592.376709,279873143.94799805,66459244854.968056,211388624404.90723,192185352575.6836,289629293098.4497,13409519751.548767,232731310211.18164,17053398856.163025,14173585467.816004,31064235960.4032,9850567146.971497,466361868.67989635,3264850149.154663,2065700004.3882065,218799000.0,56549900639.34326,288415948011.18085,44680700602.97012
2017-07-19,183540385505.79453,517053653839.1113,259670381645.20264,24664364880.808372,2425227786.9464493,34111395269.943237,8204972989.002228,281335694.18499756,66171426332.42004,212803752349.09058,193059415399.16992,291244822872.16187,13438902034.950256,233453217784.8816,17197693400.382996,14245065623.768984,31149748912.45569,9951542823.612865,479879645.2630348,3475990134.239197,2101594953.5294838,220027762.4359131,59463280580.13916,287629325431.58936,44039311329.20265
2017-07-20,182714006782.24182,519573902618.4082,259670381645.20264,24708321116.595875,2460483173.4722447,34091468847.198486,8193370592.376709,281549333.28900146,66302249274.67772,211742483887.4817,193605626260.37598,294174357578.2776,13598121298.027039,233482023052.21558,17105869347.572327,14261875808.432808,31293583571.597763,10015055599.862549,477626637.7369652,3421250000.0,2099279093.3648643,219459734.8022461,60722560008.239746,287996372817.927,45053126874.70436
2017-07-21,180246505151.22986,516563670806.88477,258787655723.57178,24635543282.589928,2469295955.929351,34148160960.403442,8413823788.856506,281565757.4219971,66415639124.11576,210504172023.01025,193627474694.82422,291460236602.7832,13682466931.152344,231345366279.60205,17066515786.17096,14459493886.011904,31210003556.736145,10013308545.669056,549721267.1315174,3327410089.492798,2078437014.4410324,218486011.04736328,60908099421.691895,286606726035.99854,44432424464.29253
2017-07-24,182429546173.73657,515233506835.9375,259898147338.8672,24954514153.05643,2440651787.980377,34301746923.110962,8385709405.426025,281615054.8959961,67061025789.59276,211477053110.50415,192687866567.99316,286505971790.3137,13566843354.415894,230623442413.33008,17000925593.37616,14253471224.66823,31105061865.134766,9988845604.903439,533950536.7369652,3327410089.492798,2022857474.7530708,222450486.1907959,60690973277.282715,286868941860.76074,43346183182.35397
2017-07-25,183209224792.96875,519363725067.1387,264225915184.021,24976612299.859344,2428900749.217978,33295691203.704834,8343760838.710785,284195073.05200195,68482668060.41082,216518563948.05908,194785588073.73047,284071999519.34814,13563054733.085632,231778373966.21704,19506464306.83136,15237338469.42072,31402417162.439026,10034272150.476791,522685767.67989635,3430689182.460102,2132858403.1941032,223157585.63232422,60292262586.9751,288756756388.7556,43615151009.874344
2017-07-26,184072880927.36816,518383994232.17773,261748911781.31104,25287177481.67961,2456957492.929753,33167875584.777832,8437922318.183899,284326541.3410034,68814069315.00793,214130492919.15894,195135267562.8662,282068750129.6997,13788616705.322266,232067208683.01392,19755708148.002625,15540068260.761795,31830007947.559616,10119889306.613914,524938721.4913101,3340716528.8574915,2158332202.447174,222056353.59191895,61002846562.194824,290434808214.8188,43439290956.65932
2017-07-27,180594375407.04346,512153470672.6074,260666839393.61572,25123848372.599514,2375871239.0397224,32728067003.814697,8152314059.383392,284375838.81500244,69581596874.5376,213246019871.521,198150769668.5791,281810291301.7273,13709004374.694824,233395460617.06543,19021097711.56311,15321429060.991905,32327555917.254135,10125125241.623497,506915091.0,3391570572.535017,2233596111.829239,219297447.50976562,60493601892.08984,292794601269.50757,42922037339.487076
2017-07-28,179322949522.20154,511313289733.8867,259898147338.8672,24500315598.2733,2414798027.0480103,32928044871.551514,8213005548.38562,285936984.0,69607769512.57025,193231757058.86053,197123746896.3623,278050613759.24744,13753549240.68451,229843777671.81396,19152276711.46393,15582116607.951393,31198342054.39366,10030780133.118164,518179860.0570688,3399394070.6824064,2244017040.8648643,162276403.3126831,60213315338.134766,294341582525.2325,43615151009.874344
2017-07-31,178399295374.26758,508553010792.3659,261378692993.16406,23725463935.79296,2539088663.5780334,32487208119.94934,8106795655.426025,287531002.526001,69915209375.38147,193955470941.8228,184669185427.94983,279885276811.8457,13845482013.130188,231114353900.90942,19103379183.383183,15628357584.24393,30805742873.989105,10006230414.67567,509168044.81141376,3383746701.324915,2228571092.088497,155923994.47631836,59344836865.234375,295862324772.19446,43863431974.03908
2017-08-01,179982632114.36462,507713692320.44165,264880847953.7964,23927464343.65255,2570024635.7917786,32523622276.489258,8123306791.053772,289700166.6069946,70360953924.17908,196609101038.3452,185238518439.01794,279442332490.2792,13890968861.198425,231489669589.99634,18933509219.918327,15548480981.60372,31987432314.442657,10125480716.444435,520432813.8684826,3360275833.820034,2227433459.5807514,157975779.006958,59577749848.93799,299349498994.6591,43770333850.70801
2017-08-02,188486882568.08472,505475215911.35315,265108641105.65186,23920257111.59551,2568461719.0361023,32560736857.75757,8065739122.432709,292263760.6300049,70387177242.27905,197734832262.19757,185116496273.7152,278704351333.3777,13907079723.739624,232731310211.18164,18776708937.23976,15502225765.425825,31363554951.54886,10013246860.332481,504662137.18858624,3375923203.1775255,2170553136.0807514,157570060.77575684,59617220210.26611,299401952117.4896,43759983180.799484
2017-08-03,186603752798.12622,504705943481.47424,263371800697.32666,23704807968.402428,2601116356.3728333,32308533736.40442,7998353975.80719,294137139.8670044,70684363323.21167,195965764319.67358,184750546508.19473,281213864049.0311,13982902533.340454,232413653934.47876,18776708937.23976,15384500564.641634,31476270978.045227,10002726896.661072,506915091.0,3618457614.75,2134149763.7577457,154822751.3809204,60071194627.38037,295573894833.3646,43956559050.29297
2017-08-04,187587385255.8136,508413094998.6495,266674691566.4673,23720660946.92403,2612522811.4128113,32497175295.98999,8044765264.663696,295665411.71099854,70343488998.41309,200790498488.10095,184364188379.88684,280855265696.7001,13908031602.478027,231605118755.34058,18828976618.30587,15199498008.354086,31977715578.77202,10074622724.709984,506915091.0,3548044266.109932,2193305352.273237,157338215.46936035,60375158177.18506,297959827318.0354,43511707042.12189
2017-08-07,190490067476.4557,506454332650.07764,267699596000.6714,23833308536.298664,2692831317.9016113,32495792948.31848,8092068587.242126,292575969.6069946,71042719860.0769,200710102535.31934,185929893070.45343,280180518420.10913,13940254227.256775,231460815444.9463,19207909024.475887,15207906660.657337,32335339715.733902,10074622724.709984,536203544.2630348,3422865311.25,2128461601.219017,153165099.4491577,60959414807.12891,299244617643.69324,43097902218.18924
2017-08-08,192013465314.36157,509182661245.81885,266731557479.8584,23774943333.90437,2660802088.737488,32442195919.47937,7959529229.473114,289930229.84399414,71313688385.00977,200227632876.17477,186214501210.7936,278936338584.0377,13964894211.1969,230883308937.07275,18907376759.645153,15027110973.358086,31892193163.13475,10048319678.988922,487665514.62558746,3352451962.609932,2152351449.9192486,152423209.9456787,60450189715.57617,299480644249.08307,42570297931.108475
2017-08-09,193188914081.32935,506944243600.1884,266304472778.3203,23586873609.517353,2689081887.245178,32300971792.44995,7844393041.053772,292608842.94799805,71779836530.68542,198941015804.30438,186905856387.16446,280960785186.739,13954467630.195618,231605118755.34058,19064171521.28421,15178474851.893955,31760036567.60852,10079887934.116585,480923601.73518276,3254655810.859932,2081819753.3075142,151391524.86419678,60619922711.18164,296543991316.7345,46108335448.86589
2017-08-10,187035541457.76367,499529352931.257,262489157150.26855,22984238692.902428,2573928909.301758,31734383692.5354,7548075270.526886,289815210.7630005,70944262853.62244,193955470941.8228,186539867711.51474,280665564055.76843,13999965274.620056,230234962326.0498,18489244972.935432,15321429060.991905,31320791377.83403,9999219196.589756,449461288.0,3199890204.640068,1955545582.68474,148076209.9456787,59285618270.87402,294656201683.4348,45673843761.57761
2017-08-11,189636539085.55603,507154029145.5759,260296757896.42334,23250129297.982647,2436750516.4146423,31957721385.742188,7648930407.623291,288139021.4219971,70715570858.00171,191864725245.71756,185726490369.84116,280686655667.4005,13948785148.0484,228019139945.9839,18240979008.910927,15359267487.789202,30687178352.100037,9904523840.834381,462945113.7808094,3266391617.675085,2020389116.7577457,149548392.26531982,59684342013.549805,293974510244.1996,47391133298.34938
2017-08-14,192490474151.68762,514778764123.3529,263343299095.1538,23617859393.105583,2631115725.517273,32261465194.656372,7631080370.235443,291343482.6069946,70979446237.56409,196367856814.52747,186356873373.68988,281487952613.78394,14032179802.131653,228077516231.53687,18489244972.935432,15144838208.411613,31163345717.88524,10051823197.003521,478676297.4383812,3282038987.0325766,2016976219.2345085,149444066.29943848,60244895542.907715,296360442728.8704,46894566544.532776
2017-08-15,194597813247.10083,514919326315.10834,264026651092.5293,23604408825.26966,2608929129.1236877,32232256161.92627,7519514870.235443,291639292.526001,71041025802.6123,196769930520.89038,187475208853.29718,281277138883.92737,14126010933.876038,227523487319.9463,18254047309.437332,15039725477.514965,30956956763.361694,9990447332.626019,469687026.6712141,3094270181.679966,1913454047.8230057,149177453.04107666,60185670422.36328,297015969843.4284,47080791744.11774
2017-08-16,193815100245.57495,517943411395.4253,262204388252.2583,23494881987.533253,2580336928.3676147,32444947399.261475,7585561115.100861,293397627.6069946,71225712638.85498,194518336553.749,187963219694.24963,282943069043.469,14214144288.635254,225861710144.04297,19299373325.561943,15191092407.45484,31047386047.70627,10102677006.681255,467439722.37441254,2965179291.214983,2247910410.7577457,149212220.993042,60663354466.24756,294682366008.11206,48011840534.24835
2017-08-17,190094179106.03333,509152750645.65015,258104331184.3872,23071907441.654247,2522839068.174362,31874225471.89331,7411965224.3385315,291129868.5780029,70099919260.02502,190095638514.70264,187210853435.22742,280560065043.02234,14084308208.656311,222333977279.6631,18554578194.008186,15157449661.164488,30899950494.55623,10029029942.382133,458450505.18720627,2847824021.033797,2154626714.93474,147751635.36071777,59471151158.14209,292217741391.8478,47388908748.7793
2017-08-18,189660676217.43774,509785691852.7562,258360598480.2246,23021467812.26954,2392444297.6024446,31823374636.61194,7432047048.38562,291787184.94799805,69756866861.34338,189934809032.15747,188024230776.901,279695513739.0355,14209413685.22644,223441872177.12402,18489244972.935432,15064954485.828724,30188388286.903427,9969401132.198124,476428939.5616188,2926060867.8212543,2192167719.7654915,145978060.77575684,60106729699.70703,292951910848.60876,47221671841.077805
2017-08-21,189311406993.16406,507394783033.37775,258047327980.0415,22897050059.78726,2357631449.0389338,31640923245.758057,7441865377.567291,293068969.4219971,70108677652.35901,188004930395.57928,188817258120.98108,281424677778.8877,14258696352.19574,222683811386.1084,19247101503.7162,15392913285.483559,30384958772.21997,10150028343.85857,474181635.26481724,2863471390.3912883,2148938552.3960114,145143430.9387207,59842243037.41455,295547705613.9922,47514342461.41434
2017-08-22,192406279894.92798,514497580976.384,260695340995.78857,23223948335.765778,2410118590.076526,32311975068.466187,7557000714.809418,296536367.18499756,70381351758.95691,191623462233.40887,188674866503.02017,284060801596.21216,14295657677.650452,223733427753.4485,19691372651.99849,15346661120.70967,30119592757.360977,10062345251.703289,485418210.3287859,2941708237.1787457,2213782086.469017,146221491.71447754,60939679626.46484,295940967114.39746,48235511514.0152
2017-08-23,192647079804.0924,511403332327.1055,261008584037.78076,23010179597.300972,2458306246.2985168,32386875581.497192,7544505433.2847595,295764006.6589966,70328605493.54553,191060559044.5008,187963219694.24963,280054071136.7809,14274954764.938354,223354381065.36865,19978837996.5627,15548480981.60372,30972692338.951035,10188611999.128864,478676297.4383812,2984738596.1775255,2224020562.057514,145641889.503479,60556755775.45166,295888489096.8717,47420264764.19449
2017-08-24,191792073629.60815,511192371512.5562,260581362045.2881,22876874208.033375,2449262260.599934,32191369859.573364,7503002883.430481,293216861.84399414,68903707254.40979,191703914551.66333,187617581016.19348,280243793255.0054,14243471690.559387,222538041744.23218,20240168120.33397,15481205660.3697,30793814025.376648,10083389361.102825,487665514.62558746,3012121399.2874575,2275212940.0,145641889.503479,60576497482.299805,294236651384.8762,47681560067.16728
2017-08-25,192502532865.7379,512106495866.6312,261634987747.19238,22704177346.53131,2428800107.019507,31971811816.78772,7405717583.576202,295139563.6300049,69158783906.93665,191141048939.73718,188105572402.0813,279458570983.5066,14318836554.718018,223675067760.46753,19978837996.5627,15552683782.053343,31261643972.97258,10178090989.943275,485418210.3287859,3117741235.716203,2459505283.6117344,145780994.47631836,60880461032.10449,295862324772.19446,48214617154.71268
2017-08-28,194441306113.60168,512176776962.509,260809210113.5254,22722430903.236164,2446000335.7536445,31890377530.441284,7457930496.334076,293660564.18499756,68631067720.41321,190738956444.8833,188024230776.901,279585837358.5487,14393242342.567444,222946235843.65845,20292435801.400078,16103474410.581007,30827229943.227173,10032536596.93927,487665514.62558746,3133388791.605051,2410588170.68474,146418546.95892334,60840990670.77637,294367746849.90967,48914887022.52388
2017-08-29,196175297964.20288,513723960050.60626,259385667663.57422,22915543674.310436,2441996335.8831024,32152196293.914795,7533349053.520203,293529095.8959961,68506807421.46198,189613206432.53998,187719253183.90265,280583347724.989,14377977194.595337,222887924728.39355,19874304014.690357,15994159896.369404,30713224503.304825,10020265397.01765,485418210.3287859,3219449136.539898,2362808690.2654915,146870640.8843994,61247591517.63916,293869628893.23376,48611778873.51036
2017-08-30,196705152342.51404,520475176223.8496,259983514854.43115,23240521487.742355,2456527326.7648673,32422954062.789917,7795750816.7152405,296372050.6300049,68306780550.58033,192926988947.13562,186804223129.5845,278163935097.86096,14368444911.766052,221867537235.26,19024972140.744507,16002569565.807323,30864577980.552887,10018851861.847332,478676297.4383812,3168595465.925085,2308203631.780983,145746215.46936035,61113374015.808105,294420224867.4354,48653586894.06395
2017-08-31,197487924455.3833,525819830264.20917,258787655723.57178,23553007132.109222,2512276821.924699,32821871055.17578,7796643701.61438,297703132.5780029,67898009427.31336,193088588757.8098,187617581016.19348,280922820285.8013,14357950853.538513,222538041744.23218,19312440245.82847,16120297817.99552,30831166794.49475,10131498696.060081,480923601.73518276,3192066333.429966,2244959434.336441,149536795.57800293,61705527328.49121,296229372158.5321,49771951443.87245
2017-09-01,197548099802.948,519982914735.41516,261093979011.53564,23496562392.261528,2527399927.4324484,32710202208.572388,7797982603.374481,296996493.6589966,68158949713.656204,194705094153.80728,188146155666.88065,278079077196.3043,14324559523.200989,223237758834.83887,19691372651.99849,16254842357.65555,31094559651.927567,10184306571.738796,492160123.2191906,3348540400.0675936,2317448321.097458,148957204.42199707,62088451179.504395,296360442728.8704,49374780074.100494
2017-09-05,195175784258.9264,517662228248.4563,254858498435.97412,23184796921.349636,2459937781.089594,32349079077.285767,7788164274.19281,290834058.6589966,69402612381.93988,188400860265.40106,188532591615.44702,275680919999.1511,14334097204.208374,225016223411.56006,19325505785.83512,16292688921.530193,30837060241.915146,10265275371.835064,474181635.26481724,3438512680.6074915,2402018758.8144073,148736955.80291748,61113374015.808105,297907448879.2905,49103023115.01503
2017-09-06,194971121084.3506,516185326256.2367,256566837242.12646,23245564534.42961,2458453631.041089,32367636367.91992,7999246009.529114,290521824.6069946,69646129300.54533,189209047203.68146,188532591615.44702,277315089877.48755,14142355717.468262,229680965999.60327,19678308492.251717,16137118174.006027,31200705584.691925,10240630511.60226,480923601.73518276,3434600745.0024405,2417395125.8584747,148597850.83007812,61772616500.85449,298195829028.73,50001890731.43005
2017-09-07,194188388379.04358,522795862710.8085,252068169616.69922,23525865938.619053,2469871512.7389674,32638045245.98694,7988089629.764557,285920559.8670044,69680924757.30536,185652818001.84717,189040932998.92838,280540877819.625,14260643295.097351,230409814208.98438,19874304014.690357,16650072410.005732,31607594778.111008,10333921741.81493,487665514.62558746,3403306006.2874575,2414100100.2830505,148794917.1295166,63501696342.46826,299637928933.489,50691718245.07713
2017-09-08,191021379934.5703,520264332936.2165,251755008949.2798,23199927893.913834,2427022332.221722,32346671202.087402,7872954292.52243,288401958.0,68602487805.50835,185006230874.24097,188776538670.72937,277972984342.0657,14143309395.599365,229797588230.13306,18606841734.294662,16528147460.175922,31363853054.46936,10443050420.814571,478676297.4383812,3313333725.7475595,2374560840.8144073,148667397.78900146,63051676792.907715,301447076224.5857,50137757147.254944
2017-09-11,194477423144.40918,525749666695.2476,255655774467.46826,23489597050.52524,2505753544.600052,32411271506.94275,8110365492.668152,292296608.8959961,68776425205.8637,188804925551.8048,191114901252.71783,282705614355.6189,14442846201.133728,231051236476.8982,18802840017.25306,16069845904.176012,31513242837.876022,10464172943.77755,487665514.62558746,3321157223.894949,2393232233.433899,148609436.46240234,64259627783.203125,304750751648.5767,50890291866.24527
2017-09-12,193706670338.02795,525186947820.56116,258787655723.57178,23600566067.67403,2514796671.746736,32526720003.967285,8262540657.623291,293545545.1040039,69237363874.91333,193573519709.26898,190138957391.0714,281474724282.605,14226303684.806824,231780149856.56738,18685244636.1537,16124498584.175806,30968753121.787262,10370886941.135777,487665514.62558746,3438512680.6074915,2466819252.566101,148980386.74163818,63695138964.84375,305563538552.84546,50712622255.35393
2017-09-13,192249634834.96094,528914078913.4876,259528120758.05664,24009368039.75971,2526065451.598245,32656940854.98047,8195155510.997772,294022095.71099854,69454791322.9925,196644780382.66217,190220260106.12244,281092679429.9645,14135676371.765137,232567292888.64136,18214846548.63775,15958099420.972383,31534857665.50859,10348002726.780796,528116991.9680157,3602810245.3925085,2585437659.433899,153257828.72772217,63189829583.740234,305747136930.0999,50858935850.83008
2017-09-14,190599935760.02502,525819830264.20917,259015503791.80908,23831868189.388714,2511683276.3788834,32302697744.7052,8150083123.901367,293446950.15600586,69298243104.5647,195917440320.94623,190220260106.12244,284764176128.20276,14266369862.365723,233500238147.7356,18110311186.50553,16033924776.228556,32187464105.891693,10455368668.874256,501149340.40639687,3606722180.9975595,2500867221.7169495,150811922.65319824,63726712643.43262,307031877466.3673,50848483845.69168
2017-09-15,192526610886.27625,529617359979.9295,260866213317.8711,23701685384.261772,2670480463.1537123,32136390483.062744,8137587842.376709,295616114.2369995,69907035401.07835,197048939611.5207,189650888184.92508,285337110304.76,14317885575.675964,233441943325.04272,18136446407.298466,15945461522.718132,32387959612.994843,10543384234.538532,505643949.0,3614545679.144949,2499768879.8584747,146998149.16992188,64113578309.63135,308578833827.397,50367706085.78682
2017-09-18,191069575383.20923,528562555907.18286,264567687286.37695,23399045775.45109,2780792648.5657105,31946036186.782837,8238888996.334076,298212556.526001,69576549782.29523,199635344487.4185,189406941129.6427,287310937039.5443,14147119609.642029,233500238147.7356,18463115273.18201,15915965634.470644,31749120322.56729,10483537957.405243,555084697.1095953,3634104984.1074915,2490982354.4779663,146001243.09539795,65921611926.26953,308316618002.63477,50869383030.48134
2017-09-19,191141809444.82422,530531660624.37885,267471912681.5796,23295043932.54102,2777827496.4923286,32190339045.822144,8286193170.089722,300743252.1329956,69620056922.92393,200928575108.10382,191480928838.49677,286971300660.3893,14110874442.481995,233879252250.6714,18920442299.651802,16046570811.560154,31397271338.21608,10349765463.686977,541600871.3287859,3657576224.675085,2536013323.238983,145885320.4421997,66434798411.56006,314792848490.88806,50848483845.69168
2017-09-20,187938585450.63782,527015196528.71124,269351041435.2417,23375507281.738228,2755437893.899815,32557298168.807983,8278606627.567291,302074359.15600586,70011416073.72346,202545005350.13748,191948628591.98492,282726869785.59375,13998308033.943176,234841377506.2561,18528447113.99489,15852778177.468723,31430680158.37802,10268793527.048172,615761966.7031984,3821873789.460102,2566766266.8144073,145247756.90460205,65211021424.86572,315605660289.85205,51329276082.05795
2017-09-21,184711441066.1621,521881738356.7334,270575292335.51025,23169904174.101334,2680116849.6622458,32557644416.503906,8424534151.760101,300989764.5780029,69585232977.98906,203353267442.3817,188369849999.89258,279607133743.10925,14002120047.37854,232917159580.2307,18267111469.184105,15768522810.081264,31367782808.048355,10193112937.670448,555084697.1095953,3551956201.714983,2497572196.1415253,144331994.47631836,65439979541.015625,314766659271.5156,51277025707.34024
2017-09-22,182905156042.60254,523288182962.701,270005974205.0171,22940524347.43568,2654022309.443827,32410238050.079346,8360718842.376709,298853448.7630005,69167784356.66322,202221692997.8434,187556531023.41284,278843105469.7068,13962057468.605042,233004650691.98608,18371646831.316322,15962307307.095348,31216431696.696487,10133260387.452084,577557740.077611,3645840417.859932,2511850430.8144073,144621790.0543213,65514998027.038574,316287376623.7825,51444243313.093185
2017-09-25,181291514887.13074,515200862042.82587,267984364898.68164,22572792419.810314,2535406496.2537017,32101689063.217163,7968007805.717468,299938043.3410034,68837321528.41997,200120294227.36865,188532591615.44702,278376182238.2168,14005938358.688354,236095025753.02124,18149513327.564995,16274062134.348696,31544692695.988953,10196625865.31266,584299652.9680157,3923581503.7524405,2573356108.4779663,143694430.9387207,63955683811.95068,317178830764.94934,50994821568.603516
2017-09-26,184410367290.52734,515200862042.82587,266788478309.63135,22544210879.410194,2549641000.546525,32209919220.87097,8005047633.430481,298853448.7630005,69046031594.99547,200524397090.75433,188390199997.4861,277888044531.33765,14089886326.026917,235832650173.18726,18280178389.45063,15996015150.004475,32140281038.085617,10268793527.048172,584299652.9680157,4005730286.144949,2629370286.336441,144366773.48327637,64291240618.896484,318122787818.3372,50294542049.81804
2017-09-27,185722934670.36438,519349973528.3091,271002431953.43018,22838923082.70886,2605537594.2649627,32981988148.086548,8120629838.710785,301170530.3410034,68959062894.8178,205373856913.27393,184770838140.59442,275362580004.55664,13951559811.592102,237407017700.1953,18293248070.236916,15675841499.101192,31471965046.971313,10087496140.79884,595536228.0319843,4080055570.390068,2683187780.4779663,147600933.70056152,65901870219.42139,318542288327.5054,50482678142.30919
2017-09-28,184578952841.8579,519490653246.98065,271571887374.87793,22971748356.339806,2604796663.976575,33150695355.59082,8063954203.8116455,301071935.3930054,68663367035.15971,205697131688.58606,184811538135.7815,274768349443.43884,14022152686.309814,239622774909.97314,18842043538.572395,15848560119.999075,31762870911.24948,10177267124.770042,588794261.5616188,4142645047.820034,2628271944.4779663,148053027.6260376,67303263832.092285,318294810162.31396,50242277198.638916
2017-09-29,185590446446.06018,523850784310.4713,271942051246.64307,23090642946.49818,2650611855.1191006,33456841753.479004,8092961472.141266,301252701.15600586,67958888656.96473,204808079085.25024,184994532473.60632,275914381614.8961,13980180951.881409,239010532638.5498,18345510230.26351,15802224550.18238,31648870203.119522,10103417230.72015,586546957.2648172,4209146460.855051,2624976918.902542,148041430.9387207,67583556912.231445,317150450812.39746,50325898065.23323
2017-10-02,188317644845.71838,531285930419.9219,272710327542.11426,23691992683.410645,2654022309.443827,33333919453.62091,7918754857.5668335,304687225.5780029,68228500743.73147,225908634463.50098,196888440298.4619,284054066283.41675,14051725363.731384,237990112560.27222,18824158052.444458,16039749496.45996,31389409465.161896,10154885086.673775,627331553.75,4039029970.1690674,2634861786.1415253,148406095.57914734,67386165948.48633,317523049715.7694,51120226328.315735
2017-10-03,189137941250.1068,528793525390.625,274146583993.53027,23640369773.864746,2659508169.8911448,33492756085.05249,8016279957.874298,305114478.71099854,68898172269.89648,228024899369.04907,197639362223.81592,285958980969.2383,14066087833.404541,238369061492.91992,19217965896.606445,16187949783.325195,31261643972.97258,10151335256.000782,636456367.647891,4019479895.591736,2538210006.9559326,148647573.52638245,67291444912.71973,320264154817.1575,51277025707.34024
2017-10-04,187913606896.13342,531855718200.6836,271358612677.00195,23846614547.729492,2681748670.637289,33310147894.821167,8251591953.475952,305377415.28900146,68785131192.09741,226702264549.63684,198282986128.23486,287669166215.51514,14226963208.198547,238456520019.53125,19073570657.730103,16124431869.506836,31418879068.160065,10169126531.35534,631893960.6989455,4023389985.0845337,2529423481.575424,150625400.73680878,67579621623.22998,321940812540.2882,51506960169.410706
2017-10-05,190252070687.3474,540970180633.5449,275012639627.0752,24226994773.864746,2680265379.1406827,33944455458.450317,8696269549.38507,307497281.8959961,69063415079.28806,230405666641.23535,197446238102.72217,288318480179.59595,14149397924.423218,239127138576.50757,19362366682.052612,16069389144.89746,31698007501.18222,10147770682.631432,650143588.4947276,4121139985.0845337,2590929159.238983,150820886.01779938,66525597210.69336,321594801171.4123,51151587169.21806
2017-10-06,190141925871.45996,541183791549.6826,274531108349.60938,24442626045.22705,2688124277.0353975,34235598082.04651,8858662344.478607,308006705.84399414,68706839989.97861,231111074611.28235,198089882534.79004,288383543164.0625,14121629399.299622,238223291851.0437,18811026548.38562,16115962814.331055,31497523823.560043,10049906558.10936,677518084.5765817,4031210164.0701294,2540406481.1855927,151050860.31532288,66888766302.490234,324336005851.58124,51339723261.70921
2017-10-09,190803015136.5509,543248855743.4082,273086595989.99023,24477452758.789062,2748766659.4646635,34189777733.23059,8807215816.871643,308121750.0,70037477056.07492,227936841234.58862,197639362223.81592,288881342877.9602,14162803076.74408,239156334865.57007,18797901977.539062,16209119354.248047,31599732905.056824,10058797457.062809,654705995.4436731,4109410089.492798,2520636956.194916,151924786.7717743,67165097988.8916,323803682583.67175,51433796133.441925
2017-10-10,190876558537.62817,543248855743.4082,275125913946.5332,24383840301.51367,2801253085.0423408,34034378688.12561,8727137636.60431,308943408.0,73168441424.63068,228642187711.52496,196566648873.90137,289855512250.5188,14271014256.477356,239826839374.54224,18916045301.437378,16048213439.941406,32022336380.999496,10073039954.794113,663830863.7297451,4113320178.9855957,2546996532.336441,152189261.05213165,67575660229.49219,330217551860.3966,51036629589.157104
2017-10-11,191672333797.11914,544174701385.49805,274304478237.91504,24576500000.0,2831055997.0942583,34649401843.03284,8721322565.441132,308056028.3930054,74559969115.6483,227760397002.4109,196223303417.96875,295808472467.80396,14351451492.30957,240818095748.90137,18942297216.415405,16124431869.506836,32448890903.586914,10083709454.758148,636456367.647891,4148509865.760803,2526128456.0,151936290.4214859,68254650947.5708,328833655753.0641,51611480220.79468
2017-10-12,190998983959.57947,549159154434.2041,271896821850.58594,24722971572.875977,2832391045.296394,34649401843.03284,8762032329.95987,306149775.81500244,74881771538.7376,224409657900.42877,197703695875.54932,296198077555.84717,14430928701.400757,240322410537.71973,19047317356.10962,16255700180.05371,32342737873.133972,10097950899.439713,654705995.4436731,4105500000.0,2437164860.336441,153592147.03559875,68534937501.52588,327848921188.9043,51277025707.34024
2017-10-13,192211057741.10413,551793887405.3955,271528564892.57812,24772617683.410645,2885173671.2790465,34725890126.6098,8924424271.778107,307908110.8959961,75334021314.45844,227760397002.4109,199613218833.92334,295332186357.1167,14416565328.598022,240264213470.45898,19362366682.052612,16340383575.439453,32690668933.38716,10119302535.96466,638737571.1223638,4246259865.760803,2475605987.433899,155236500.0,69596845544.4336,328354607132.9274,49677864095.67833
2017-10-16,195749434909.4696,552933284461.9751,277137069479.3701,24856598663.33008,2934695230.967308,34776884082.603455,9067132858.997345,308877686.3930054,74568669404.24706,231375658968.73474,199827712237.54883,294661129032.89795,14509453108.787537,241430370605.46875,20044969163.894653,16086324188.232422,32498021103.96103,10124639392.046158,631893960.6989455,4320550074.577332,2519538614.336441,156190919.1055298,69711340917.96875,328461056849.6922,51548763364.47716
2017-10-17,196471867104.03442,552506003128.0518,276513884197.99805,24925511497.49756,2932026565.4828677,34833732802.04773,8923977155.521393,307940984.2369995,74777419354.26733,231022934486.0077,199098221177.67334,304770350294.4946,14619570795.059204,241867663238.5254,19598654716.4917,16238759002.685547,32845952164.21422,10158449660.043125,609081925.9542179,4218889985.0845337,2562372899.3805084,156259908.10489655,69612645436.09619,328168320128.5891,51538316184.8259
2017-10-18,195602508376.23596,552648390571.5942,277561977175.9033,24021327188.471413,2929507001.8447967,34893685155.71594,8747716930.267334,308696920.6300049,74986123723.20786,233491903376.57928,199033887525.93994,304532343004.60815,14607130185.127258,241284584671.0205,19467375728.607178,16031278396.606445,32332919403.92697,10016102608.410831,581707429.8723638,4031210164.0701294,2610698893.7169495,156386404.3865204,67792766795.34912,330696550691.1428,52395366129.71306
2017-10-19,190974482848.29712,554784678237.915,277901745819.0918,23770996078.82166,2932769212.8750525,34518126861.72485,8729374924.438477,307645199.3930054,75142683336.9056,234373653090.28625,197974722424.3164,307476239403.53394,14734487711.906433,241226192092.8955,19441129360.198975,15943190689.166908,32535383336.66391,10209646531.626076,577145022.9234183,3976470029.8309326,2605207184.424576,155880441.19262695,69486318090.82031,327529572038.61,52970226412.324905
2017-10-20,187029218877.16675,555119596319.081,281867378988.64746,23681849064.69593,2919424740.716986,34629417725.14343,8685980755.828857,310652445.6069946,76047171493.07732,239576072740.36407,190755209880.06592,308255595788.5742,14762262558.937073,242304988456.72607,19467375728.607178,15922120212.05679,32378124582.51448,10087948779.07019,615925536.3776362,3890449925.4226685,2705153989.1855927,157536297.8067398,69170502990.72266,329232817296.2368,52834355171.01288
2017-10-23,186933404918.79272,555260501538.5546,281385929183.95996,23281653473.37427,2915272783.7359395,33956514839.935303,8610376297.95456,311227616.2369995,77099507579.0781,239487932615.08942,188701747047.42432,310896589009.09424,14783324443.817139,242683986267.08984,19441129360.198975,15745158925.541115,32519659590.555542,10075233478.8451,606800722.4797451,3882630119.3237305,2712842382.194916,157398308.84170532,70295584495.54443,326731124478.7886,52468544642.14325
2017-10-24,188046664402.4353,555471682794.8081,285861337527.4658,23512951896.790695,2945816912.260211,34058158198.165894,8769189603.168488,311868508.473999,76516810450.72571,244073063922.69135,188010108972.16797,306610369091.7969,14768004656.791687,243354490776.062,19992461174.01123,15644041387.487717,32211044993.261856,9982596352.004433,618206739.852109,3974727312.145584,2727120407.3805084,157582301.43928528,70437705206.29883,329685253487.18225,52593959052.82974
2017-10-25,187220748864.68506,553851684774.4286,286144618377.68555,23440912977.19593,2871384469.237568,34160490663.909912,8668533835.788727,310110173.3930054,76951676742.15396,243632219812.3932,187750742127.99072,308168998313.9038,14733533103.942871,242479905509.94873,19296729961.395264,15483934041.239529,32173694590.039948,9893603224.46743,609081925.9542179,3962991016.890812,2733710249.0440674,158513713.24539185,70015304467.77344,325586814918.2625,52395366129.71306
2017-10-26,188417777011.4441,554767274412.7451,288183990649.41406,23429347045.01705,2901483867.878427,34159109798.469543,8732953561.042786,309945831.7630005,77073435201.4567,244602130149.07837,189134079861.4502,306978377028.656,14688518416.404724,243354490776.062,19283599843.97888,15087887807.383919,32189418336.148315,9706518795.320793,613644332.9031634,3978639534.927208,2747988483.7169495,162089900.7539749,70196882487.4878,329605441094.30396,51067975953.59802
2017-10-27,195168704735.9314,590338249692.6631,288268993914.7949,26525858847.423935,2992965720.6850414,35614820266.03699,8926661559.612274,309912958.4219971,76682047562.48232,237921377194.63162,188139802658.08105,301175885121.9177,14923129805.56488,244054256744.38477,18548492145.53833,15083672287.799873,30793814025.376648,9795517297.488037,627331553.75,4041233607.072792,2761168167.0440674,161974919.08836365,70635076591.4917,330616738298.26447,51736909107.94258
2017-10-30,199561653295.1355,590901870570.5571,287249226306.15234,26764385059.353924,3162462623.5961914,35596217013.58795,8874319946.216583,308696920.6300049,75621022583.15273,236209627162.97537,186475338772.583,297394666361.66345,14877173153.877258,243558652996.06323,18299075380.325317,15264841973.089485,31006110622.697754,9839109848.449936,622769146.8010545,4064706570.6724358,2696367463.805084,156167922.77240753,70240320768.7378,331042562060.0188,52113166816.46347
2017-10-31,202338671634.46045,585900853574.6406,284983169607.54395,26630183849.788857,3208538970.9472656,35593118680.19104,8787531608.997345,307201497.05200195,76157765930.17578,234412408998.6367,186626709655.76172,296141365568.98956,14849401919.36493,243004738132.4768,18270686948.03816,15235356732.948666,30532389593.57762,9786593261.435226,650143588.4947276,4107739902.0,2699658278.4798965,152085772.06993103,71353557249.45068,330004652426.86707,52040007605.98183
2017-11-01,199765150234.5276,585900853574.6406,285861337527.4658,26591633193.45455,3214590332.03125,35922506770.78247,8857767258.68988,307579452.71099854,76707281364.44092,235610574336.34586,187815506860.35156,297352259058.9332,14687566517.829895,244520827129.364,18793457780.685703,15037325986.581459,30878342764.612244,9834008249.424805,643299978.0713093,4099915456.4367523,2745900393.5598793,154707551.43928528,71610153755.18799,331148961987.39307,51935482729.11072
2017-11-02,201225451322.50977,592028876895.7361,287759191583.25195,26363707860.557556,3195042591.0949707,35935249958.95386,8916819029.037476,309945831.7630005,77457447105.40771,238520410126.4444,186994216154.47998,297246005092.11194,14350494174.957275,243529505584.7168,18597414231.72024,15370180117.019863,31324536591.509857,10014527030.268555,659268456.7807996,4154685456.109188,2735991353.899914,154075102.93006897,71945697509.76562,333490955334.9989,51883227528.90587
2017-11-03,206480255446.77734,592662656095.1056,287249226306.15234,26782456368.834305,3237707561.49292,36177126696.16699,8947687116.256714,307743794.3410034,78225047531.12793,238092412934.08014,187145484399.41406,297564664509.96893,14617662482.261658,242509118091.58325,18492863930.674847,15184793894.887619,30467511988.133194,10061942018.258133,654705995.4436731,4256401009.890812,2721678203.280155,153718632.35092163,72865497894.28711,334315965534.6211,52196792508.54492
2017-11-06,208574961670.8374,594987239070.5048,285464728042.60254,27000744037.647724,3252289760.5895996,35925257900.009155,8953055924.438477,306774218.84399414,77370233680.7251,237493380002.26736,185999897895.813,296884917875.0034,14542015445.709229,244170878974.91455,19133251781.2034,15323833815.801449,30465548294.291794,10076525539.955132,718579801.5052724,4397237672.218376,2750304294.5201035,154431573.5092163,72999702343.75,334342602858.50757,51945939559.73625
2017-11-07,209245248076.69067,593578481164.031,279714650924.6826,27061218863.26008,3289525634.765625,36259814296.951294,8763374532.00531,306149775.81500244,77588290100.09766,232615111255.03107,188010108972.16797,296906234257.2361,14889617376.327515,243675258934.021,19015632002.26231,15184793894.887619,31263598203.229202,10251578321.843384,698048915.8468366,4373765081.708832,2677638143.680069,153753132.3337555,72447052023.31543,339212801873.9719,51956401215.84892
2017-11-08,210957031426.63574,595621077127.5266,276570534936.52344,27295167965.983868,3244998960.494995,36463098362.99896,8787978725.254059,303356143.6300049,78730961967.46826,229277437431.10214,189307004776.00098,300198733961.7638,14835032224.655151,243354490776.062,19420772011.72844,15298553922.658806,30866546406.186676,10242464023.880028,589453341.0890999,4479392485.18198,2663325203.0598793,154535062.49141693,71653565931.70166,340596747770.6948,52541694201.65062
2017-11-09,210526005714.87427,592310569619.3785,276542209567.26074,27204816933.171368,3185424436.569214,36098915643.80646,8674348906.951904,303175377.8670044,78765837051.3916,226709872068.06793,189739296534.729,298138136681.5918,14866630922.317505,244812333827.9724,19237807604.368958,15117378133.817673,31698007501.18222,10258875994.785149,573460435.7611375,4506777671.563248,2749203266.780155,153385158.10489655,70271887921.14258,333890166667.562,51350180092.33475
2017-11-10,209829337174.53003,590761141924.0403,276202359451.29395,27113743489.146805,3353289815.90271,35975909952.65961,8590244973.823547,301844270.84399414,79306660858.1543,226881066966.0503,190560669351.1963,296460065979.8893,14858020484.924316,244047250938.41553,18832662072.782665,14965697757.703228,32187464105.891693,10260700144.289078,582599238.8056874,4530250262.072792,2796546409.600086,153511654.3865204,70899563253.78418,331308686351.93066,52165426842.15546
2017-11-13,208988418878.78418,591183681009.5042,277193774533.08105,27205780148.120785,3298833854.675293,35874269244.84253,8727137636.60431,303027460.3699951,79367713684.08203,225939624343.4561,192376401481.62842,296884917875.0034,15013150149.345398,243900096427.91748,18858798267.513973,15045749904.939442,31511276778.138428,10333637101.44294,552898128.9109001,4397237672.218376,2747001421.2998276,152039779.40368652,70603509439.08691,334449027680.5771,52008641939.59236
2017-11-14,205829026069.03076,592028876895.7361,275522496273.8037,27390577715.477276,3322881187.438965,35889429610.13794,8755321319.732666,301285549.4219971,79454944252.01416,224570343687.03146,192095377967.83447,296311322724.2523,15168274394.989014,241987478813.1714,18035444629.095898,15285909398.423843,31550590875.201736,10375577491.068634,520912263.78341246,4189894714.963604,2763516417.399914,153143680.15766144,71191694831.84814,332319958661.19604,52092267631.67381
2017-11-15,203114094861.35864,587427503358.5603,278128511718.75,27146027733.720493,3257720952.987671,35709227995.37659,8594718696.216583,298771277.94799805,78355867668.15186,229277437431.10214,190711978651.42822,295482894323.214,15068687199.59259,238956816028.59497,17813267646.45921,15201646817.896519,31693760717.51317,10297169160.329033,514058161.5,4096003606.745228,2827374556.319931,152062775.73680878,70232411033.63037,329099755150.2808,51914578718.83392
2017-11-16,205540742002.53296,588984935694.6038,278921567742.9199,27401419398.247623,3283008323.6694336,36124754525.146484,8746374728.221893,299165682.81500244,86895377403.25928,229020635136.7202,192916750784.30176,294994339239.6583,15061985074.996948,237044165828.70483,17800198168.563515,15205858268.446217,31791195420.489532,10300820684.115036,527766366.0668249,4002112125.4367523,2912151802.2998276,153419658.0877304,71764106437.6831,330989287412.246,52782085494.34662
2017-11-17,204399474759.1858,583321652395.6315,277986830557.251,27222886404.45528,3162415505.038763,35691311200.027466,8643033703.475952,297538790.94799805,85019997337.34131,227822469799.01105,191144290937.80518,293146208900.0862,14942288796.424866,236102601799.01123,18113855974.349903,15256420089.248676,32204827418.06282,10298996534.611107,530051066.8279624,4049058052.6360397,3071797044.600086,153810628.6497116,71187746490.47852,328115095270.20667,53210622530.50804
2017-11-20,204195253143.49365,584241832930.823,280451191998.291,27136871677.111626,3203112225.394104,35648936388.77869,8683296351.737976,298475493.1040039,85028723251.34277,228849480028.37134,190798482164.00146,292997547630.5347,14930799181.938171,237014757736.20605,18231477133.821033,15306977841.016788,31620183711.76172,10233346501.138527,543759325.8663502,3978639534.927208,3112534230.9798965,154765036.78894043,71661462614.44092,330776412873.4116,53754117146.73042
2017-11-21,207991323047.45483,592666128696.588,280224589044.18945,27454425631.60906,3232587522.3350925,36187802561.798096,8778584164.211273,301022612.84399414,84191355514.52637,228763932316.422,191771123225.40283,293868465320.3888,14958568610.191345,237956354351.0437,18492863930.674847,15323833815.801449,31648020846.38571,10309930682.374199,564321632.7165875,3982551757.708832,3228139413.680069,157536297.8067398,73177358126.83105,334741739506.985,54088571660.18486
2017-11-22,210177710616.39404,588347801609.0563,279403044705.2002,27856066045.354843,3218064015.4504986,36243620270.38574,8782610770.347595,300003764.94799805,84095410461.42578,228164879489.79248,190928134794.6167,291637992871.03955,14954032190.322876,238633098915.1001,18610483709.615936,15467082135.489216,31484956182.975082,10264344143.592743,546044026.6274877,4006024348.218376,3280987485.2001724,158065257.3337555,72241777429.19922,335540187066.8064,54182639706.430435
2017-11-24,210189716739.95972,589409652513.2006,278496687203.9795,28575019609.860706,3248457969.68717,36402117648.887634,8757111491.31012,299675106.7630005,84278591796.875,227565747083.89606,191187522166.44287,293167463792.75476,15035948752.40326,239574695529.93774,18754245205.408497,15454447783.840122,31419338052.02179,10282577039.223648,546044026.6274877,3939518053.291168,3320623643.8400345,158030757.35092163,73572120475.76904,335460299989.8424,54600724737.45346
2017-11-27,209132531533.26416,593728038458.3845,277392052117.9199,28811860195.629215,3206235833.4765015,36935815515.556335,8725795434.558868,301532061.8670044,84278591796.875,227565747083.89606,192289877441.40625,295155134449.86536,15129422663.68866,238662555885.31494,18414448443.83072,15631398897.769928,31099184978.987732,10251578321.843384,532335767.5890999,3861275463.109188,3369067814.399914,156731371.31595612,72920768147.27783,335274062774.89453,53827276357.21207
2017-11-28,207907280182.49512,600877830622.4457,287107653775.0244,28758131551.055717,3154879973.8170547,36635372590.94238,8910555988.342285,308187471.6069946,84409429077.14844,236551997064.12335,193240984999.08447,299258599519.21765,15205546552.658081,240310272571.56372,18571278036.988934,15648251820.778828,31045490964.854507,10189581962.008904,536905169.1113749,3880836203.927208,3475864985.180069,158916176.4907837,72750989468.38379,337882155519.71704,54266255747.53761
2017-11-29,203594653177.52075,589975921985.4456,293820847763.0615,27979184768.41221,2940920617.6412296,35742652360.191345,8417116268.917084,311983552.6300049,84143599231.05463,242029278848.35568,193197753770.44678,298809725701.0491,15203624692.91687,242075784553.52783,18309898142.785324,15420739903.30515,31564507076.61754,10114824080.129257,523196964.54454994,3880836203.927208,3533117167.6599655,157064845.5619812,68073053349.3042,336791021028.1829,53639149915.69519
2017-11-30,206441730087.79907,595851681409.0208,296058524777.2217,28352154831.841087,3005154718.352669,35700958705.215454,8391616136.604309,317176412.1329956,83858982611.6631,242115184667.0062,194516265188.59863,297783977288.70886,15229636631.011963,245077039245.60547,18192274222.254112,15585059717.361622,32165054337.137787,10122502276.892113,541474570.6336498,3966903239.6724358,3426319996.8798103,157260319.87667084,69288927127.0752,336232135120.47266,54109490146.923065
2017-12-01,205480672213.0127,596488756636.916,296823309747.31445,28005206277.618217,2959786159.244652,35318514636.917114,8357616529.037476,319723556.94799805,83962490351.09439,241513565409.01822,195316022390.74707,299173190514.6374,15174715515.136719,245577302669.52515,18440583258.031986,15669317211.596012,32284366482.224304,10168271553.101776,573460435.7611375,4236840269.072792,3448339921.680069,155236500.0,68069098481.75049,330962699877.75,54339414958.01926
2017-12-04,203979044990.0818,573977176094.6749,302941643823.2422,27320946833.256054,2794788262.338928,34863706328.46832,8233249947.647095,323667530.3930054,83669251382.75522,249764602436.8994,197585702949.52393,297099926384.2541,15030166013.717651,245900987197.87598,18688901957.520145,15521857441.358547,32546855567.310837,10129824673.132988,539189869.8725123,4142949160.854416,3537521278.6197586,155500974.28035736,66845347599.79248,329791752993.3375,53346493771.82007
2017-12-05,203786809912.10938,577587445625.7045,299457569088.7451,27504540381.925774,2810958479.0317535,35130041081.581116,8240855190.387726,322204980.15600586,84376481756.7602,248647269739.574,197564046279.90723,298510619964.58624,14998365918.159485,243900096427.91748,18440583258.031986,15252205586.923218,32363912644.07437,10107865008.8927,532335767.5890999,4170333974.145584,3497508246.6666527,154730547.77240753,67307218699.645996,329153029798.05365,52991140073.57597
2017-12-06,203029973653.01514,586011623676.1649,297219837759.3994,27764270190.118217,2833718134.113638,35582092959.9762,8289618167.179108,322106360.1329956,83902122607.87239,246154787414.8879,197239832592.77344,301481365276.52893,15204585622.787476,242105208938.59863,18754245205.408497,15096312743.000488,32365904728.670105,10012677082.539467,534620468.35023737,3955166571.3275642,3533230027.3703766,154627047.82390594,67374327450.56152,327263447746.6981,54423040650.10071
2017-12-07,203402418099.54834,583958727623.5266,296341751312.25586,27943525595.122623,2874592463.471445,35990381210.44159,8285144444.786072,322648657.4219971,83910778858.58524,247358006036.04712,194754036946.10596,299237242143.94226,15243134805.679321,242899651042.93823,19394638578.057213,15165974611.030273,32228694578.872513,10036478095.100456,543759325.8663502,3935606203.5996437,3521322629.490753,154075102.93006897,67966467710.876465,328381219562.11865,53848180367.48886
2017-12-08,203462448717.3767,595780699080.4138,300052429000.8545,27996772632.221413,2867105449.8308983,36156106266.59393,8434563188.957214,322812999.05200195,83711379976.30289,249678636933.7987,195337658532.71484,300476851260.33594,15325043239.593506,243223351863.86108,19564539029.641163,14946426811.033306,32264488222.398468,10173761200.430336,550613428.1497626,3876923981.145584,3581941921.907406,156673875.0,67891462277.22168,331202211740.4707,54485752680.93109
2017-12-11,207426761038.0249,603355561208.9852,299174288238.5254,28163500728.29399,2914569217.5777645,36245348339.99634,8330775047.954559,323240252.18499756,84040842980.75179,248733195453.04126,195035039932.25098,301652326761.3392,15346245109.558105,244312037818.9087,19629878135.939392,14638206614.534874,32266487404.682785,10144480214.875221,555182829.6720376,3904308794.4367523,3493178208.7222176,153718632.35092163,69134967918.396,329818340527.8335,54788860829.94461
2017-12-12,206261520719.23828,605833232937.8726,302658362973.02246,28070982461.845303,2857373920.47138,36135088487.43439,8308854405.521393,327134928.15600586,83841404546.41005,251999228041.9168,194213708171.08154,304772737672.38086,15136167235.37445,243517612007.1411,20531652783.32176,14604431594.933167,33079797344.074448,10203050785.393837,543759325.8663502,3970815089.3639603,3505085606.601841,152200764.70184326,67962519369.506836,330669938261.95166,55729526815.93895
2017-12-13,206946261479.40063,604204935988.5266,298862736334.2285,28048093239.421368,2787602173.219633,36225364222.10693,8404142217.99469,324390568.3699951,84760470100.22934,247873699580.56784,196439993280.0293,305392511485.7956,15078346170.425415,244576824699.40186,21328868846.478485,15094196845.13977,32976379289.6223,10409894505.159935,546044026.6274877,3841714722.291168,3539725084.2870293,152764213.24539185,68436228967.28516,332453070596.5424,55802686026.42059
2017-12-14,206886250447.4182,599532815553.3528,296455079946.8994,28292161613.70344,2791943341.5530834,36434847605.36194,8480193792.125702,323174530.5780029,84214250509.7188,246928337679.07733,196699442234.80225,302742393257.76215,15223854795.455933,243929585983.27637,21158971155.954617,15157534416.5349,32936615672.282043,10428198345.910027,530051066.8279624,3720438800.781624,3497508246.6666527,151499327.1932602,67863830413.81836,332665920240.6815,55248744230.54695
2017-12-15,208988418878.78418,614823621602.9258,300647207440.18555,28409738174.408722,2868154931.3186417,36935468311.38611,8505245954.906464,325015036.473999,84196898456.23369,249592711220.33142,198623211381.53076,304473467963.747,15267221271.514893,244312037818.9087,22191429538.053604,15144867512.611027,33370130661.473557,10506904431.165,539189869.8725123,3696965837.18198,3548384747.240753,152534238.94786835,68609936408.99658,330909425229.9772,54882919225.21591
2017-12-18,211931525191.74194,611496398521.5404,302969942034.9121,28685368382.05242,2963081022.8367443,37386483878.097534,8518667122.085571,327578605.4219971,84881855370.50624,253374477143.36115,198601575239.563,303062917859.06445,15066781596.183777,244047250938.41553,22674996078.604187,15474191755.752945,33769834628.15007,10580127318.647705,543759325.8663502,3712614355.218376,3734572249.5,154063599.28035736,69624477407.83691,338840202970.6,55311451435.8902
2017-12-19,209673179224.79248,607603259113.8235,301695273260.49805,28608268907.58028,2936279391.1719055,37203531134.1095,8366563973.823547,325228675.5780029,85662177950.26933,253116560739.24222,198169345063.78174,303020223605.03503,14849960053.443909,242576096855.16357,22648854361.752716,15347529837.324314,33491425427.57103,10314705503.880653,552898128.9109001,3693053614.4003563,3743232325.3888702,155029522.03559875,69885015728.75977,338015242560.3682,55175580194.57817
2017-12-20,209444867018.5852,605408516119.2758,300647207440.18555,28373115786.16972,2946611325.598297,36989221347.846985,8447089270.347595,325031460.6069946,85618817592.58629,253374477143.36115,197845008210.7544,301695082504.9328,14805636260.032654,243841280242.91992,23080133327.010235,15457307297.727852,32608498992.65744,10179250847.758896,550613428.1497626,3794769168.18198,3778954106.092594,155316992.64907837,69150774336.24268,339665238064.91736,55050151307.43027
2017-12-21,210237741234.2224,605266845750.3231,305434303475.95215,28304207315.16056,2932985393.965191,36895847279.77753,8438141825.561523,326839118.2369995,85020587043.97403,256296627825.01703,198147626811.21826,301481365276.52893,14886578345.298767,246724935150.14648,23759736513.876076,15507976947.940521,32751692493.930817,10113354656.22126,562036931.95545,3986463607.4003563,3788696485.0,153684132.36808777,68902061460.87646,341395070857.04016,55729526815.93895
2017-12-22,210237741234.2224,605337651505.9733,304357885128.7842,28150008366.216278,2923703229.8216686,36827286383.01849,8497193595.909119,325245099.71099854,85150628564.96379,256812261685.08752,199141924542.23633,299472419230.2284,14892361083.984375,247077913722.99194,23655188973.890762,15588189822.033463,33222974284.074463,10223184150.2781,552898128.9109001,4052969902.3275642,3758387045.259247,151706305.15766144,69170502990.72266,341501570363.1953,55823590036.69739
2017-12-26,204904045322.47925,604559023624.4299,303139812777.70996,28352395635.57844,2956193836.672819,36723575702.24762,8399668495.601654,324669954.15600586,85974317152.70413,255952785707.43085,199898532626.34277,299408203628.7525,14840325467.10968,247107452156.0669,24400131267.054832,15862629912.637253,33678359617.687546,10292743689.788269,548328727.3886251,4154685456.109188,3856893137.351841,150682897.0527649,68329656381.225586,340596747770.6948,56001274124.05014
2017-12-27,204940083279.02222,606753472330.7163,303706374478.1494,28484909380.78556,2952150416.114235,36528902829.704285,8331670133.743286,326510460.05200195,86060998316.01083,255523097455.64432,199077077699.2798,300434095516.7423,14964634028.434753,246872040782.92847,24426261939.665977,15875298851.0783,33958741975.692764,10382437669.10875,550613428.1497626,4193806937.745228,3821170943.7129707,151085360.29815674,68704690075.68359,341261983816.3889,55990817293.42461
2017-12-28,205516749341.24756,606824160371.0621,305320974841.3086,28577429485.430717,2955595453.1718273,36382472783.92792,8621113061.042786,327940136.94799805,86182377935.99353,256124776398.0825,199012251383.97217,300412717644.94556,15066781596.183777,247225035648.34595,25184275091.255783,15837301191.08244,34034306334.24756,10455653032.109116,555182829.6720376,4193806937.745228,3816840905.7685356,151326838.24539185,68767837432.86133,341368483322.5442,56158059026.613235
2017-12-29,203294284644.0735,605550127630.5762,302913318453.9795,28176752286.63435,2897201656.2927036,36294616876.79291,8587560569.732666,325738099.526001,85618817592.58629,253718179997.2302,198601575239.563,298617427337.48474,15051365174.293518,246106957893.37158,24779128179.13945,15841524848.73518,34151640590.11551,10476418453.509766,539189869.8725123,4178158419.708832,3795191541.9166527,150981871.31595612,68617846144.104004,338441016532.73206,56095342170.295715
2018-01-02,207880337048.10715,608090485839.8438,352616115035.2478,29309096740.722656,2984790330.0455074,36976789421.94748,8984089254.810333,324094783.526001,85480097219.7069,265552797106.9336,194413550750.73242,304080932656.86035,14913803057.670593,469756368999.4812,25952139518.737793,16161997461.31897,34286849191.73259,10113166505.111145,554357928.6169224,4277539835.9298706,3879625217.157406,152189463.52386475,70801116540.52734,341634607614.45605,55338224446.266174
2018-01-03,207844153994.92645,610920501480.1025,352975519274.1394,29683529548.64502,3181231951.470772,37607647742.46979,9161920695.018768,328318092.6069946,86225749594.26498,264664704872.13135,194177716259.76562,306985623930.3589,14597428092.956543,478982575023.6511,25558316421.50879,16026465787.887573,34127768697.513428,10086373069.742493,554357928.6169224,4367470029.830933,3856893137.351841,152859185.0309372,71338937188.7207,346318594309.6677,55869537420.352936
2018-01-04,208809586324.16534,616297595901.4893,358032045032.5012,29816393409.729004,3198001129.254841,37753734413.066864,9187836159.27887,329797092.05200195,86303780157.15303,268128365322.87598,195550257110.5957,306963799264.52637,14522416663.16986,479645522747.0398,25912750553.131104,16204345369.33899,33129507189.016205,9868462185.287537,549776462.646153,4609889985.084534,3718334813.6759415,155953776.97849274,72004197589.11133,351721066803.6512,55675402110.04257
2018-01-05,211186964418.6859,623938302841.1865,355733686869.0491,30298301361.083984,3225101952.6701756,38254360676.89133,9382647431.44226,330996705.71099854,86815335192.75278,269371764349.36523,195678938543.70117,309497261769.104,14588773655.891418,479258833831.7871,26122785285.949707,16263640604.019165,33437745608.814972,9861318662.503601,540613476.0892317,4539509865.760803,3708592434.7685356,155896051.6691208,72848720562.74414,356245329134.32526,55930838590.530396
2018-01-08,210402486706.14243,624575057830.8105,356258919396.97266,30735344627.38037,3323920713.6911106,38389419087.97073,9474690835.910797,333165894.8670044,88098528305.93178,267506665809.63135,196708430743.4082,309890398983.76465,14708971467.018127,481413444522.85767,26004637802.124023,16246698379.516602,33656479809.6812,9873821917.347046,533741277.1330776,4637259865.760803,3652303593.2314644,157743569.90718842,73231145190.42969,358667109980.11426,55879745633.686066
2018-01-09,210378384346.0846,624150770187.3779,358064772239.68506,30879054172.51587,3323022560.849371,38340490297.065735,9352263724.91455,333626021.3410034,87040736728.93889,268838917231.7505,195271447338.8672,314804404717.25464,14601271805.763245,479369080398.5596,24836330520.629883,16140816364.28833,32916732680.66382,9689852170.987793,531450544.1476929,4715460164.070129,3504002890.648159,157327875.0,72836767529.29688,355872705336.2581,56053445648.174286
2018-01-10,210330159950.57297,621320695724.4873,362005034030.9143,30919234169.006348,3349075635.547718,38249189772.22443,9495691489.34555,337882203.7630005,86416497876.12868,271325653610.2295,194027567553.71094,314433196893.31055,14481068587.303162,475557192169.18945,25610825798.034668,16238230838.775635,32807362031.386414,9477298928.620789,536032010.1184623,4625529970.169067,3565704486.0833473,157755110.56423187,71988253625.48828,363005060411.75476,55981926830.085754
2018-01-11,211524830318.2068,623159961776.7334,363942296788.78784,31470161819.458008,3355064380.0747776,38315001527.11105,9706587751.888275,339656988.05200195,86719952576.37964,272302639356.99463,193341266577.14844,316224076190.18555,14472419557.571411,480253133056.6406,26096522277.83203,16449998950.958252,32777532812.166687,9516597708.804443,549776462.646153,4738919955.253601,3706427828.7314644,159764297.10960388,71127799859.61914,364362368984.5912,56155622127.285
2018-01-12,213709153427.51312,633914150619.5068,369951105981.4453,32173181053.16162,3338594394.0412045,38955849155.52139,9884865760.65445,345359296.5780029,87456920448.75388,277009760508.728,192183133679.19922,318342555869.2932,14455105276.107788,483512656620.02563,25925882057.18994,16852347955.703735,32912765072.745712,9416566445.12799,538322743.103847,4770199925.422668,3749726969.3703766,161369329.40483093,72051989965.82031,365134154325.83105,56237358593.28461
2018-01-16,212623032219.4214,625070226745.6055,368637758459.47266,32164797134.399414,3295622834.4786663,38957577207.72171,9898270487.457275,345572910.6069946,87300876273.86038,277453837463.3789,193491374548.33984,320744860929.10767,14476263270.378113,480473993270.874,25361418739.318848,16941292848.587036,32819297977.687454,9455861045.36853,522287612.2061541,4484770104.408264,3605756717.6666527,159706560.7881546,74246975219.72656,367183410952.33374,56513244521.46149
2018-01-17,216134755917.54532,637734386444.0918,371001790262.60376,31921750000.0,3364646313.5590477,39246988845.85953,9718204500.0,351932560.5780029,89043585213.06642,276920846438.59863,195593171289.0625,321007050148.7732,14605115518.569946,486164325153.3508,25952139518.737793,16708352823.257446,33288594780.92395,9509451051.063171,529159811.1623082,4539509865.760803,3655550915.2222176,161196120.4404831,79346027331.54297,374502028137.4735,57637162205.23453
2018-01-18,216327810902.75955,637451626052.8564,371888462693.0237,31880338180.541992,3360454163.5105934,39139149907.32193,9844653284.706116,350338542.05200195,90430828493.91982,279585349282.8369,194880026037.59766,320876039318.84766,14499340867.996216,483015415237.42676,25466431945.80078,16619413032.531738,32662202470.375443,9421925132.201721,519996879.2207694,4426119880.67627,3663128275.157406,160330097.64289856,81011186968.99414,368939831278.95245,57739348118.92319
2018-01-19,211864450443.45474,636743930969.2383,371067495220.1843,31911395164.489746,3445348667.533304,39398588321.02203,9850461232.646942,350437137.0,90682283536.65747,281716840544.1284,196803281872.5586,321837015799.71313,14439718708.992004,481468598396.3013,26201543804.1687,16716822404.86145,32660212751.675903,9491590154.131775,519996879.2207694,4535600149.154663,3769211727.1851883,162789601.06658936,81871660491.94336,372186672113.754,59047188182.38449
2018-01-22,210131136447.5212,648134639511.1084,375401767531.5857,32718192192.077637,3498949909.2971,40110415958.59909,10168592752.922058,354906958.526001,91427907659.74457,283670791479.4922,198575329895.01953,323540554543.30444,14426260757.44629,487545710964.2029,26240929996.49048,16797294654.846191,33030085133.236496,9620191329.000854,515415413.25,4664630119.32373,3799521166.9259415,160757333.20713043,81879616009.52148,370989063010.75995,59210670548.96164
2018-01-23,210178654994.25507,650186255264.2822,375007757011.4136,33586610458.374023,3577108267.0067635,40524210249.744415,11183307306.015015,354233192.94799805,91818060474.18481,283493127804.5654,192438072821.04492,309759388153.8391,14685897474.28894,487821786231.9946,25663343494.415283,17076821460.723877,33075810808.986786,9739864145.375793,506252481.3084612,4582520104.408264,3822253659.6666527,160618768.23806763,81835794805.9082,370669664071.0752,59200448183.7616
2018-01-24,206830774979.66385,649620263900.7568,379801619528.9612,32859018813.47484,3530542940.896763,40356075011.27243,11675249445.018768,354315363.7630005,91722689158.40007,285002960668.9453,190838883190.91797,310283515253.4485,14506073899.269104,489092558395.38574,25728976055.145264,17606241741.18042,33030085133.236496,9646980584.426392,506252481.3084612,4496500000.0,3742149609.4351883,159683468.46199036,80569003759.76562,370004378235.9906,58985887012.20703
2018-01-25,203138632288.002,653228561782.8369,379900114329.5288,33353774197.529137,3538778511.5038013,40729906770.09201,11703589695.201239,353477281.6300049,92424998126.15771,285002960668.9453,190903712725.83008,315372264928.4363,14721470518.112183,488208566917.41943,26017763759.613037,17267411537.17041,32652256242.77394,9723780769.25415,485635829.82461643,4426119880.67627,3690190392.907406,158574948.70948792,80003338800.04883,367742247070.65356,58710010518.60809
2018-01-26,203613508062.1643,664587313132.6155,381935934523.7732,33937124239.470863,3643285670.120796,40916650374.35913,11916224341.768318,356911806.05200195,93976936182.32327,285979946415.71045,189585512182.6172,317403362164.30664,15163819227.218628,491689073055.26733,25650209217.071533,17386002006.53076,32554814442.108994,9682707603.218079,476472897.8830776,4363559940.338135,3787614181.9814644,159106116.2595749,82266031567.38281,371414886772.5143,59404810576.560974
2018-01-29,199399067828.7239,663597992671.9485,381541830049.89624,34315454859.864532,3856809207.91626,40879438943.54248,12349739092.682327,354068876.3930054,94982699850.33186,286690395533.75244,187705455670.16602,313799799849.7009,14970539503.097534,486219846107.4829,25768356700.897217,16975175256.729126,32397704739.419815,9475509912.967468,458147034.0,4304910089.492798,3819005924.740753,159290865.8809662,81274107604.98047,371335024590.2455,58781529336.696625
2018-01-30,198223704801.48697,655260701711.8102,377962788935.85205,34802948931.64941,3792282073.9746094,40565553633.59833,12098482728.495958,352343389.5780029,93404742189.37996,283137903245.54443,187899964642.33398,311069601177.9785,14914761958.122253,479424295452.1179,25111997814.178467,16983647899.627686,32336070777.65799,9370129367.089294,442111875.79461586,4297089910.507202,3725912173.6111298,159787389.43576813,79764284716.79688,371574536452.9662,57913043416.12244
2018-01-31,198769848717.8383,671299606611.4303,317538403624.44147,35119314630.40313,3840402507.7819824,40732663172.374725,11729627198.798761,352294092.1040039,93910676097.86987,284203659155.27344,186581702996.82617,301809617481.9946,15179017046.095993,254859221529.1846,25489336414.735878,17157298812.86621,32487206592.45616,9540341875.670532,442111875.79461586,4218889985.0845337,3832869956.223938,159036828.26900482,80851832946.77734,367050249227.5969,56707360962.61597
2018-02-01,199185379537.09793,666000594507.9924,320832583142.2081,33645449218.5,3757595714.569092,40710953854.011536,11502671842.483944,357010401.0,92959206123.35205,288644325910.9497,185522800225.83008,305806254176.33057,14979719294.388224,260026473511.2806,25423976174.98726,17093766746.520996,31747452365.7502,9253366836.108337,439821142.80923116,4308820178.985596,3784551714.611969,160664952.89039612,80238362438.96484,369392317259.2884,52998397226.49765
2018-02-02,190542655932.00302,648477620800.2358,313722564949.75195,34612452134.6402,3648539768.218994,38561344379.58145,11605083705.766056,343650233.8959961,92043026809.69238,283759541084.28955,182065245397.94922,300695658890.53345,14939477748.383024,246772587915.9932,23489406418.63869,16505053272.247314,31125037126.704575,9192383556.028625,444402636.0876918,4035119880.6762695,3665441560.8581085,156773615.12374878,77509586981.20117,363590508959.26575,51567954822.68143
2018-02-05,185782033070.56427,621769904260.9805,298678865858.4539,33645449218.5,3338869255.065918,36603993964.37073,11033573827.625593,323404593.81500244,88175573406.21948,268750105952.4536,175171582647.70508,284774188156.1279,14783298632.728222,232730547032.20584,23071119386.59696,16009523563.38501,30846635023.814117,8986108588.220703,412332319.6769235,3827889985.0845337,3605886698.3059845,151946977.58102417,74366492382.8125,351108906248.1681,50362272369.17496
2018-02-06,193546273269.52362,645298178291.3186,307765470312.8661,34924459568.65439,3524484176.635742,37363372191.711426,11530878724.202425,330700920.8670044,88889171581.26831,277098571788.0249,178024143286.1328,287919223038.48267,14330089602.591341,228730995975.715,24495906612.19874,15937521915.435791,31017656196.12671,8980729001.431396,421495278.92615354,3910000000.0,3717131131.671814,153575102.20241547,77326320306.39648,369285767963.74274,50607495919.04068
2018-02-07,189402985043.33115,633145180354.0317,309851818919.1388,34293667229.611565,3574794601.4404297,36363503165.97748,11480540212.73335,329271218.8959961,90607052288.05542,277542648742.6758,176857170922.85156,287023783390.04517,14189244191.573143,224614800910.81906,23345621071.207924,15683404874.801636,30794940191.96521,8774462393.509705,453565568.0292306,3769240134.239197,3813767186.2461395,154175546.73099518,74553710473.63281,364282506802.3224,51046850061.927795
2018-02-08,184191274714.8323,600643762108.6263,296153206037.2612,32689338270.76394,3398554119.1101074,34720030109.550476,10853051108.93292,314563545.71099854,88113925266.26587,264131754963.68408,173356314935.30273,275972585277.5574,13920959136.49153,222074916422.92297,22430614995.58059,15505520191.192627,30261993683.40921,8530529273.190857,394006455.7938459,3589380119.3237305,3636226089.223938,151877689.5904541,71665580993.65234,357762187808.83276,49575532349.178314
2018-02-09,186444157081.42853,623041610770.8384,302082886271.83325,32425500742.455666,3626041656.4941406,36048589505.95093,10825712475.077425,322122809.3410034,87541294536.59058,269371764349.36523,172708039953.61328,282895905471.0388,14190207711.429964,223490534360.2949,22966538308.37319,15569049196.243286,31260248094.21785,8770880182.259949,389424989.8230765,3659759865.760803,3846353987.0820465,150826917.17147827,73167395678.71094,363457521497.39545,51159253623.52753
2018-02-12,193953926268.6119,629754080483.9257,306749723503.9263,33554195280.432518,3562763664.2456055,36334216391.72363,11193700584.60264,326839118.2369995,87699881477.35596,276388060995.4834,175755089196.77734,284512082716.3696,14372254596.437464,225378078825.57516,22966538308.37319,15632579221.725464,31180718493.641144,8731415771.830353,400878654.75,3718410089.492798,3786799124.5299225,153424985.56423187,74231037841.79688,369285767963.74274,51567954822.68143
2018-02-13,195896921900.70343,634699742871.1405,308643988007.6448,34238723546.3359,3634634365.081787,36319745279.73938,11207586756.573383,325360143.8670044,88959655303.95508,276920846438.59863,176122436193.84766,283835078231.0486,14474775623.514128,225024105641.5321,23267193201.981087,15679163961.410522,31309579395.768494,8787017897.64209,407750853.7061541,3605020104.408264,3836240856.776062,155318699.46670532,73792852148.4375,359385670462.9717,51240990089.52713
2018-02-14,199508699213.12332,644638004706.7942,315781446786.1801,35123185360.442986,3771970336.9140625,36959214707.00836,11543029228.1382,329550579.6069946,89593939914.70337,284203659155.27344,174350388171.38672,283201702132.4158,14379916958.914867,225495999840.16983,24992620132.69496,16517759685.516357,31027678132.406433,8952052694.652344,407750853.7061541,3636300074.5773315,4034008643.059845,156842903.11431885,76222861041.25977,360530054707.5834,51905123051.87988
2018-02-15,206207904578.89175,657770865198.7942,317099144777.0521,35382424550.10658,3851341011.0473633,37602142889.06479,12162273701.849785,335072122.3699951,90941822700.50049,286068675462.3413,178088932086.18164,286608758674.6216,14796713379.364801,224758682329.72342,24992620132.69496,16643820881.91693,31442483614.492172,9171661362.642578,419204545.94076884,4235782535.5355186,4053110984.388031,159175393.23806763,77641037420.6543,360024468342.3412,52681664293.12134
2018-02-16,205540341581.61926,653085618321.474,314820633516.92926,35066062544.797554,3809781509.399414,37744784056.80847,12086332224.560183,334891356.6069946,92307307758.3313,283937245875.5493,178499519140.625,284192373049.93506,14951930771.099142,225731971186.44165,24482836221.175827,16517128131.621304,31430400982.627075,9298222089.673828,423786011.91153824,4171534756.654827,3975577271.1418915,158828986.32144928,76577408428.95508,362472762038.5404,52988193730.45349
2018-02-20,204848951565.59753,658196647200.9861,314903033826.46277,35541940733.018166,3891650768.2800293,38023514636.10077,12087634182.50916,333675318.81500244,82907436141.96777,283582000758.3618,175776699041.74805,279325990987.26733,14737307396.468386,223402129969.77835,24090694113.496952,16213055762.695316,31329732099.552887,9193994906.976562,405460120.7207694,4171534756.654827,3958721911.0820465,159337050.53329468,77888014093.01758,361541327016.8487,52099263079.47922
2018-02-21,203919175227.14233,649465296407.6934,316220653266.03876,35894612993.11901,3773376487.7319336,38373569774.84512,12195687587.673168,330339389.3410034,80625743064.88037,269007127144.53064,173399575360.10742,277276991245.44635,14540886734.808384,220865785537.01538,24482836221.175827,16115924077.539225,30465881885.655212,9006025336.433594,455856301.0146153,4134821615.1072407,3993556121.835907,157928319.5285797,77445830883.78906,358746947267.6878,52650997197.52121
2018-02-22,205623803892.6239,651168953119.2782,315644243855.7843,35953187332.52939,3785726566.3146973,38240923215.76309,12069842136.691486,329862813.6589966,81726935691.8335,267487849562.62134,174696145690.91797,277276991245.44635,14593583997.43424,223726489541.93143,25044909981.42067,15892088449.33945,31015590768.748947,9175387053.68164,430658210.86769235,4295441499.964139,3975577271.1418915,158621144.37389374,76999683087.1582,359891331512.29956,54214297327.91519
2018-02-23,209199889066.47873,667709068289.6904,322040466421.2328,36308038725.0,3844822269.4396973,38867646932.86133,12407888524.154257,333198743.1329956,81832658405.30396,270357691626.73718,175149952435.30273,281780520861.90106,14972052442.069921,228651643780.9727,25554702177.573875,16339750548.036043,31545182436.501205,9342887009.720703,448984102.0584612,4451472570.368966,4163231498.4700775,159325509.87625122,78405886676.02539,364681767924.276,55103213827.02255
2018-02-26,213336170484.5581,677363299222.9437,326048467749.77246,36839348131.19595,3688075256.159754,39405481977.11563,12765028087.692673,346115207.8959961,82035279731.75049,273649541130.39905,176403343811.03516,283692276532.4264,14923803713.806313,232515088608.14383,25528555872.438675,16605818449.69776,32030460868.531265,9417333603.248047,448984102.0584612,4437705251.702414,4169973728.223938,158990643.61667633,80007303387.45117,368407532905.73816,55706050336.48682
2018-02-27,212644761112.71286,668702912096.683,322177774086.68994,36598018454.85608,3680297147.7186966,38503120682.13272,12610976582.683514,344537638.5780029,80625743064.88037,272889931646.8734,174047829974.36523,282833052911.13214,14637201005.826942,228563142402.64426,24953414482.715614,16234169355.619911,30995466455.718887,9188412876.28125,435239676.83846176,4414759428.82138,4041874363.447876,156069249.6213913,78652876519.77539,362020375636.98535,53774933750.450134
2018-02-28,212322931835.09827,665650417008.6732,317071704190.97296,36609394264.5152,3619572949.4183397,38034882145.13016,12644390468.506897,340495070.18499756,79295491256.71387,270948529395.70203,169682651473.99902,278988069678.83777,14682552888.74283,223372548687.159,24312912853.243935,16132810881.788698,30910890398.559402,9193835513.326172,426076744.89692295,4180712823.214139,3965464140.835907,147778509.87625122,77836230786.13281,358214748473.2544,52599913675.25482
2018-03-01,208603845837.10098,659119468596.1892,311389093966.17474,36149493918.043076,3473145113.44728,36914770370.586395,12601429166.954687,331177471.473999,78476170368.19458,266712238222.8529,170071618499.75586,273403146843.79675,14786773769.583672,221780008816.3068,24234482222.47241,16094803361.956776,31198838892.594498,9274220875.71875,414623052.6623082,4295441499.964139,3950856190.6940155,143032689.9690628,76457891265.86914,347010492573.94354,51332944203.437805
2018-03-02,210046145026.45874,660539329384.4036,311087142784.2426,36314088587.40962,3537907712.108445,37353374932.662964,13064018219.75916,330865237.4219971,78203082542.41943,267983203727.85168,171800467199.70703,276711230450.4259,14750105238.96551,222812233933.3694,23946903242.976807,16018788322.29293,31315626626.44153,9296649839.38086,432948943.85307705,4350511212.285519,4099181816.0820465,144834023.55480194,77111211804.19922,347542766052.46265,51833604233.79135
2018-03-05,210773362671.81015,664727478123.9551,315863847095.7136,36879525422.58293,3524596012.025709,37719287335.69336,13669376521.5,333987552.8670044,79269059143.0664,272219416747.55676,173507624584.96094,278794658906.3288,14959509622.535833,224935685086.38025,23776982636.589603,16166594665.513151,31706264478.90088,9405076556.826172,432948943.85307705,4428526747.487932,4071089835.0820465,154891452.89039612,79015386010.74219,348580650790.9191,51935780712.90207
2018-03-06,210594514862.5145,662456053331.3569,316138357691.56665,37219130275.35457,3621964794.166913,37930835910.1181,14112871570.537823,336140292.81500244,78458562355.0415,272049961192.9856,172924118035.88867,275422323377.284,14789663431.185955,224670180951.395,24443625048.1071,16407329308.233006,31740503728.627075,9448077060.183594,430658210.86769235,4378046287.273793,4155365778.0820465,153806036.47613525,80804033984.375,349538772925.8877,51710997176.14746
2018-03-07,208639576687.31308,666289266246.2334,314957888814.8558,37397279886.75,3617178798.1656694,38418016761.6539,13936689263.469074,335729463.81500244,77295715847.01538,272643045864.84167,171065651000.97656,277183755340.18884,14769406167.02004,219007757695.81323,23685478853.250473,15979231115.61647,31396166464.693268,9506030205.982422,419204545.94076884,4309209256.285861,4165478908.388031,153863772.79758453,82082797821.04492,345493584110.04553,51731437189.258575
2018-03-08,210916305428.48206,670335487651.721,314985355584.7003,37563329773.32619,3607307248.9435863,38912093919.670105,13756166544.776402,337356330.6069946,77916038055.41992,272812481881.12683,172816048443.60352,283670784172.26825,14890993752.456333,218594848251.4258,23358688700.686142,15962278172.401209,31468664621.780045,9455558802.957031,432948943.85307705,4332154641.511725,3947485290.1418915,154972281.53800964,81672476196.28906,344801561372.2937,52129916023.21243
2018-03-09,214540102707.3059,685314167168.3997,324044519453.0333,38217601340.29207,3669379310.5756187,39996027914.253235,14382788228.40485,349927713.05200195,78625031852.72217,277218111378.83105,173507624584.96094,287408428417.2584,14939246072.59266,219892512844.93243,24090694113.496952,15983472149.6073,31527064403.444046,9509766740.126953,443473199.520278,4396402858.047586,4031761233.1418915,157350967.32616425,83421280725.09766,345174135380.97034,51976651304.54636
2018-03-12,216614234043.72406,686946566489.1652,323001410609.3103,38689605105.02813,3735637965.456691,40171401359.10416,13942764515.436962,348087207.15600586,78048985157.01294,278234825167.97205,172578401251.2207,284895234633.8501,14898707299.11998,221897962160.17206,24260623004.518227,16097905788.213503,31561291823.68927,9580807514.226562,475476388.63962936,4543255424.237932,3939619569.7538605,157120033.05244446,84174196704.10156,346877480217.37805,51976651304.54636
2018-03-13,214528160164.196,670193619062.4144,319130664578.69714,38442465640.18378,3704975588.304386,39274897418.972015,13707563701.342295,343666683.1040039,78252800636.2915,274168048164.55212,172275781951.9043,288589832751.78064,14925733447.424494,219803995301.96872,24156051591.700882,16199635657.775679,31708284954.250946,9618192373.261719,450331025.760139,4492774964.023793,3984566482.164093,155930684.6523285,82867575384.52148,345972607835.48706,51424903034.63745
2018-03-14,212704415760.79178,666218302579.2014,315561791178.7201,38510727885.02788,3720381882.4201965,39584298274.433136,13953612233.732758,340149987.8670044,77694499740.60059,272304173832.27136,170719852746.58203,284229380847.23596,15248042064.133385,217061293134.8239,24391326914.74732,16186919678.461044,31913670768.78804,9606976264.964844,443473199.520278,4488185711.916553,3966587631.4700775,154071625.7572174,84265803698.73047,345972607835.48706,51384032442.993164
2018-03-15,212954725270.51163,668560749783.5891,316357908563.9653,38300622590.13547,3729355624.9225283,39643558273.124695,13933651637.48513,341513943.15600586,77552694091.79688,271965223646.557,170006839883.42285,285818873928.87555,15260590271.476551,219479587235.90973,24064550569.90644,15813932542.22918,31533095072.84372,9560242480.394531,448045083.6801853,4378046287.273793,3975577271.1418915,154002337.76664734,85425050372.31445,347010492573.94354,51486208922.10388
2018-03-16,212203680606.41098,671542339949.3245,316906929755.67126,38043078691.586655,3746406456.459489,39085741962.70752,13819088442.576239,340100690.3930054,79023804264.0686,272558308318.4131,170655002844.23828,287150704315.59045,15540443850.617275,221544102128.5762,23999193091.702515,15847838428.659702,31639823016.071915,9621935413.269531,466332620.3198147,4534077357.67862,4037379543.611969,152143267.85945892,85273665039.0625,345733095972.7663,51537297161.65924
2018-03-19,208961502744.04526,659403558243.347,314408762888.08844,37395584595.635216,3604615270.349393,37902235586.04813,13603416170.025215,335220039.8670044,77499508361.8164,270948568472.27405,169985128201.29395,279761364797.3283,15433328818.333252,218683349629.75424,23593975069.911346,15881747367.657877,31297508593.38437,9515375878.585938,452616967.84009266,4423937933.035861,4017153283.0,151092495.4404831,84751821282.95898,340224074183.2372,51537297161.65924
2018-03-20,208889963620.327,661107156210.1744,314710792621.3166,38402044581.44696,3732945986.8624973,37755115264.59503,13777863636.75,336468951.0,77942648143.76831,270948568472.27405,169228803994.75098,281844936535.63226,15480612230.80368,218211471595.75183,24169119221.1791,15809691508.23835,31126345467.30011,9436864204.81836,448045083.6801853,4446883318.261725,4087945195.1418915,150930838.14525604,84692056115.72266,343976576067.3667,51619033627.658844
2018-03-21,204157600261.22284,656492931744.6437,314985355584.7003,38289490547.82619,3717690480.4520273,37693098863.62076,13733601204.939817,336600419.28900146,78146457881.92749,270016572691.27563,166484353683.47168,281802013222.0592,15447800473.517342,221308163111.57498,25071048001.9218,16199635657.775679,31078017305.735916,9328430981.509766,448045083.6801853,4777302029.845173,4104800126.552124,150953930.4714203,85142208013.91602,344056413354.9403,51343161851.34888
2018-03-22,201272924459.21326,637397419623.9905,301835790078.29407,37395344521.73007,3617327855.992937,36285634801.49078,13309199331.97764,324768549.1040039,77224795799.25537,258832935931.87085,165122882531.73828,273617906694.06284,15622467856.024044,216766401692.84302,23593975069.911346,15941087247.76277,30713560460.564438,9322825095.982422,436615346.02983785,4602914388.666553,4046368754.6341705,151104047.10960388,81552972204.58984,338041805200.16895,50280535903.175354
2018-03-23,196612119579.65088,618869558094.8354,293764853881.52576,36200566871.278885,3484511565.6372213,35369146944.80896,13059244925.740248,316272608.3930054,75700511379.24194,247140971585.3246,164042380099.4873,268720411881.45187,15390862107.17875,214967358605.89117,22901187734.030994,16428515145.258692,30552473686.372375,9221874699.757812,432043461.8699305,4671751857.309654,4069966344.447876,149845421.73099518,79318143505.85938,331335298781.1219,50228749504.852295
2018-03-26,205945691237.70905,665721439420.4626,302824096301.1548,37660149732.54831,3656667301.558099,36318019877.92587,13901538881.91972,327578605.4219971,77543829803.4668,257900959689.15845,165122882531.73828,273639439992.04987,15578070513.28318,218241004384.46527,23201830200.68778,16907469114.95336,30872633857.095016,9337780991.355469,445759141.60023165,4616682144.988275,4101350499.912224,150919286.47613525,82640494091.79688,338813640330.7992,51337104852.31018
2018-03-27,200664938686.72562,635125818597.1198,296949349606.2717,36236633358.72086,3373082911.146822,34693494436.805725,13048396379.753448,322336423.3699951,76258823757.17163,250106316791.46094,168105112423.70605,273252741260.51852,15690014818.437645,217356184576.8048,22535191931.487316,16542959976.612951,30296746332.609604,9406948076.830078,432043461.8699305,4520310039.012068,3922275760.0585175,148286574.08809662,79788197369.38477,340756347661.7563,50301263670.9137
2018-03-28,198447864593.63556,634557874281.834,296482623989.0379,34648034780.827194,3310712445.547242,34632856236.97281,12400945024.323383,323190954.71099854,76250621193.54477,249004982685.60742,170374146145.62988,273768332746.2555,15659135488.674026,214731435753.5253,21894691682.787983,16271692534.717756,31394153087.031784,9676149856.302734,436615346.02983785,4479007645.357241,3948323153.0225945,147455195.28579712,77493643017.57812,350284468626.536,50881329826.5152
2018-03-29,199997472468.5707,647903449540.6575,301890697434.2178,35033382946.14045,3463870948.786316,35734017745.82291,12816667729.41972,327808668.6589966,77293136426.53859,254088336710.16626,171324948773.19336,275271999669.6635,15761430227.769405,220039982812.87585,22966538308.37319,16559914954.873314,31080030683.3974,9711818251.742188,432043461.8699305,4543255424.237932,4011270363.837776,148944754.9381256,79099024316.40625,352992065468.1566,51015994274.76883
2018-04-02,198470062208.0841,636070366516.1133,300172205883.0261,34162552276.61133,3306224853.513546,34897683917.88483,12623112108.634949,320446620.0,74321993057.13974,253878839920.8069,165758550946.04492,272446977057.6477,15785472378.15857,408647345546.7224,22561618949.890137,16692265720.367432,30824305695.530823,9610055096.878784,405670952.4984975,4217940050.125122,4005843944.3896294,144220350.8605957,76904045648.19336,314581281935.44006,50145876172.21069
2018-04-03,200506245125.9308,644620980102.5391,304291422916.41235,34662045455.93262,3370539702.066884,35106172189.69345,12775334014.133453,325310846.3930054,75407939624.33253,256304115476.41754,168028601373.29102,280736802884.6741,15749501467.895508,418693242748.2605,22877537767.41028,16505238990.783691,31055863053.77101,9717111963.268799,407962876.6227462,4296780183.792114,4006929062.6755524,145690817.84057617,79445616186.52344,318955008448.73047,50902038725.09766
2018-04-04,204340348635.42557,663447540756.2256,308911598541.25977,35123194702.14844,3383851690.462632,35486299766.71219,13012672540.555954,328843965.7630005,75772820237.28075,258816102897.83478,169292190652.46582,285242566206.35986,15781589596.939087,417856115238.1897,22824885326.385498,16573249731.063843,31468664621.780045,9850454155.027405,419422524.56588066,4200420066.833496,4022123616.7433357,145667843.50585938,78979520324.70703,317488813311.81335,50601651198.00568
2018-04-05,205757296990.1657,663806640838.623,312967688049.3164,36148575759.887695,3311160772.2810936,35587271237.20169,13239203234.378815,330060028.6300049,76285374140.11449,262627250199.50867,168756851861.57227,285898695753.479,15943937255.859375,424274429306.0303,23838445163.726807,16692265720.367432,31321666759.42598,9835429010.513489,419422524.56588066,4371239799.499512,4183833151.948147,146563908.29467773,79146843035.88867,316594212878.7384,50570573698.265076
2018-04-06,200494276905.53665,648357666503.9062,305163129623.4131,34990225753.78418,3204518113.791938,34805322910.95734,13008619818.078995,321251853.8670044,75312359172.25258,256650623363.1134,167964344570.92285,280189951838.6841,15822420316.314697,417856115238.1897,22811717697.143555,16700769996.643066,31029700973.652695,9780960149.92218,412546724.8712437,4257360116.958618,4182748033.662224,144599454.77294922,77533479876.70898,311549547464.76746,50311608685.62698
2018-04-09,202482799624.23706,652237838333.1299,308827658576.96533,35011392425.53711,3221868214.235482,35154770409.526825,13057258500.743866,320988917.28900146,74956179458.96378,258729490907.47833,167386194824.21875,283208335340.1184,15762141313.934326,417856115238.1897,22943350885.391235,16398974313.735962,30892769999.60605,9745282482.195374,419422524.56588066,4336199832.91626,4111118220.5225945,144105468.23120117,79087097625.73242,313537573814.1022,51523574568.042755
2018-04-10,206293140705.84106,667399425567.627,314730055648.8037,35761876510.62012,3408830553.206954,35720296006.622314,13423850355.659485,325047909.81500244,75103869632.87192,264013181870.84198,167835841058.3496,284892595709.99146,15730058612.823486,430134505416.8701,23956914894.104004,16777279911.04126,31196827880.82921,9713352423.066284,424006372.81437814,4603380100.250244,4187089334.8244476,146483492.64526367,81883606939.69727,318731278371.58203,52227950722.60666
2018-04-11,205328664554.11148,660070311218.2617,309443059036.2549,35533545455.93262,3383851690.462632,35326043876.075745,13676052014.133453,320808151.526001,74634747064.23714,258989286928.3676,167621675265.50293,283536462641.90674,15656175401.687622,432143690975.1892,23667316040.039062,17274607620.239258,30931028906.96663,9734006030.97052,426298296.9386269,4896840133.666992,4149103570.668888,147850558.68530273,81883606939.69727,317613039254.364,51689302364.170074
2018-04-12,207352917921.0968,672429324188.2324,317135803695.6787,36067651519.77539,3508890737.316327,35747521825.82855,13927351731.40335,325590207.1040039,74217745473.44565,265485725532.53174,166593828823.85254,285286294281.00586,15464650794.98291,430971724697.11304,23574931285.858154,17172590999.603271,30188000279.927536,9521786169.279236,428590221.0628756,4861800167.08374,4230501104.418888,148792572.1435547,82158474023.4375,319650760550.36926,51761816530.231476
2018-04-13,208055407988.2698,668836658386.2305,308547885242.46216,35626669692.993164,3462524815.332713,35704440346.96579,14035438647.315979,323733252.0,74730293748.27185,258123127074.6231,167835841058.3496,285701815203.8574,15576455353.546143,434432041397.0947,23588129505.15747,17682670021.05713,30552473686.372375,9542450624.096924,430882145.1871244,5076420066.833496,4226159803.2566643,149550779.96826172,81923430627.4414,319402262968.76526,50912412043.54477
2018-04-16,209353254182.06024,676669012344.3604,308296144989.0137,35893348480.22461,3462374892.566409,36051138753.56674,13861149247.024536,325738099.526001,75442686942.89471,259249122899.43695,168349925753.78418,288195399281.31104,15761171523.284912,438338636444.0918,23970925140.38086,17606153984.069824,30663216555.442566,9593155605.720337,430882145.1871244,5177159866.333008,4298875148.691483,152055168.70117188,82341714355.46875,320122988209.1217,50870980094.51294
2018-04-17,212234849760.21957,690321415924.0723,308296144989.0137,37445365905.76172,3552864237.9253435,37197356346.16852,15134764100.452423,327463586.3410034,76363558420.88318,260201994618.98804,167964344570.92285,285526882062.5305,15868110844.802856,437166792526.2451,24155719676.971436,17589153594.970703,30856519738.114563,9692694476.396667,449217565.503005,5260380100.250244,4271742637.4414825,154662947.4182129,84731912731.9336,321415125367.3096,51005639825.4776
2018-04-18,211758537790.2527,692980326370.2393,305806510070.8008,37067452821.1228,3535364791.3415194,37060540639.89639,15065409116.817474,327857966.1329956,76076884600.73383,255784363633.91876,167471796551.51367,279358743251.0376,15833111534.500122,442133914272.30835,25317307582.855225,17465887508.392334,30717587215.887405,9658886816.549011,446925641.3787563,5444340133.666992,4306472218.720741,154881220.03173828,82190335607.91016,320744209314.8804,50425545366.14227
2018-04-19,205757296990.1657,690608981414.7949,312520140972.13745,37772729563.384705,3425730885.3515863,37545080691.62369,14983444136.15799,329287668.1040039,76354885661.26149,261414642384.33838,161996999920.6543,278986971245.57495,15802002242.660522,443250114875.79346,25832099315.64331,17776753770.055565,30260498437.014313,9422251637.368286,446925641.3787563,5492519983.291626,4280424825.7566643,154214909.54589844,77720711138.91602,319302895923.67554,49368981134.29642
2018-04-20,191356523711.31897,672928391287.0566,311820774002.0752,37058960461.825806,3420794101.6450024,37127054350.1091,14761417135.414124,328876839.1040039,75564313813.87746,262107578257.37,159511431350.708,277040279899.59717,15631872737.503052,440906121139.52637,25554903339.385986,17526675913.850708,29650369296.90651,9302055904.713684,440049841.68411934,5404920066.833496,4162127060.1462936,151124636.93237305,76892112371.82617,321141791736.496,48923565275.081635
2018-04-23,190802336951.8814,675407645730.3351,310310252841.94946,36825324329.4837,3348552951.762376,37006089001.48392,14352490737.354279,327710073.71099854,74799805269.41884,262627250199.50867,157782320864.86816,277412114433.2886,15664923419.952393,444087303565.979,24828912288.66577,17403756531.065674,29579886883.37741,9226929097.452759,435465993.43562186,5466239799.499512,4214221846.0744476,151090180.90820312,76214879180.9082,320744209314.8804,48830337493.1488
2018-04-24,188146489202.98767,659611579721.3978,308855558925.62866,35423748164.6178,3308469081.9999123,35242648567.352295,13826921866.817474,323404593.81500244,75173381154.01892,261501274349.78485,156701591488.64746,276012274133.3008,15766029523.086548,437278262695.3125,21225352083.206177,17399507264.98529,29761119263.665283,9292663562.355469,426298296.9386269,5748354961.184802,4193600872.5585175,149734596.5576172,77302420825.19531,321738199641.2964,48768182493.6676
2018-04-25,188966285112.00714,653873742596.9078,307680664890.2893,35425688006.0614,3240564159.8196173,35254715941.16211,13770176880.207062,323404593.81500244,75729366391.05162,261068154472.73254,156269334051.51367,277258982801.0559,15587150190.353394,443696637943.2678,20288165885.925293,17174865987.678284,29547679938.482254,9317075625.770874,421714448.6901294,5794526663.815198,4293448729.2433357,151159103.91235352,76350327136.23047,325788806184.0973,48561008596.64154
2018-04-26,189624495559.2804,667686698141.9474,307988365119.9341,36827752833.275696,3368594742.4871016,35954986809.78775,14140372204.98085,323782549.473999,76398311367.45291,260461870540.23743,157241915808.10547,274894178439.2578,15867135626.220703,451286918289.1846,20631359910.964966,17280829007.924164,30236333173.28412,9463567530.70752,426298296.9386269,5762206295.843525,4339031149.418888,151974753.0517578,77951750433.34961,327056198686.08093,48851051109.02023
2018-04-27,187430623232.98645,678736921894.431,306030323429.10767,38153875089.165405,3385197535.603223,35546260193.0809,14040392452.005386,324111207.6589966,75833625230.7608,252842163574.92422,157371579919.4336,275452577702.3928,15940054474.639893,434152998893.7378,20222166446.68579,17234207151.297966,31440463139.142105,9662643102.67749,417130600.4416319,5734503626.526079,4428025753.198147,145541468.23120117,77062760858.1543,325565144651.7029,49141084186.820984
2018-04-30,190825361661.44562,662444770524.258,304295935817.7185,37996422157.334595,3488227452.278137,35102733836.47919,14071917444.566727,318359601.6589966,77274688997.26868,250913418125.0626,156355743151.85547,271630035165.27457,15935194665.527344,433929569114.68506,19950200862.71685,16653520927.361984,31480747253.64514,9526841915.639282,419422524.56588066,5711417775.210881,4419377923.026669,146426051.3305664,75736533929.44336,325490590807.5714,48623154161.5448
2018-05-01,195259436979.61426,672928391287.0566,304295935817.7185,38387755552.6817,3522970361.7095947,35866761370.334625,14109747435.640335,320627385.7630005,76357444541.93115,251165002867.74548,155534412643.43262,270599345701.5695,15868110844.802856,429464797290.802,19609169615.245453,16623845257.829346,32165376099.020233,9653212796.122192,426298296.9386269,5554434514.658723,4349142036.728893,150286013.45825195,76938179296.875,325465777606.61316,49431136133.77762
2018-05-02,203885040675.46082,662373959805.0837,301890214317.3218,38082548896.2381,3510095818.5195923,35360167609.74884,14112449823.286057,317669411.94799805,75422747411.7279,248062130821.08447,153329819985.9619,265209221240.0721,15890473927.688599,428627669780.7312,19819032660.080765,16611132056.103218,32054616668.67668,9584840983.811337,428590221.0628756,5526731845.341277,4368895932.080006,149700129.57763672,76496108044.4336,323502564458.2367,50767383711.42197
2018-05-03,204254523514.7705,666340766914.3291,299988026416.77856,38140773755.446106,3613704767.70401,35368778073.31085,14037239952.749252,314875779.7630005,75326644517.89856,244875364961.3895,154237559594.72656,264199956726.10693,15852552580.26123,427176599819.18335,19950200862.71685,16873929219.30156,32024425467.339203,9675383744.729141,421714448.6901294,5392834436.104317,4339265089.053337,148333052.5817871,77464652795.41016,323328620720.76416,49845479210.54077
2018-05-04,212268153680.10712,674061597266.4268,303316901699.06616,38355973990.099,3707850799.0837097,36220002456.76041,14415540722.47696,321498341.2369995,76462273773.19336,245714013002.4721,156550279687.5,266691001049.5903,15952696129.989624,429185846557.6172,20225650772.225853,16806107839.323181,32084822065.391327,9860246718.230988,414838648.99549246,5577520365.973921,4248177636.196663,149573765.25878906,78573881127.92969,326335564838.72986,49503650299.83902
2018-05-07,213803928057.70874,681570171315.4363,305946330371.8567,38821550744.513794,3857058508.872986,36511554661.69357,14693412486.610413,323831846.94799805,74662741144.1803,248565280967.16644,155577677746.58203,265402495977.69708,15880750690.841675,433873772850.0366,20015778055.645767,16899357657.842934,32171413866.10849,9935700284.655487,428590221.0628756,5656011996.25,4222936640.7233315,149263584.35058594,78320687561.03516,326807701104.4769,49545077531.58188
2018-05-08,214831546345.23773,678665993938.9667,310478026584.62524,38633523098.0213,3883734722.6142883,36481569146.49963,14721784979.915619,322484340.8670044,74898612573.62366,250997234580.9614,154410508993.53027,263297980666.2834,15546315852.355957,435827284503.93677,20068251416.082634,16945985619.736488,31966023319.779007,9896094539.27037,421714448.6901294,5729886368.197842,4281100655.568882,150538753.0517578,77914778350.83008,325291765324.3866,50094094491.176605
2018-05-09,216344202264.4577,686670301640.3418,317247644008.6365,39012243821.9975,3967180071.8307495,37527851811.48529,14875357220.245361,328449560.8959961,72557498090.74402,257622293025.18286,156420585299.68262,265230646189.812,15388822574.615479,446096397354.126,20566673729.630302,16937504385.833233,32205643652.24991,9973430322.421154,458385262.0,6048470147.630396,4366701008.303337,150033284.82055664,79554504040.52734,338686187102.06604,49762610595.18814
2018-05-10,219438738229.69818,693541403362.3469,319709245845.7947,39038446489.4361,4034648394.584656,38097168345.43228,14843832227.684021,330635174.18499756,72689332563.40027,259047907668.24628,158106501327.51465,269182004446.71313,15577419716.262817,456086528881.073,21274964614.72458,17132479151.508636,32463384383.674164,10096047792.116661,432834629.3330369,6196218891.526079,4288783098.106674,149550779.96826172,80808406884.76562,343904773405.2582,49876556710.28137
2018-05-11,218604223756.34003,692053733460.09,318506504554.74854,38888752923.3797,3947791718.9598083,38025140545.25375,14702419872.768402,327512883.81500244,73295880924.22485,259299550428.7805,158582003683.47168,273240630694.57562,15627011119.07959,458228872959.13696,21340555624.431747,17119761879.60427,32195576763.94249,9996073335.395794,462833091.75133395,6011532961.656475,4376577955.978893,148516869.17114258,79896117126.46484,343109540017.27295,50850266478.64151
2018-05-14,218094136440.62805,694391307846.8745,318618371414.1846,38855516479.714294,3960665963.1729126,38136111605.81589,14795644515.621185,327315668.84399414,74183737655.63965,260976846510.94568,158387467147.82715,270706675082.07166,15574510344.314575,461329634124.75586,21248734842.89527,17119761879.60427,31819027823.321136,9956459996.052704,469261322.7508893,6163898963.880396,4459982966.297775,146046947.4182129,81158054516.60156,343283506602.9968,51772170979.522705
2018-05-15,216112023943.17627,689362105477.4333,316184749565.1245,38238791278.1604,3808667304.0390015,37387245168.361664,14687557599.708557,324324846.7630005,74298011930.4657,261815378516.3256,157674183337.40234,268709550540.70093,15443261121.368408,461104001861.57227,20933937512.286655,16746768710.792618,31140446208.61908,9756502403.801857,460690348.0848155,6182367556.867356,4477541937.872219,146426051.3305664,80350246783.44727,338512243364.5935,49959425325.634
2018-05-16,218128936001.6632,691140638615.2395,317051837184.906,38509547239.0426,3815646321.773529,37360363979.77829,14780332130.950928,325097207.28900146,75713297098.15979,260473580329.161,158927781375.12207,269182004446.71313,15279934625.24414,462400836753.8452,21825857525.353462,16823062166.773216,31468773453.00499,9790459329.305843,452119322.33170295,6279327780.130396,4644352377.148888,147976923.0041504,81535829644.77539,341320339151.12305,50612000930.007935
2018-05-17,216749572151.0849,684239876111.8584,315988836555.48096,38375624139.684204,3842012197.494507,37262836164.512634,14646575109.378815,324538485.8670044,74271657485.96191,258377085931.79907,159857239318.84766,265960792924.93076,15207024823.379517,461611490913.3911,22009486653.32599,16683189474.082706,31340288728.37256,9756502403.801857,454262065.9982214,6330116300.76304,4692639444.318882,148746623.4741211,81334880383.30078,339630505330.06287,50746674812.83951
2018-05-18,215961294594.49005,685520330871.4984,310869719871.521,38196333183.6629,3693928182.523506,36862380682.75452,14599737732.147217,322188530.94799805,73524457769.39392,253764705429.04074,158754953082.2754,266798330430.09247,15209936004.638672,458341750270.8435,22127539970.047424,16598415801.743412,31442256488.457504,9745180897.314537,454262065.9982214,6293179114.789119,4638865277.026669,150263039.12353516,79309345019.53125,338064897451.55334,50466991467.041016
2018-05-21,217491425293.28156,694342127223.2096,313722935356.14014,38465393634.275696,3668395516.324972,37357609585.80017,14943811980.659485,325228675.5780029,74289223342.89551,256196659042.8357,160073352899.16992,265681695609.2646,15576455353.546143,463866559352.87476,21891449916.738457,16687429582.262054,32025506681.90007,9867797282.158905,475689553.75044465,6348584893.75,4641060200.803337,149550779.96826172,81387131274.41406,339083792371.933,50435909250.011444
2018-05-22,216946669664.87885,693630502942.765,316128763042.44995,38366891151.2005,3645265883.7184715,37057780943.90869,14934804594.501495,325590207.1040039,73287092336.65466,259047907668.24628,160008551119.99512,263942182044.27933,15499651914.596558,460258431495.6665,22521037669.56656,16441587764.058308,32266156179.21556,9862135444.064106,458547604.41829705,6256241928.815198,4522536828.696663,149056804.38232422,81399183093.26172,337319427554.9927,50363413953.10593
2018-05-23,218337545870.23926,701882882633.8306,314674069126.12915,38863279547.4762,3720259640.2498016,37424809906.253815,15524775502.975464,322007765.18499756,72970640933.99048,255274175206.5705,160332761859.13086,265101871396.38968,15582284953.308105,463133743938.44604,22757133249.586826,16780675330.603569,32478239845.879166,9994185694.413815,458547604.41829705,6177750298.539119,4477541937.872219,149458882.62939453,80458752667.23633,335057999030.09033,50000861991.9548
2018-05-24,218094136440.62805,699392959688.16,311149493206.0242,38892636308.254395,3722514438.5166397,37407231093.48297,15730589895.828247,320167259.28900146,72829989578.24707,253345391078.14133,159446548834.22852,262524943105.3243,15671728238.296509,452534747909.5459,22796482052.364265,16941742458.923462,32380355622.625854,9958341127.927849,460690348.0848155,6030001554.6434355,4630085581.919994,150435363.06762695,80711959405.51758,329118778879.5471,49824760877.38037
2018-05-25,218592636402.50397,699748713210.2373,309554978988.64746,39064404825.7005,3746409567.6071568,37360016698.150635,15820662039.424896,319049791.3699951,72487161094.66553,252926076727.2419,160613747863.76953,262784539010.1957,15790332187.271118,443740014644.6228,22402984352.845127,16717099146.527336,32525141372.0381,9967776078.284328,422120911.00044465,5660629254.578238,4630085581.919994,150171130.82885742,80820452117.91992,322955874348.35815,49441490583.06885
2018-05-29,217804433844.96307,697258673028.2767,296323470916.74805,39130396454.6579,3736039464.3301144,36808273674.964905,15750405114.585876,312016400.8959961,72434423910.14099,242862706359.21017,160051735485.83984,258306356177.31207,15917696819.68689,442105129028.3203,21838973792.94594,16500928927.67799,32578172935.236877,10058326433.160107,417835423.66740775,5605223475.617356,4576311414.627781,148505376.5258789,78610049755.85938,314854661262.75635,48478139981.28891
2018-05-30,217340677194.83185,703946065483.8146,303093141433.7158,39422016817.0213,3802166895.4732,37132221158.447266,15921992127.231598,318967645.6300049,73946406177.52075,247307357253.752,161867325717.1631,261702875764.4447,16067410060.501099,459469269195.55664,22455450804.892868,16611132056.103218,32953394608.09314,10135663301.16203,417835423.66740775,5803760740.145683,4575213743.419994,151917311.73706055,79212897540.2832,316171703014.90784,49265394185.78339
2018-05-31,216610448905.99823,703163571866.0507,299344619422.9126,39536774727.155396,3790144489.460045,37908660696.73538,15834622371.28067,314744311.473999,72162398487.96078,244528611603.22943,158149736154.1748,258782288823.96973,16119903598.02246,458003363056.18286,22166884627.79138,16500928927.67799,32674008292.385788,10095890488.701496,400693448.7917408,5840697926.119604,4558752443.053337,148850013.45825195,79032028057.86133,318010667372.4823,49244675852.622986
2018-06-01,220516793381.01196,717036142064.5674,303232935188.29346,39825970287.714294,3871752378.811857,39114844017.715454,16209771500.743866,315894627.6589966,72555815890.36308,247559947639.1914,158754953082.2754,262330215481.90036,15854504826.73645,461329634124.75586,22455450804.892868,16378012597.526634,32792293638.52391,10046642586.392338,404978936.1247777,5937658149.382644,4697029291.872219,149826493.89648438,81246480621.33789,326310683093.0176,49545077531.58188
2018-06-04,222359857632.43103,723296442715.5485,303372755489.34937,40401688573.865906,3980411477.879097,39736547057.34253,16294438869.049072,314366355.81500244,74680303633.06964,247559947639.1914,160332761859.13086,263822902166.50104,15776192422.485352,456481232391.3574,22573498594.903,16212702308.393715,33163450701.718094,10069371302.606964,400693448.7917408,5776058070.828238,4811139356.848022,150630661.34643555,81953784088.13477,333691285179.51965,49306830852.10419
2018-06-05,224075367242.836,726995951083.5396,301666400959.0149,41155731597.304504,3983717241.4398003,39666934322.52884,16474133044.631958,313495400.3410034,73980898669.88045,245202237535.8246,159878887008.667,262806148128.558,15593146246.71936,454846346775.05493,23150624040.71684,16339860781.813538,33226655618.55304,10039065986.037083,389979730.4591485,5840697926.119604,5051641817.696045,150848923.0041504,84124013720.70312,331653541035.26306,49078943339.206696
2018-06-06,224852038695.8313,729130237743.423,308715712078.0945,41141175382.5025,3984919047.7579365,39526669659.023285,16548440973.964691,318786879.8670044,73928431759.64877,252949051796.37155,160700197332.76367,265640216742.8627,15282853043.746948,462626254886.6272,23872032575.08142,16446211486.53658,33703863978.663803,10090211292.988472,398550705.1252223,5969978517.354317,5094083794.727966,151388869.17114258,85848135070.80078,338387971725.54016,48529931096.90094
2018-06-07,224249290048.95782,717676369444.3873,309946592636.1084,40984688669.406006,3951105180.374712,39094855441.589355,16275973985.12268,321383322.15600586,74269404764.97548,253370009986.39218,163747788372.80273,266808377851.60373,15307327592.468262,467249116127.01416,23517883678.33972,16412181743.833931,33605977389.514297,10105361239.145565,396407961.4587039,6223921560.843525,5049465689.253296,149229117.37060547,83416690496.82617,339083792371.933,47659812994.342804
2018-06-08,222209128283.7448,723012144712.2407,310813759895.3247,40855863206.8183,3941785463.3472958,39035928907.08923,16238594105.659485,322106360.1329956,73753566448.12892,252696384053.79703,166816956457.51953,268387664715.09576,15348435136.413574,471308263790.1306,23649057407.687107,16327098737.948555,33726302138.172043,10090211292.988472,398550705.1252223,5983829852.01304,5051641817.696045,149298051.3305664,83372474151.61133,338487384467.13257,46541093763.01575
2018-06-11,221664353905.5786,718885837630.418,310030532600.40283,40980324026.1579,3916837921.352316,39318173434.20029,16278226261.15799,320988917.28900146,73701122051.05333,253117380922.38522,167573495278.93066,265358950330.0882,15211390690.612793,468489451183.3191,23858920452.522415,16407923319.852512,33669205965.311188,10112933500.096264,413549910.7908515,5937658149.382644,5116936879.575989,150596194.36645508,84341032073.97461,340823252594.90967,46437506814.502716
2018-06-12,222881438553.16162,720735474578.1234,308240238105.7739,41213960158.5,3946294191.3146133,39569403856.25839,16385411235.866547,320890322.3410034,73526267996.11151,251770167735.76245,166946590292.3584,265099354425.2168,15408146015.167236,464655782833.09937,23426079476.93714,16501515033.34425,33883331400.39061,10222799629.503159,430691885.66651845,5739120884.854317,5212702721.253296,152238974.3347168,84132041680.9082,334362224080.2002,45878144840.1947
2018-06-13,221049999155.1056,717462823542.109,307624758007.04956,41362195141.486206,3943589475.674038,39432930129.60434,17110489500.743866,319707132.81500244,73517510378.39853,251264928947.03232,165282352230.83496,265294082048.64075,15381713792.037964,459525585491.1804,23360488467.229973,16463233989.4721,33138966042.001648,9925412641.3037,430691885.66651845,5702183698.880396,5102789553.898682,152468739.59350586,85904390063.47656,336499380966.0492,46095668469.22302
2018-06-14,221165966442.28363,721517909577.7423,302198020732.87964,41823162921.4787,4011369788.597475,39980195605.69763,17693253469.501495,316338330.0,73255232110.13033,248401980054.93536,164244898049.92676,264818088012.4423,15546163870.239258,461667990749.35913,23058810167.56949,16658915948.61634,33455080530.231766,10037174005.650547,426406398.33348155,5683715105.8934355,5004847583.7786255,152974207.82470703,86764435516.35742,336573889113.678,46251051250.637054
2018-06-15,218893945101.7685,712340770030.969,301834280887.60376,41631740552.4599,3986572508.582527,39951246633.377075,17653172920.375824,315122267.1329956,73176548629.64986,246549528079.58246,167249203802.49023,265250741032.83453,15616634720.993042,454733500053.40576,22153771123.554554,16335603375.376678,33542760643.19838,10033384620.62178,424263654.6669631,5503645994.026079,4978729476.0,154789311.73706055,86334416082.76367,337493394140.71655,46447865981.08292
2018-06-18,218778034063.88092,717534044588.2985,302617508182.52563,41821463709.2218,3984018344.4441032,40789027771.53015,17582015772.31598,314054121.7630005,72564573508.07608,247559947639.1914,163920646942.13867,262459992971.1558,15701798985.671997,455635631435.3943,22035719188.51095,16348371524.509018,33656969550.19345,10020126654.851223,426406398.33348155,5614457551.947842,4953699847.575989,155984064.78881836,84839384661.86523,339257758957.65686,46354633481.861115
2018-06-19,215242691159.01947,717534044588.2985,300855220222.47314,42088095656.0426,3910073816.073921,40620514000.96893,18238639276.779175,312805210.6300049,73097882034.03645,246381121596.4337,164979738720.70312,265164222706.66425,15955325058.746338,454959009956.35986,21327435211.805794,16314334658.994453,33728339174.79547,10012547884.79369,424263654.6669631,5669863330.908723,4934111370.52533,155662402.1911621,82862056573.48633,338338299627.121,46271764866.508484
2018-06-20,216181641815.01007,724719456803.8574,300827134048.4619,42459293941.4436,3942237986.420109,40805917323.05527,18769161093.013763,311408382.0,73097882034.03645,246212734452.56866,163942264355.46875,264017650253.10526,15925954514.694214,453549664833.06885,21379898900.497883,16144176787.580177,34276917159.508255,10131876085.83554,430691885.66651845,5771440812.5,5040759514.949341,155088000.0,82588770056.15234,333914923863.6627,47286916018.47839
2018-06-21,214976069522.20917,719526065010.2379,300743273723.6023,41977465461.9574,3864086991.1753902,40301728023.815155,18709713718.75763,310356660.7630005,73622438570.57286,246633750660.44064,165217540359.49707,262741259383.9303,15991542035.29358,449265068447.11304,21458599269.408405,15748545287.40924,34562424048.67067,10137560705.80426,426406398.33348155,5512880070.3565645,5076671861.253296,152170051.3305664,82082396093.75,329665537534.1797,48063806339.1037
2018-06-22,214350127417.9001,714332555980.3284,295819910770.41626,41624462445.0589,3771508819.192766,40296561215.47699,18513808653.266907,310438831.5780029,74155730211.66618,244107576056.0737,167357321145.62988,265748323724.21503,16082573895.263672,458792739486.69434,21563532173.503887,15935725661.759037,35249676672.925415,10186814032.369114,437120116.6660738,5863783777.434802,5011376799.373352,150665117.37060547,82938430859.375,325540308602.4933,48519576647.60971
2018-06-25,211162498876.93787,699962200494.3706,293134495574.9512,40350256861.698,3593716759.859682,39262343273.29636,17315403670.375824,306856389.6589966,75598305713.45346,239813172057.21204,168135366366.57715,265207502332.92966,16288131517.410278,449546925235.7483,20645372716.863,15735786296.177937,34966223381.65979,10273942766.75227,415692680.0008893,5660629254.578238,4921052524.202637,147919492.64526367,79032028057.86133,319501652862.1063,48654245813.15231
2018-06-26,213782084583.24432,704870825339.5223,293330302398.68164,41028116684.625305,3636849186.1818447,39032821929.47388,17986887729.91562,306379839.05200195,75169897238.22232,240318468863.79352,168589241217.04102,264688269596.82632,16324353921.890259,454620775691.9861,21314318944.213314,15812354489.189594,35157905925.43858,10294774078.324665,434977372.99955535,5766823554.171762,5035318363.575989,148895973.0834961,79562558343.50586,321092142486.3281,47732327160.404205
2018-06-27,213469188530.14374,693915211273.0879,288798579639.4348,40286205074.184204,3542618421.9409885,38492454367.84744,17581565660.705566,303865567.5780029,75965484032.4509,237792274920.1428,167919293154.90723,263087353151.79172,16452585214.233398,460653012645.72144,22166884627.79138,15731529907.285637,34856081450.22299,10328872034.47673,422120911.00044465,6140813112.565198,4956964455.373352,143668923.0041504,77926836755.3711,315873510486.6333,47059014353.71399
2018-06-28,215022400187.78992,701669336731.5522,293526056129.45557,41279466827.0965,3619867266.2612762,38831565598.73581,17808095495.536804,307447984.4219971,75064974674.337,241413052986.4093,168697409020.9961,263931070537.39417,16328269270.706177,462118979965.20996,22022608447.62977,15740039632.436558,34915226489.18825,10285304412.731735,426406398.33348155,6186984374.869604,5007023712.2213745,146242234.74121094,77798231335.44922,320793904261.5509,47110810186.61499
2018-06-29,214570362139.83917,701527422202.4785,291484074474.3347,41239433534.4035,3560351651.761717,38914613625.831604,17628403037.937164,306724921.3699951,74881374258.26024,237371258712.2708,168718945697.02148,262503293060.60147,16349805498.504639,466403453990.9363,22639079932.865395,16042077384.026638,34707216895.7715,10230151665.672626,432834629.3330369,6205452967.8565645,4848139767.373352,146759195.61767578,79562558343.50586,320098106463.4094,47773759109.436035
2018-07-02,217476192050.28534,710913323776.2451,290160978085.32715,42844501495.36133,3640606893.771122,39416565116.08887,17979897894.28711,308664047.28900146,73438838154.4961,242122793614.19678,169578817789.07776,266861758195.4956,16575003698.730469,460935114154.8157,22650936355.59082,16019335012.435913,34603202635.47835,10168257938.46643,466201318.17949414,6019859876.63269,4907993262.746704,148983762.41970062,78469385931.39648,317911254630.8899,48436712749.54605
2018-07-03,213688583237.4115,704089115524.292,286101872937.0117,42348999023.4375,3559449500.837286,38525120582.862854,17634007863.40332,305689649.3410034,73823526080.63051,237841944886.7798,169079592012.4054,269342012869.2627,16530874255.371094,463641018859.8633,22532131525.039673,16057730789.18457,34902994805.8629,10334292547.25061,461608206.0598314,6042959964.752197,5049465689.253296,151431763.87882233,76950237701.41602,316594212878.7384,48654245813.15231
2018-07-05,215408021347.83554,709136108116.1499,287962012245.94116,42493251800.53711,3647971178.403286,39388264699.67651,17989380444.94629,308121750.0,73937178120.78372,239040501516.34216,171922878406.52466,274368441158.29468,16528912866.210938,464035752960.2051,22400135427.474976,16394754829.406738,35178299950.63481,10527044880.945557,470794430.2991569,6033720193.862915,4979817540.2213745,154063661.9310379,78766776086.42578,320744209314.8804,49524359198.42148
2018-07-06,218394086452.48032,719087883247.3755,288906035893.2495,42765750885.009766,3717103849.147011,39864189563.59863,18434610744.506836,308220344.94799805,73884711210.55205,239982329923.2483,172139918991.8518,276014712222.29004,16702503057.861328,464148507911.6821,23112926868.43872,16138781623.840332,35278233039.99252,10607198055.677856,463904762.11966276,6089160140.991211,5034229884.2213745,155017583.03546906,79301310473.63281,321961884021.94214,50145876172.21069
2018-07-09,221426421207.99637,723992724357.605,297845815361.02295,43475498199.46289,3745959360.7113,40285236575.01984,18918673854.614258,311638445.2369995,75126182317.41461,248715140199.2798,168992749428.55835,276673091924.2859,16213121960.449219,467361993438.7207,23904922920.22705,16121720008.850098,35104895655.30556,10473611608.341553,466201318.17949414,6352500000.0,4984170627.373352,155293416.96453094,80020692102.05078,324794793009.42993,50404831750.27084
2018-07-10,221159252500.9346,725911857215.8813,296013505423.7366,43576751708.984375,3806075154.5646286,40280404796.60797,18767855651.97754,312065698.3699951,76245243766.41098,246831621030.8075,173246870568.84766,279592356367.4927,16421034649.658203,471646773365.02075,23904922920.22705,16172915058.135986,35245600233.782364,10586209678.695435,473090986.3589883,6504959964.752197,4986347170.949341,155063551.70345306,80149297521.97266,321241250174.59106,51274964004.69589
2018-07-11,218289481709.6901,724916738273.6206,295374844928.74146,43875000000.0,3720108799.2255306,40429497018.49365,18904225237.91504,312082147.5780029,75650750110.52905,245547370345.3064,171814378382.87354,277090156395.72144,16516162023.925781,465614199920.6543,22980940504.074097,15814560937.88147,34898911269.031265,10523228218.6167,473090986.3589883,6260100088.119507,4940641001.253296,154305013.87882233,77802248608.39844,318234260360.1227,50591296748.71445
2018-07-12,221949275780.25055,740626380546.5698,296651930076.5991,44915500640.86914,3775716733.6779003,41457951672.75238,18671674510.98633,312164318.3930054,75642003749.3941,246317928622.05505,171228380963.8977,280426485310.3638,16524011206.054688,466178097038.26904,22888266534.805298,15840153360.366821,35004960200.05165,10576668022.873291,500649713.83118033,6246240211.486816,4819845531.151978,156661078.001976,80109118206.78711,321017497249.1913,51689302364.170074
2018-07-13,222297914404.6669,749440650970.459,295291540246.58203,45325748443.603516,3747011484.093643,41567014468.87207,17872428986.816406,313807634.3930054,76673646613.35309,244434389789.96277,172139918991.8518,276409748348.2361,16625024560.546875,469673378173.8281,22239609930.038452,15716439304.351807,35013113078.33775,10525135461.172363,470794430.2991569,6223140123.36731,4849228246.727966,156109421.10443115,80052843457.03125,321837566686.3861,51668593465.587616
2018-07-16,221809921815.50217,745744419593.811,307007731912.9944,45562248229.98047,3730178957.586748,41294021643.42499,18083754647.583008,315516672.0,76621174074.8324,254965123496.6278,172617456925.20142,273688012348.938,16623057733.154297,465050486343.3838,22199899864.196777,15571393127.441406,34803066448.29758,10479327892.964722,461608206.0598314,6052200176.239014,4840522072.424011,155500286.9310379,80410519049.07227,321837566686.3861,51295672903.27835
2018-07-17,222437287162.93716,753137292343.1396,306785621033.4778,46098251342.77344,3812687260.730274,41865889166.70227,17135496136.59668,312903805.5780029,77102049460.29521,256934317057.41882,173702639582.8247,283389661111.4502,16692694299.316406,464035752960.2051,22199899864.196777,15759099464.416504,34766357202.94437,10443077221.101929,454718537.88033724,5876640123.36731,4997229473.696045,155017583.03546906,82122588580.32227,326658570567.96265,51937912927.51694
2018-07-18,221217343277.0691,747237215148.9258,309645206890.86914,44943401417.52494,3782780494.3500004,41860022007.20215,16939070396.484375,329386263.05200195,76997126896.40988,257961721538.5437,173029789445.4956,280514308026.12305,16615213989.257812,463528386268.6157,22610268264.770508,15861487522.125244,34815305229.31151,10490783322.995117,457015093.9401686,5922839859.008789,5053818361.272034,156109421.10443115,87572249835.20508,328248968799.1791,52020781542.86957
2018-07-19,222936894148.62442,742119058959.9609,305092012474.823,44213006456.60187,3787739139.6910553,41383409544.044495,16446878647.583008,324538485.8670044,76691144963.91202,254023393407.82166,172431954923.2483,276431714408.1116,16696615264.892578,462344428688.0493,20915825197.21985,15741706691.597729,35476043254.91496,10651096204.112305,463904762.11966276,5858160140.991211,5112583792.424011,158074718.667984,86511235363.76953,327453758259.4452,51596074582.23724
2018-07-20,218060719461.86066,755411950332.6416,308951175904.08325,44230808533.69061,3770607536.834694,41341309356.10199,16303284753.295898,323371720.473999,76988374906.98592,257961721538.5437,172322421179.96216,276234144440.4602,16669154003.90625,458905341487.8845,20849635265.35034,15745957294.14151,34770431276.19122,10590026341.024292,450125425.7606745,5872020017.623901,5004847583.7786255,155488800.24433136,88339851910.40039,327528312103.57666,52248664338.47809
2018-07-23,218254289417.9001,767496290542.6025,314698229399.8718,43945480384.66601,3748363552.3918114,41794100089.75983,16375984308.34961,325130080.6300049,76612444598.5645,263269955083.46558,171950079421.23413,277946168350.98267,16557353009.033203,458905341487.8845,20955538043.97583,15554559111.7674,34745970275.43672,10586209678.695435,450125425.7606745,5838013991.689857,5055994904.848022,154236060.8768463,88729685443.11523,327354414062.6068,52145091541.83197
2018-07-24,219837598060.79865,765292679008.4839,316919285785.67505,44609783645.92913,3737844345.223215,43421350140.060425,16134855361.206055,326132504.3930054,76900956321.94855,263954878295.1355,173001331752.01416,283938459656.52466,16692694299.316406,467982115081.7871,21273244989.39514,15792743426.066084,34627689661.09099,10486967749.275024,438642618.08440983,5851869913.847746,4915610957.696045,153224673.4571457,85884310284.42383,329466689202.7435,52673366581.82144
2018-07-25,221910635376.02997,787826353820.8008,319778897847.7478,45447966015.9142,3785334948.010544,44035320506.103516,16385466859.00879,324735675.7630005,76848500668.29489,266009687257.38525,174052624620.8191,282314133890.53345,16451436181.640625,471251825134.27734,20995253671.64612,15937360563.40234,34898911269.031265,10639642951.299438,450125425.7606745,5935006327.7387295,4988523714.52533,155465815.91033936,88002269268.79883,328547184175.70496,52911617978.588104
2018-07-26,221215821306.71692,779225164192.1997,318862677367.4011,44091804229.83399,3829970573.177265,44365256636.58142,16395400713.623047,324489188.3930054,77137001135.1009,264896687038.42163,175410547109.98535,285957759262.8479,16491642846.679688,474916452827.4536,21140869297.027588,16081973631.22922,34856081450.22299,10815737051.09024,443235730.2040726,6008905166.543238,4997229473.696045,157890833.03546906,87069886560.0586,331330512457.77893,53077355209.293365
2018-07-27,217536665563.1714,765434771919.2505,322138865249.6338,44317872747.24525,3787588298.6667843,43239813322.58606,16039578550.65918,325294397.18499756,77049588178.35254,257640158054.32257,176483730512.23755,284655601089.4191,16375919073.486328,461837031406.4026,21167342210.769653,15690663852.865309,34378892017.281784,10676080467.472458,447828869.7008431,5962718172.054508,4758903556.424011,148443592.2088623,85723533752.4414,334138562547.8058,52859817428.39813
2018-07-30,216317871293.9911,749014313667.2974,324082204421.9971,43389943200.16437,3782785902.9769897,42451208679.65698,15125185061.645508,327167776.4219971,77705266964.156,259713848455.62717,175651444322.96753,285997142862.3545,16302365167.236328,460822359203.3386,21286484922.409058,15622612499.693699,35047775823.48276,10740089504.458237,438642618.08440983,6179796341.396619,4782845120.626648,147029951.5428543,86205810662.8418,335430768250.7477,52528342966.98761
2018-07-31,216750759749.83978,753198523865.2911,319140289762.1155,43346535752.58071,3794096965.789795,42353890821.83075,15237621757.69043,325162928.8959961,77883222999.57275,256147125350.75854,165893159292.44775,286754615368.3473,16430836157.226562,459525585491.1804,21707693501.86342,15601346261.069319,35934894626.45293,10860827286.246872,459311650.0,5944243462.353381,4903262664.508667,149581398.9458084,86004867987.06055,327627770541.67175,51554637915.91644
2018-08-01,229519522857.99408,754618646447.7542,321111589329.5288,43827690470.75147,3819044705.39093,42553026462.98218,15279617140.99121,325130080.6300049,77019097537.99438,259216234391.35394,165421380155.1258,287014208531.81213,16466150225.830078,453211338798.52295,20497322840.483093,15499262618.359167,36248948419.09767,10901724161.62033,450125425.7606745,5856488701.390984,4824854317.9422,152063882.38620758,85968692773.4375,327105916481.0028,51409628452.949524
2018-08-02,236228566147.78137,763777951522.6415,322471900545.5017,44733914433.45554,3883348185.5392456,42833951900.45929,15555966744.506836,325475162.94799805,77472970607.75757,259465117627.7883,168190401376.49756,284006423736.615,16618161511.230469,450505434093.47534,20299975637.21603,15409940957.0538,35945089273.15485,11082834153.585434,457015093.9401686,5916531618.037602,4944123067.3526,156936911.9310379,86736308020.01953,325664603089.798,51502851517.59338
2018-08-03,236911993749.0921,767115245441.815,325081729584.5032,44464680344.50803,3906280154.2282104,42731449172.72186,15492296713.623047,329057604.8670044,78206172225.95215,261372968426.1259,168867262263.22107,285521225473.96967,16784874151.611328,452140197349.54834,20668352200.683296,15507769927.710794,36354987886.53328,11230838731.811142,447828869.7008431,5971955747.140984,4937496885.2948,155029080.68275452,86318346990.9668,326285824195.55664,51792889312.683105
2018-08-06,238142174486.27472,767754166045.0562,325164981857.2998,45061187610.269516,3936185382.8430176,42714537948.280334,15845862356.811523,338621690.94799805,78267251289.36768,261455840599.9233,169256944161.9127,285672646291.0723,16771151678.466797,452027564758.3008,20260507854.81474,15401435682.456861,36114352584.594955,11219154858.642197,452421981.82050586,5985811669.298873,5079956640.0,157649481.08768463,85832046221.92383,319203460333.8318,51419978184.95178
2018-08-07,235909616070.7779,773079362461.9436,326358814732.36084,45420410752.36024,3981430828.0944824,43341623141.441345,15886953409.667969,342992917.526001,78354531978.60718,261372968426.1259,169503084021.63965,284460829462.5539,16733883471.679688,458172587253.57056,20207883223.695175,15341890621.259535,35989937201.41699,11149048300.346375,447828869.7008431,6041235798.402254,5134069406.959534,158442500.89359283,85828022363.28125,319377381223.053,52031131274.871826
2018-08-08,236069081896.92688,777410695385.757,327025147370.91064,46006673637.22178,4004208770.751953,43531100535.41565,15696399788.574219,343354449.05200195,78598921279.90723,263778433288.7367,168908263427.485,283833347982.43555,16679945269.77539,455128264743.80493,20247356533.60354,15380170461.209826,35949168078.19409,11129572965.543365,463904762.11966276,5971955747.140984,5158364565.2948,158568920.21083832,85602969464.11133,315823838388.2141,48799264710.697174
2018-08-09,237925757895.40863,778688712103.8052,324498727832.7942,46299321327.55775,3973837882.041931,43639114676.33057,15775421044.067383,343617385.6300049,78142424114.2273,262119465726.83347,166959721059.88336,283898251390.2528,16755456939.697266,452816727058.41064,20142104507.61087,15188769226.703684,36034806422.74489,11096469764.658737,410258584.1704409,5731784080.554508,5250024854.7052,160614679.38423157,84063715112.30469,311748350099.7009,48592100248.249054
2018-08-10,237217070022.85004,773931471113.7346,321305870837.40234,46001311431.30939,3834440689.086914,43226698495.46814,15617829837.036133,339558393.1040039,79169586284.63745,258718486969.55966,167021279752.3407,282924536530.55774,16763300683.59375,452361179924.0112,19878977206.382732,15141982077.401766,35561700526.635315,11004940559.365082,410258584.1704409,5801064572.287602,5331745660.393066,162579976.94778442,81941738854.98047,308716615629.0283,48550658864.63928
2018-08-13,238748752640.92255,768322413991.1493,316197425427.2461,46242740938.31561,3854458297.729492,43093131680.259705,15411921546.264648,337159140.71099854,78695507114.4104,252829152124.8032,167205822955.5693,281777623109.8566,16799584570.3125,447462549316.40625,19629013663.256718,14737913369.765102,35645306566.35507,11045835221.883774,405962686.7873318,5316102892.043238,5234564184.508667,161798454.78916168,82267263092.04102,306902510168.9148,48996070006.565094
2018-08-14,239754686287.3993,777907627132.294,318307452577.9724,46814617780.11171,3934371307.373047,43421005013.031006,15239428696.044922,338243735.28900146,79757771484.375,255400589947.90207,166775120910.59326,280219695708.5881,16862361712.646484,446038765686.03516,19471138388.021248,14435926270.083902,35808442206.651535,11115940673.752213,405962686.7873318,5339196389.287602,5382545546.959534,163372996.75369263,82632999572.7539,306778261378.1128,50083730607.307434
2018-08-15,240314778910.05707,767358855495.0973,315669898986.05347,45911564254.21358,3899004043.5791016,42526451681.71692,14738657004.394531,336058122.0,79204694103.24097,251833714434.43796,168805703570.7637,282232069771.40436,16943755737.304688,438235547950.7446,17971333637.36008,13525701142.591047,36124542499.504486,11219154858.642197,399518840.7126682,4941989470.005635,5005966169.4104,161557102.84137726,79228979803.4668,302802185831.192,49327549185.26459
2018-08-16,243835390062.72888,767216164592.1301,318640592692.5659,46006673637.22178,3874323410.0341797,42244828025.71106,14559842453.735352,341086664.94799805,86596671157.83691,254819894148.01263,171656708138.64282,286668057023.4531,17141857855.22461,444273168754.57764,18116053445.754044,13440636188.093527,36464879032.973465,11334055129.555893,423146301.92533636,4918895972.7612705,5032470055.098267,162131755.03349304,79518341998.29102,305063591507.843,49482922532.10068
2018-08-17,248704744932.51038,766788501410.2151,318640592692.5659,45901811067.74836,3684399658.203125,41961484044.20471,14304264028.625488,342039791.2369995,85903095073.69995,254985829006.35184,171656708138.64282,290974073717.4318,17179120623.779297,445753911071.77734,18379176601.35187,13636289042.520794,36813460714.68013,11460637060.783768,423146301.92533636,4969701754.793238,5148425502.843933,160361829.78916168,79321377081.29883,306355797210.7849,49647154947.62421
2018-08-20,246281472390.32745,761727976434.5018,318224121691.1316,45767439620.49197,3729849945.0683594,42172008877.326965,14798713158.569336,342565664.3930054,84278981986.99951,256064176972.66336,171554186245.96252,296188983734.506,17093803820.800781,448886608257.2937,18576519658.98863,13563981999.918682,37409545894.97763,11447004768.992615,418850404.54222727,5168304773.962398,5246711553.040466,161959356.08768463,80173414331.05469,306330915465.07263,50431725014.694214
2018-08-21,245801379838.974,755384344905.3333,320167591886.90186,45931074348.31397,3812319442.7490234,42015323860.79407,15263359863.40332,342614961.8670044,84349220100.40283,257308383593.01636,172087486111.7008,292878295901.69037,16930026013.183594,449000464450.8362,18839641432.70969,13589501893.218876,37170297008.20926,11411946510.921478,418850404.54222727,5232966478.152254,5272111706.959534,162131755.03349304,80575306268.31055,304591409545.59326,51446418589.63394
2018-08-22,245812803156.38733,763082106668.237,319195869891.3574,46454910885.926186,3955288818.359375,42165106336.73859,15553257198.242188,340708709.28900146,83989269435.88257,256976628182.78458,171041348998.3152,291277079094.0725,16839796673.583984,455436887832.6416,19115925582.6561,13746875925.073196,36999086564.20111,11388584296.720505,418850404.54222727,5371527021.146619,5022530992.6474,162694909.57832336,80703911688.23242,307498918073.7152,51237211541.0614
2018-08-23,246315779191.97845,766645986018.8136,318529537252.8076,46406133790.09022,4015787246.7041016,42144741187.179565,15315289101.31836,340560816.8670044,83559114372.25342,255815312787.30347,170733745356.23337,292358986767.93414,16831952929.6875,450424523391.72363,18655455223.791206,13466153029.261688,37215663067.73799,11382743466.563416,431738096.69155455,5422332362.706762,5209164030.5896,162959245.8600998,80193507281.49414,303821080751.57166,51247674487.99896
2018-08-24,247081657350.42572,772633212061.7681,318390757260.13184,46466859562.667816,4096752944.946289,42682791571.2204,16202588850.219727,341776854.6589966,83357176986.69434,256230035626.70483,170979904197.9808,294176589203.88525,16936890875.24414,453500292480.46875,19036990017.853523,13623528078.493353,37316741250.85382,11411946510.921478,429590148.0,5440807072.407889,5035782935.491333,172015731.08768463,81576015545.6543,305262371294.52515,51477807430.446625
2018-08-27,249116279154.67834,781186241684.6466,324026676702.1179,47010448070.427826,4152135787.963867,43356463603.70636,16462682898.68164,345934442.1329956,82997226322.17407,259713848455.62717,171144041729.17993,293893396661.92365,16815279309.082031,457943039463.0432,19379041828.870087,13717100342.3425,37141421245.1559,11367159436.867905,423146301.92533636,5486994066.896619,4966209919.606934,168866647.15862274,83830627667.23633,314283066558.9142,52084530986.02295
2018-08-28,251127962200.57678,785890595189.5667,322444202197.2656,47135795680.531166,4129260177.6123047,42997194330.55115,16639239207.03125,346361720.3410034,84340431907.65381,259382169249.69315,171226006093.66675,292586465946.2633,16727020422.363281,457259504631.0425,19286949415.34923,13542714743.916958,37630260350.95862,11503481248.35205,420998353.2337818,5445425859.951127,5014800657.549133,169912516.55960083,83067056036.37695,313289076232.49817,51948536262.27951
2018-08-29,254877187099.15924,798434991833.3708,321389201724.24316,48727782891.65781,4193405761.71875,43645672089.88953,16618920193.847656,347183378.3410034,83962955429.07715,258303764130.1583,171246506675.7987,293762771134.1122,16833624279.785156,460563077877.0447,19300113173.45135,13500181249.290854,37448741697.23122,11396371332.645035,423146301.92533636,5634791744.505635,5011487777.156067,169866536.9310379,83119273999.02344,316792969817.1692,52241456320.93048
2018-08-30,257220385871.21582,797936187963.4657,319806648605.3467,48832161709.03642,4183166183.4716797,43293305357.32269,16751675903.076172,344685531.0,84366774009.70459,257225435214.9212,171082407108.6406,293958729893.6338,16863242706.298828,458569523838.0432,18615988823.266685,13206700441.583937,37426055118.62256,11376895997.842026,416702455.8506727,5625554609.890984,5008174475.491333,169153978.7349701,82468212353.51562,311276190985.7025,51875323937.45041
2018-08-31,260192364568.0542,800644682446.357,318113092456.0547,49084077472.98999,4226382080.078125,42511951036.83472,16602664638.793945,342992917.526001,84156087764.73999,256561848190.1599,170138924762.0787,293392447148.7326,16791182501.220703,456632989665.9851,18484427245.467773,13198195166.986998,37751938392.23959,11449218730.186844,423146301.92533636,5593223537.560143,5132964832.6474,171245695.61576843,82407946673.58398,308343846408.371,51435960359.98535
2018-09-04,261026782630.98145,796225710747.3716,319695671779.63257,49737652601.25837,4271857009.8876953,41804804337.31842,16418430995.605469,345178530.81500244,83226492313.48196,258303764130.1583,169626163442.51337,291279555698.40735,16784272320.55664,457316555088.0432,17734524179.198803,12798374009.762083,37504439625.44115,11410128650.730515,418850404.54222727,5219110555.994365,5266839666.6610565,169809070.61576843,80169397058.10547,303199791101.05896,51048911517.2081
2018-09-05,259323676552.88696,773274472819.2195,318140869418.33496,48647792622.197174,4192352493.286133,41383409544.044495,15406051149.780273,348810245.1329956,84326175481.1901,258635576693.61337,170836305212.95465,295941016283.95197,16941223333.740234,463410951038.3606,17984491867.955128,12815391680.59737,37624068800.61772,11460957924.72496,410258584.1704409,5172923561.505635,5210089997.3389435,166464614.36748505,78417154797.36328,299372846090.65247,50264355602.005005
2018-09-06,255014322182.23572,775056617258.0012,316780427178.9551,47757420843.5228,4106523437.5,40861933221.88568,15644470550.65918,349829118.1040039,84177808190.04752,257135266479.61472,169523565621.7511,298141059645.4996,17158393707.27539,458284791584.0149,17852927526.40267,12862175777.767256,38059265942.003494,11492233307.572174,405962686.7873318,5002032386.652254,4751724241.275787,166430132.38620758,74128953009.0332,298677002596.0083,50149272620.269775
2018-09-07,252956945866.68396,771279081828.0328,317391205892.94434,47605247319.17766,4093573715.209961,40641054577.88086,15744715149.780273,351735345.6069946,83636664191.74725,257218614930.27304,168005763263.1665,299121344670.41364,16988606652.832031,466087978729.24805,17339840827.67883,12815391680.59737,37475559130.5954,11365166761.15036,412406532.86199546,5011269961.7387295,4742993266.724213,166119827.43644714,72690183166.5039,296465360410.78186,50170203231.43387
2018-09-10,249561991205.55878,779618104348.3882,315697649743.65234,47286752382.29938,4136789611.8164062,40553734784.61456,15732523052.856445,353493705.7630005,84570540208.26208,256885221127.63977,168969803137.9218,298881707616.2588,16981701910.40039,465404596847.5342,17366153143.23861,12649509322.014078,37558050833.207565,11406221855.639648,393074994.63800454,5025125883.896619,4797560608.724213,168682761.5261078,74619271051.02539,296167122186.00464,50661862674.43085
2018-09-11,255871605304.69513,792875604483.8972,317696595249.93896,48460744292.98671,4107728042.602539,41069001475.06714,16072089660.766602,353477281.6300049,84343632099.59448,257135266479.61472,168210901958.62952,301713407890.02655,16993542755.126953,471954631702.4231,17155651855.00681,12602723190.089504,38013899882.47476,11339755443.435287,378039328.19155455,5103643510.244365,4881594365.362106,169866536.9310379,73694903131.10352,298006017998.8251,50745552098.06442
2018-09-12,252693951620.3003,796225710747.3716,313948565874.4812,48530248305.5,4038462524.4140625,40434331451.72882,16705165757.69043,352639174.4219971,83758860520.57797,253634555347.66748,170467104914.37445,303564966413.5112,17028095471.191406,473492455066.6809,17931867236.83556,12889046748.180456,38145914524.229324,11359301589.590836,380187276.8831091,5279153472.640984,4829209767.0,171119276.29852295,70479774218.75,297981227646.11816,51226743876.83487
2018-09-13,258797835457.76367,804778857377.9606,315170097097.7783,48527077868.69406,4085743927.001953,40798084721.44318,16623886259.887695,353132174.2369995,83017029650.98297,251217412176.42728,171164485365.2504,304719391518.43463,17235391827.39258,468878893203.73535,17866085756.99772,12914691778.893978,38205714916.440445,11365166761.15036,375891379.5,5311484104.5,4829209767.0,169740117.61379242,73144339166.25977,303075565158.5083,51279044459.65576
2018-09-14,255860218836.6928,808057588938.0237,315114621787.26196,48047139973.10023,4162386093.1396484,40654509222.38159,16461780290.771484,355564274.8959961,82554459986.91507,253134521796.94086,171492627553.5052,303848220358.8861,17141614947.509766,472296475593.5669,18010802801.63814,12983068692.81571,37642624524.470856,11271336186.899185,401666789.4042227,5426951150.25,4641497977.29895,171395110.22758484,74088760522.46094,303870752849.99084,50180661461.08246
2018-09-17,249047647126.67084,799290610716.4772,316058593025.2075,46531239524.14616,4124743560.7910156,40028119592.926025,15820124251.098633,355432806.6069946,82755191547.15292,252384347638.8671,172805272234.60626,304871958532.58484,17162345489.501953,475087390068.0542,18050271965.9162,13094178507.322996,37840638206.46602,11371034145.564651,393074994.63800454,5353052311.445492,4486526925.850525,169062030.43842316,73582373388.67188,304367770861.4502,49835459688.76648
2018-09-18,249459199773.5443,806916997775.9697,317335730582.428,47336500703.49491,4080925506.591797,40279366760.69641,16601309004.394531,358735887.81500244,83287593270.95627,251800851331.03552,172292605825.14337,306135333760.4384,17120884405.517578,476340358818.0542,18431803996.224976,13183926449.735554,37419870665.970245,11242016967.665863,410258584.1704409,5510087564.140984,4537820360.551575,172349031.332016,74980977087.40234,310704596281.86035,49615780258.67844
2018-09-19,249607739749.3286,796154219036.2498,326553174854.27856,46979718648.897964,4095380767.8222656,40526475058.93707,16570151806.152344,363090665.18499756,83121763775.29141,258385531341.63843,172292605825.14337,305961070873.6025,16699372448.730469,482036349861.145,18813330499.026676,13470255094.713226,37087776914.84276,11073904178.173828,405962686.7873318,5708690583.310143,4571651846.149475,169878034.57832336,75977669091.79688,311425298673.96545,49165963168.85376
2018-09-20,251505189621.09375,809482918363.6044,329357206787.1094,47415757902.47342,4009552581.7871094,41123534200.538635,16497903555.05371,364290278.84399414,83566871234.83704,259969132853.07208,175082070682.5856,309272086191.2889,16709250091.552734,483118473140.71655,18931735228.107315,13461706072.89049,37149661661.6012,11195100020.8992,414554481.55355,5833395204.146619,4589113378.936844,169694148.9458084,76958285418.70117,310505816495.1782,49689002018.08548
2018-09-21,248796205170.63904,814400986451.7714,327191730530.5481,46701464443.96736,3966939712.524414,40452272747.612,16309606453.735352,362384051.3410034,83697787493.69312,258635557642.53894,176025553029.1475,311232574369.8993,16856336151.123047,485111965999.6033,19221170699.264927,13487346016.71729,37225980741.04202,11140367271.096039,408110635.47888637,6253695180.201127,4443964465.70105,170234319.15664673,75728479626.46484,309934221791.33606,49856376148.06366
2018-09-24,252373896060.9665,817323429533.3307,324054558483.1238,47173353448.93767,4000819412.2314453,40709047257.499695,16689812810.546875,358456527.1040039,82842480225.29276,256218433522.37317,172846368308.97263,305982889553.11475,16663839038.085938,493256905265.8081,18734390788.59379,13286490294.552135,36440124661.09085,10972252268.749237,403814738.0957773,6364543438.407889,4405767076.511581,169383833.03546906,76950237701.41602,308144975228.6835,50180661461.08246
2018-09-25,253974192282.341,815755116685.5065,323138180774.6887,48153468683.537895,4041625228.881836,41203603671.36383,16681685894.28711,358325058.81500244,82999589790.93225,255634918163.4672,170487567532.46545,301996579964.1838,16470359417.72461,492687379577.6367,19063299569.659767,13354867208.473867,36506133164.91623,11036759198.057556,423146301.92533636,6452298639.842111,4374118334.551575,168728730.1940918,76443850567.62695,310331849909.45435,50410803838.10806
2018-09-26,251950956946.0907,812405244437.4531,319334702293.396,48160784503.6793,4019188842.7734375,41209468176.04065,17063246162.963867,355137021.7630005,82554459986.91507,251134044674.69452,170774708556.4563,300951064046.58167,16233446447.753906,488586476486.20605,18418647147.5067,12765117979.137114,36159612178.79494,10911657666.668701,412406532.86199546,6249076392.657889,4542185431.511581,162522510.63251495,75877197753.90625,310977975609.17664,49741302600.90637
2018-09-27,257129017756.6147,815470202910.4141,317946509296.41724,49090663943.81923,4026417922.973633,41668481815.52124,17191035806.152344,356106572.18499756,82152985694.20358,249550443163.26086,169954324612.78864,301081750977.8064,16345981604.003906,488529487209.32007,18247617787.306496,12812125899.322708,36192616430.70763,10970298317.990112,408110635.47888637,6373781013.494365,4537820360.551575,161522620.8600998,75853067773.4375,314073091129.0741,49825001459.11789
2018-09-28,258032030998.13843,815185055119.9005,313282259440.6128,48847280822.58399,4231502014.1601562,41658818258.69751,16893914162.963867,351850389.7630005,81960979650.10898,245549641327.36368,170713244774.1014,300972759919.26733,16544393701.171875,484257555107.1167,18313395121.51403,12906144791.82593,36456633884.73578,11164789442.730331,412406532.86199546,6443061064.755635,4463608742.126312,161614569.15664673,75563718750.0,313417734735.8093,49312416122.24579
2018-10-01,1075689594470.2911,834530975646.9727,311408146485.13794,50209219161.987305,4357082168.579102,41709518266.02554,17237547120.365143,352951408.473999,82388641663.486,251649974543.7622,180175014131.9275,309370088928.22266,16560500889.587402,260317094821.92993,18135877258.30078,13009184484.481812,36433928378.957565,11152449618.47644,448746976.2942921,6532929841.041565,4369752847.275787,157459089.60914612,76391619433.59375,314602416567.9321,48705683132.09152
2018-10-02,1085250883356.4186,831210553237.915,312697712197.876,49381314674.37744,4313716384.887695,41678804129.776,17043673483.203888,353789490.6069946,83043211785.53061,251055910959.62524,181660821379.8523,311119705151.3672,16793548081.970215,262288968521.11816,18387392881.393433,13360668039.3219,36312240874.09181,11193824980.299545,441771641.1564964,6472739788.05542,4362113452.70105,152866957.33451843,76423777374.26758,316845566491.76025,49427480234.825134
2018-10-03,1098457118461.7615,831354826690.6738,315633463689.4226,48916638244.62891,4317480667.114258,41813052701.625824,17039606722.488403,355613572.3699951,82100627011.2262,254620583453.36914,178796802159.11865,307908461416.626,16684465649.414062,261348528678.89404,18466819965.36255,13064906167.984009,35703774959.00871,11183972698.604622,441771641.1564964,6523670070.648193,4431959583.850525,154009219.07043457,77086884252.92969,309258987419.4031,48841673138.54599
2018-10-04,1079144946111.8126,814174732086.1816,318479225003.8147,47830971336.364746,4205451812.7441406,40623755363.77716,16434035193.531036,359836906.526001,82222806581.70325,258270108316.80298,176406528980.25513,308617060565.18555,16784626334.381104,259619381717.6819,18043210241.31775,13017758150.100708,34874599319.737015,11140624436.534569,434796306.0187007,6356989788.05542,4337012525.3389435,151955460.88027954,75338652679.44336,307948388874.13025,45253608801.46408
2018-10-05,1061631900416.4314,809410508651.7334,316683305928.8025,47335731582.6416,4063458587.6464844,40304852948.158264,15878173306.468964,360642140.3930054,81437336959.15622,256572672937.77466,176901837920.37964,308063495443.7256,17094035600.280762,258891234088.8977,17566649127.960205,13107771434.783936,35328380575.730255,11243085277.906906,434796306.0187007,6324579929.351807,4376300661.873688,151378558.6795807,73863707623.29102,306234472996.1548,45985868851.135254
2018-10-08,1059170680504.2267,800170964187.6221,318617356688.6902,46703721336.364746,4001872970.5810547,39893808123.79074,15776492221.042633,364914746.94799805,82641737492.81912,256912121215.05737,177440153084.5642,308705752514.64844,17188248453.52173,261287789970.39795,17593120651.245117,13082053499.221802,36077101549.013214,11444068936.228477,432471194.30610216,6468110123.634338,4317368248.913681,150963187.7746582,73015700817.8711,306788977207.99255,45128081741.947174
2018-10-09,1073843851201.2482,810348789718.6279,316407042559.0515,46851515419.00635,3998409622.192383,39522798667.6178,16075210362.838745,367708379.1329956,84727627429.43002,254450839915.4663,177009453124.23706,308284809118.65234,17228905325.317383,262440668659.2102,17447507806.777954,12906309680.93872,36116287887.68202,11540613298.594482,432471194.30610216,6565340141.296387,4352291314.488419,150813199.1443634,73526124981.68945,302252137028.3661,44458580504.74548
2018-10-10,1024096522882.4998,766316117187.5,307980181095.1233,43969010971.069336,3699515060.4248047,37693291190.60135,14727588608.203888,350190649.6300049,83575596750.98029,248170193218.2312,175372904875.94604,305029323458.8623,17131713092.803955,256403651607.51343,16904755371.09375,13099197769.16504,35604759837.37445,11292347797.24878,404569826.03740144,6079190052.986145,4250796025.063156,146209535.2077484,69093261853.02734,296858441726.88293,43653103412.95624
2018-10-11,1015056409272.1177,764511425155.6396,298752083348.84644,43069969161.987305,3540507186.8896484,37644277068.0809,14511119365.829468,337192014.05200195,81969733096.84167,240701341755.67627,169838613658.90503,296414113787.8418,16768755130.004883,247545461662.29248,17513697738.64746,14025058755.874634,35146859556.10666,11026347300.15841,413870272.8877957,5931030194.282532,4154757386.5747375,146301843.52111816,69036987103.27148,294262354864.563,43454345159.454346
2018-10-12,1051313225062.3894,790931241973.877,295491849290.4663,44804678604.12598,3712314315.7958984,38672753287.64343,15345362143.241882,339837753.81500244,82746471617.12756,241550020646.66748,170247770649.71924,296480622344.9707,16795533120.72754,246878003864.28833,16929018848.41919,13733584737.77771,35307749960.91458,11004667614.787102,420845608.0255914,6106969805.717468,4211507472.212631,146855660.39085388,70041707067.8711,294287579334.0454,44489969345.55817
2018-10-15,1028830207380.867,776710678771.9727,293806508073.4253,44111797805.78613,3544270309.448242,38048079420.0058,15054777522.87674,336929077.473999,81882422074.23029,236966828727.72217,172551891879.27246,296657777334.5947,16823301809.692383,245179144794.4641,17048609287.261963,13999339799.880981,35274757538.482864,11067722661.981514,437121417.7312993,6093079929.351807,4171127755.70105,147697933.86268616,69667962384.0332,291439453411.1633,44249368738.88397
2018-10-16,1051502514457.6646,801253637207.0312,300105898163.60474,45589998550.41504,3701623626.7089844,39105538803.66516,15654473884.170532,344816999.28900146,83619218745.57864,242144123029.3274,174446895975.4944,302438132592.77344,16986923637.390137,246331925727.84424,16849285863.876343,13840744333.267212,35907984923.13716,11339637416.343704,448746976.2942921,5963440052.986145,4128565295.5515747,151320867.35916138,73031796252.4414,297513706727.14233,45389603525.20752
2018-10-17,1046958577128.2006,799160279769.8975,303449104460.14404,44782926263.027405,3659913558.959961,38916063724.57504,16481486481.658936,345950891.3410034,84273788867.62326,245284514275.3601,176277330949.40186,308860744921.875,16940322576.141357,247242061386.1084,16477224557.876587,13763585424.423218,35631584368.427216,11436185111.311478,448746976.2942921,5838429841.041565,4134021946.4884186,150617050.8556366,74354019079.58984,296732410772.4762,45504662920.497894
2018-10-18,1022487524874.8589,783207487136.8408,298641609076.6907,43291327970.66611,3606759017.944336,37891737059.42154,15668484297.19925,342960044.18499756,83933426704.62186,239767713498.68774,174315625355.5298,308949228771.97266,17014695968.62793,248303848304.74854,16131733497.619629,13814353758.519829,35705840386.386475,11410567401.517067,444096752.86909497,5681010211.94458,4023795682.5115814,147997922.12677002,70909806823.73047,294060741894.71436,45358214684.39484
2018-10-19,1038059991864.5477,775294519877.024,298144267680.3589,43127766412.69772,3450762222.290039,38142637756.14548,15033988600.67749,344816999.28900146,84788728386.90433,240361777082.8247,189652924280.5481,307952703341.6748,17202129155.7312,248667840656.28052,15972275871.276855,13737535344.786713,36048228151.85605,11526822992.476456,451072115.7244086,5643969805.717468,3944127413.149475,145932621.27113342,70636520306.39648,293178570910.3699,45159456430.892944
2018-10-22,1044402598074.9512,782215368516.7645,293861797002.4109,43745576513.3634,3481629974.3652344,38356274764.01138,14892538077.80075,338835330.05200195,84779997284.64319,232383772603.60718,188132241735.0769,307133270471.1914,17122794987.487793,246180290760.04028,15945701454.162598,13643648655.925423,35452135873.869965,11371158274.737373,446421864.58169353,5575205701.487465,4087093999.063156,147201808.31336975,70865603649.90234,295144548697.1588,45107155848.07205
2018-10-23,1054247859201.7937,771298636665.0697,290794983557.89185,43241939423.408936,3328645416.2597656,38478449008.636475,15056134259.07135,335236464.0,85356015416.927,229328253126.52588,189348811685.9436,307686939642.334,16921479277.038574,242206174007.41577,15427466949.46289,13831424065.585518,35619210731.3302,11520913178.67366,434796306.0187007,5274966954.940634,4091459486.3389435,146382609.16900635,69507212194.82422,297337295378.5248,44741032899.16992
2018-10-24,1018085344778.9382,730058287376.4806,285379646609.4971,40687079088.21585,3002646804.8095703,36483965549.194336,13640271432.142258,328350965.94799805,85146563926.66379,222283779907.9895,194345425458.5266,304453512515.2588,17414353473.66333,235471541606.90308,14218248933.792114,13554024971.971146,35891466235.907455,11782971207.871902,432471194.30610216,5007061489.881268,4092550650.0,139898250.0,63563222210.69336,288767807381.65283,43694941048.83957
2018-10-25,1040379378247.6044,772725980438.2157,289717406216.43066,43571259824.21121,3129582901.0009766,38087764345.98541,14139190049.516678,331916958.6589966,86560427122.82568,225678728263.09204,193346138575.74463,306668251629.6387,17176347326.660156,237564729797.36328,14949096851.348877,12632215182.830086,37296113001.93434,12029010211.113098,430146082.5935036,5145633388.482852,4122017064.6378937,142205847.79930115,67935806488.03711,294035585969.98596,44144753421.375275
2018-10-26,242914690525.60425,763164967485.4441,285738908113.8611,40164129020.75928,2985782333.3740234,37403034771.19064,13549887287.355423,326181801.8670044,86350970046.44458,216128087296.63232,190869494231.4148,298272384555.04913,16848096582.79419,235198461807.25098,15281296531.677246,12802925365.26828,37077463973.331116,11927173314.091187,425495859.16830647,5067109327.292218,4212598635.8736877,141328957.33451843,66798450659.17969,295648603970.03174,44343516392.16614
2018-10-29,238355094089.14185,740974784968.5704,289689774700.1648,37623202232.20911,2873151898.384094,35711227190.86838,12872460458.108902,328728921.6069946,87101559948.89017,217929875063.94238,191695042346.1914,299535393360.41205,17134694293.21289,233742362060.54688,14736486219.406128,13127263231.453888,37304355784.27583,12240673662.992676,418520496.3129928,4803822587.796831,4250796025.063156,140428992.54226685,65657057800.29297,290632910138.7634,44584107564.26239
2018-10-30,239545534699.17297,740118741807.0706,294801164969.635,37416370203.68887,3142170310.020447,36221322383.40378,12916296656.274796,334168318.6300049,89388181445.73892,219322070314.1985,193758842882.53784,306503784834.0509,17211056366.729736,238990492774.96338,15161700531.00586,13229687105.785538,38725499944.466675,12260644993.133057,427820970.88090503,4997823157.737465,4398127681.936844,143117355.2570343,67815235614.01367,292976935092.2699,44531811698.73047
2018-10-31,245789690946.59424,762094635350.2883,301211132917.78564,39068836608.05438,3263368308.544159,37638754948.329926,13638011354.44069,337339906.473999,87887006368.63708,225218716263.63477,192650864643.85986,304848910793.66974,17106929246.520996,241720867164.61182,15385415243.372986,13195542427.779129,37853004745.87445,12078475841.047607,430146082.5935036,5085585551.071901,4350973104.391319,145344187.40844727,69270087719.72656,295018517742.7521,45169924095.11948
2018-11-01,249563124473.5794,755744501673.1815,301100606852.72217,40719594427.58389,3376053273.677826,37479996660.354614,14343005615.056992,338293032.7630005,88149957868.57605,227757605833.6062,194627815724.94507,306656307598.4928,16905611714.935303,244724142135.62012,16217419502.56305,13682054306.901329,37465231993.70659,12262852646.932678,439446529.44389784,5085585551.071901,4418233527.88044,144951890.83099365,70620457800.29297,296656737364.02893,45870800021.26694
2018-11-02,233009425254.48608,757456880820.6875,299442819462.58545,40719594427.58389,3326676785.9458923,36979907655.002594,13968816221.042633,339459798.15600586,88816025753.02124,228412755438.48584,195105766731.2622,306351466688.28955,16675534796.142578,248607118240.35645,16164589228.958923,13835691134.367561,37211536944.77486,12076473079.13556,441771641.1564964,5030156879.732852,4402796792.11956,146221077.87322998,70327058575.43945,291011003001.98364,45734805297.5235
2018-11-05,226394661504.11224,767089284388.0769,301404501738.739,39797156334.477234,3277918696.4035034,36435992133.85773,14255333218.725204,355350660.8670044,90191932546.6156,229805006846.02686,198125469280.24292,309661480773.33655,16929415789.794922,247666759860.99243,16138175474.06305,13822887896.083916,37776704593.60318,12318968256.976501,446421864.58169353,5094823442.707782,4442491495.858681,146117226.89437866,69471023809.81445,290884972047.5769,45316372331.222534
2018-11-06,228842901221.6339,768587550256.6307,302813631378.93677,40164129020.75928,3266929388.0462646,36913647527.721405,14047450030.50232,359080970.1329956,90560062402.72522,231033559768.04907,198798841525.26855,310467228213.3946,17003792824.554443,248728546779.63257,16111765864.885742,13788747281.952538,37875705519.860275,12336998743.082947,444096752.86909497,5131775890.267148,4449106999.402199,145759558.31336975,71307674902.34375,296354317909.256,45138539971.595764
2018-11-07,235783324571.38824,798840128468.3147,308007864404.2969,42918975853.52487,3309186100.959778,38248250951.24817,14800347250.0,363567240.8670044,91427730550.76599,233736185261.72925,198320910447.69287,315214442986.5109,17210067489.624023,251883505596.1609,16283446980.27179,13869832764.467697,38626489554.6248,12483293802.369446,448746976.2942921,5288824012.648416,4485493951.36956,149832468.70422363,71303670800.78125,300714723892.01355,46592597124.00055
2018-11-08,234960649409.99603,797341921164.6621,310494441903.6865,42904796091.599915,3188451230.5259705,37778533604.52652,14367408765.25116,365506341.71099854,91918540441.51306,236438810755.40942,198473106246.1853,316412117047.1914,17251720523.07129,247879166122.43652,15755193992.853333,13835691134.367561,38630613311.69174,12521369920.070007,451072115.7244086,4845394201.428099,4560472742.7391205,148274836.063385,70327058575.43945,295623402348.80066,46728582413.166046
2018-11-09,230430270015.96832,781787434783.3665,307482865595.24536,41866226457.129425,3107095003.1280518,37170763264.03046,13714385948.165894,360921501.1040039,92514483812.33215,233572355742.54565,200754110135.65063,316499386914.42303,17509562488.55591,247817792003.6316,14989226884.715332,13664988063.71067,38919375674.01773,12577488907.452637,436397854.43278456,4863870425.207782,4459030675.336979,148009464.7922516,70532018524.16992,295497394242.64526,47011025373.01254
2018-11-12,218822487495.1706,762522803343.2914,301017712303.92456,40018414340.20447,2863416066.169739,36216145396.13724,13289581846.81511,354003129.71099854,91033342567.44385,227266210871.53027,201384037724.3042,317109027811.09344,17700960289.764404,244630899745.94116,14738305886.547852,13455870198.359055,38760557794.27615,12603539447.444092,431730502.1639228,4503583841.25,4396180867.956539,146059546.5774536,67919711053.4668,291288243683.77686,46592597124.00055
2018-11-13,216636223637.6953,763022361950.9122,302785922173.3093,39879548921.13196,3011013441.0858154,36168174635.66589,13304495601.350784,358111419.71099854,90218286035.53772,227348088192.93213,203056876210.7849,315062042993.27734,17717816728.97339,239023045333.8623,14857163637.860718,13404658261.19323,38954452450.996765,12593524512.104248,422395769.8065853,4355774051.012535,4330023308.80434,145274953.4225464,68679304925.53711,290128832017.63916,46226460023.23151
2018-11-14,210516864348.48022,752201793667.0619,296541872805.0232,39093286531.66821,2978985962.867737,36396299243.28232,12957873638.706207,355005553.473999,88982532907.48596,222843731089.2268,203100261080.93262,314125707911.32666,17535346138.763428,237153700790.40527,15240147882.882812,13827154964.86596,38653292792.61182,12659649428.589905,420062093.6721544,4420440613.987465,4215349813.6956596,144744210.88027954,69418766333.00781,294590044485.32104,46508907700.366974
2018-11-15,215712121531.59332,768754928744.3893,304112105471.80176,39592767806.10455,3057543730.735779,36964721825.68741,13108362748.455048,357224040.1040039,87238456991.19568,228494670198.07764,203838899954.22363,314670054987.0508,17769382208.251953,239605276687.62207,15794811861.384766,14023469591.93393,38032006086.05095,12561452177.021423,429396826.0294919,4485107617.470317,4187784093.9456596,147017191.68663025,71050457476.80664,294892486788.34534,45577889397.19391
2018-11-16,218101221176.23138,775992496370.0634,303891131031.0364,38956375912.713745,2484075050.354004,36868780304.74472,12934373830.018997,358916653.5780029,85617089157.10449,227266210871.53027,203817177626.0376,317914857098.62366,17889382353.97339,241964799552.91748,15794811861.384766,14219779139.158112,38584511458.44653,12783910729.505066,429396826.0294919,4494345509.106197,4084137139.1086807,146624906.1126709,67915720123.291016,294791703151.67236,46205543563.934326
2018-11-19,209457465975.2426,749693634641.4373,306211971225.7385,36973119276.92285,2186009988.78479,35458935344.745636,12228927898.649216,358144293.05200195,84819539913.17749,227266210871.53027,202665814517.2119,321703842590.9762,18050037550.354004,242761604080.2002,15200528632.44519,13993592998.678322,38949361042.38629,12819978456.395569,415394741.40329266,4503583841.25,3926461188.4891205,143590406.47888184,65745483905.0293,295245286637.3291,47565448345.767975
2018-11-20,199450031566.8869,728841015904.1008,299636240076.44653,36561652504.747894,2252179284.095764,35563513142.39502,12065333441.31279,346263125.3930054,82523342136.38306,224236057373.1477,200080658175.65918,318916486001.5207,17728725336.4563,235866636478.42407,14368525755.161316,14040537867.062103,38188379995.02365,12797933440.22821,408393713.0,4143297257.292218,4033416315.7173615,141940476.52816772,64837218005.37109,295623402348.80066,45651120591.178894
2018-11-21,199224622265.52582,738873242052.2906,297398294430.542,37081670372.027405,2186161241.531372,36011487142.5972,11846152450.483322,346509612.7630005,82532098585.12878,223335107332.20776,198581618243.4082,309204096636.82336,17471879532.62329,237674720951.08032,15068459857.96582,14335006251.773407,38157112310.917694,12743822843.65564,420062093.6721544,4277249989.8219013,4123831842.847801,144432679.9507141,65874102496.33789,300563491316.37573,46278765323.34137
2018-11-23,194164570838.26447,738586683990.4983,294663007388.30566,36723009316.78162,2190542044.6395874,35551436160.30502,11696567544.208527,340281456.15600586,83347188774.10889,220878188679.11304,198863988581.0852,309726774594.2829,17585920919.799805,231331354667.66357,14223258394.671143,13852760425.464493,38034095172.390656,12705745600.175476,399059008.46227646,4161773481.0719013,3987105687.81522,143475034.84153748,65773617987.06055,301722902982.5134,47251625979.68674
2018-11-26,196790375592.49115,762950619946.887,301874211618.80493,38661036951.36804,2312154924.8695374,36443239916.03088,11814518258.398056,346131657.1040039,83390993455.88684,225710167382.9956,199733041138.45825,309814474160.7436,17556169013.21411,235897331684.11255,14645860508.22467,13857029526.184052,37679664995.29129,12631596126.686401,403726360.7311382,4249535433.8984156,4068700403.347801,145471101.7112732,67288748944.0918,305654767163.08594,48297717830.01709
2018-11-27,196362202912.9944,767751770550.9617,303145131884.7656,38663237966.76813,2322428040.5044556,36316918771.86203,12049516345.270157,349253947.473999,83294605205.53589,227184333550.12842,201427522238.15918,313868829619.8317,17652365084.075928,236111855979.91943,14843952614.694214,13639379555.205864,37888161963.3241,12761862335.998901,410727389.1344309,4207963820.267148,4096266123.097801,144548062.59155273,67280727569.58008,304974277693.3441,47952506623.12317
2018-11-28,203912799031.86035,796271998983.8151,306515943801.11694,41018354289.13617,2418207387.9241943,37680513324.08142,12773490259.170532,357421230.0,84377521179.099,232835310097.1692,202057489684.29565,320925432206.6325,17657324038.69629,240401950874.3286,15808021502.64508,13950914183.107826,38423971206.27539,12753841156.33429,415394741.40329266,4429678946.131268,4186681650.228241,147063351.34506226,70053785229.49219,306436108814.25476,48088496629.57764
2018-11-29,202346356446.35773,789607606046.627,304084551644.89746,40916160024.94983,2379645209.312439,37776805287.239075,13049161125.0,357749888.18499756,84230326463.6998,229641214765.0332,201644785377.50244,319632446764.5769,17675284086.608887,242271262832.6416,15609922486.644592,13801551536.20494,38486518403.96828,12797933440.22821,413061065.2688618,4535917122.737465,4088547755.2173615,147409488.26408386,68932491906.73828,306940232631.8817,48036191329.46777
2018-11-30,201253179261.97815,794623748403.1725,307206576329.0405,41322004881.51813,2471437592.5064087,38296906666.957855,12930758740.056992,358637292.8670044,84542015969.84648,232589603256.58374,205316157772.0642,321933567983.56934,18133332690.429688,243619587215.42358,15768398106.488892,13801551536.20494,38713758001.65358,12888634125.426636,408393713.0,4286487881.457782,4199913077.93478,149578629.0950775,68864178509.52148,306184092601.944,48768451379.13895
2018-12-03,208285435360.35156,803222657158.2893,310107652468.8721,43331420025.75885,2571396169.6624756,38528490564.014435,13119208880.308151,362860601.94799805,85494367939.6034,233736185261.72925,202731021359.25293,320421435934.7023,18211173526.763916,248890397190.094,15966491594.864624,14177101339.556374,38976452919.70903,12961031885.85492,396725332.3278456,4582107902.440634,4334433924.913021,151228570.0492859,71400124865.72266,311300615766.38794,48161727823.56262
2018-12-04,199123249627.58636,777640571256.0022,296265505849.4568,40789762052.4317,2375864908.695221,36668606118.637085,12442686254.535675,345293549.8959961,82948990453.79172,221041999479.20166,202709259173.58398,320026849271.2334,18179241719.818115,243405046627.04468,15187320373.091064,14420358803.07061,38576174040.25726,12878575284.682312,394391656.1934147,4304964105.237465,4036585612.5,146197992.54226685,68176928479.00391,304671789693.81714,47785132493.14499
2018-12-06,196903116447.68524,782441780424.9781,290629246253.20435,41542531702.46838,2393708806.037903,37207347307.38068,12783884720.270157,341744006.3930054,82496345785.36632,216430045017.60474,203230634907.53174,319763934728.6638,18228142876.434326,240218154369.35425,14725097627.193726,13996105489.41594,39735349612.52435,13314964609.164062,378055895.43278456,4037058640.1780987,4073184005.144909,147282573.96125793,66854712237.54883,307066217889.78577,47743290139.97269
2018-12-07,189882156157.53937,751126834904.7078,285379646609.4971,39829671673.845276,2232203013.896942,36120201220.329285,11982180338.417053,336682590.1040039,81120973171.1468,209429852262.3606,200840979519.65332,318711969630.3647,18248098889.923096,237919810111.9995,14421351883.046875,14308934461.515121,39282926380.94673,13258662119.706299,366387514.76063013,3833820178.6015844,3987070260.8694534,147201808.31336975,64113832275.390625,302378190831.0242,47471310127.06375
2018-12-10,191133022100.68512,770976295448.6166,280047281899.2615,40120608604.39081,2296472487.449646,36347988660.05707,12188255119.691849,334020401.1329956,81773837673.80794,203912062076.03638,202101014055.63354,318339481784.3894,18223149320.220947,234548974716.18652,14117603375.087646,14368933512.465683,38799240197.05554,13204362392.160583,350051754.0,3727581561.487465,4055961256.289818,147271031.29577637,64869375946.04492,304823067965.95764,48067575452.991486
2018-12-11,190039899223.07587,778142062505.3641,277311994857.02515,40174641667.19562,2240974073.410034,36640305254.91333,11990314721.81511,332409958.473999,81695488613.79855,202429640788.02148,204012738365.93628,321056899708.8513,18260069219.970703,234977990722.65625,14210048753.410828,14287510728.32299,39080689574.24446,13333064893.605835,350051754.0,3732200727.559366,3783626411.699089,146521066.13731384,64893472998.046875,303487244951.2024,47283010103.21045
2018-12-12,190569553154.05273,781653613984.0214,279107913932.03735,40670944526.17285,2251710836.8873596,37057217331.516266,12422349865.056992,332738616.6589966,81051340644.93718,201935494118.98486,204273466090.39307,322371922582.7964,18093418842.315674,232955496002.19727,14619445371.422607,14604632168.423157,38048680922.42949,13105819526.254272,340717049.46227646,3764534009.046831,3789008443.7245445,147513328.23944092,66400575994.87305,307217473313.6749,48130334265.46097
2018-12-13,192654426271.3318,784304964193.1903,279384280887.60376,40544789038.40219,2251559438.7054443,37050659814.31198,12473867913.900375,332640021.71099854,80920764419.59866,200947238219.10156,209617517541.5039,323993443778.25665,18182232025.909424,235897331684.11255,14421351883.046875,14587491759.513191,38373925404.07402,13337085052.564758,338383373.3278456,3732200727.559366,3617857197.3296356,147801784.84153748,65946439752.197266,304419773481.50635,48925362562.179565
2018-12-14,186489938055.97687,759797485663.8499,277091046312.7136,38919701027.293,2214661476.612091,36297251529.979706,12059006602.895737,328663200.0,79954531383.61899,201606112923.88037,209943432179.26025,291471432547.66034,18086434783.935547,231607106449.1272,13959130519.055725,14274652627.726433,38082054254.14851,13341110840.421692,319713936.43278456,3492009598.1695247,3575876772.6592712,146440300.48942566,64716660302.734375,302705880451.7822,48642919602.33307
2018-12-17,184754438494.45343,737296733475.6733,273554548884.58252,37183864636.213745,2171260228.1570435,35397854859.59625,11876431630.308151,325245099.71099854,79014386994.25677,201523730186.9143,201536153807.8308,283012230291.6621,17528595185.85205,226888044425.96436,13985541510.139221,14403214330.285614,36480874857.144196,12892653158.605957,305711851.8065853,3376533089.4195247,3595252416.449089,141709711.24649048,64543851708.984375,301319608498.06213,48318634289.31427
2018-12-18,187154870151.83258,745035850915.6106,272255997102.35596,37931251124.85666,2222070679.664612,36010794222.76306,12244293323.93837,322944467.3410034,79284233813.35834,201523730186.9143,200927828974.91455,285817347782.5847,17563520941.16211,220636633419.03687,13998747005.68097,14638911970.27433,36485050663.927414,13083701334.41278,275374034.23936987,3302628194.300792,3631850809.093998,142321230.44013977,65339587866.21094,302479088708.95386,47408537162.727356
2018-12-19,181317218182.54852,743029475963.8541,268802316533.6609,36552359743.11804,2094590065.4792786,35736416552.50168,12055843183.68721,320725980.71099854,78822861528.44559,199135435735.98218,199341979444.88525,279659205359.9748,17415828594.207764,216898074672.69897,13444078881.46045,13751837136.987862,35849164011.95055,12995219560.809998,275374034.23936987,3214866021.220317,3558654023.80418,141721253.91197205,61843124719.23828,300891158088.88245,46937794179.02756
2018-12-20,176741727964.63776,727407815640.8303,266481424546.05103,35715000221.56113,2043023059.3681335,35326412435.31799,11776105557.142258,318113114.28900146,75976361879.11667,198558925049.07446,197647518273.92578,281105613888.66644,17454746280.670166,210309570350.64697,13523318764.241882,14608916508.67408,35040238078.207214,12908746178.017273,235701512.1344309,3067056010.728891,3527437663.1847267,139159816.50352478,61360860980.22461,298547087438.8733,47439916568.9621
2018-12-21,169867233034.05762,703903905259.2262,260182086248.7793,33676490638.158936,1959396724.7009277,34210620352.05841,11134832213.417053,315681013.6300049,75845824443.18477,192464661614.03247,197625795945.73975,280711109072.66974,17374909478.759766,208746770549.77417,13272397766.074402,14368933512.465683,34375168096.67171,12828303596.552734,238035188.26886177,2997770061.4280987,3431635891.703001,134510003.91197205,59660849853.515625,287230302852.2949,46529824159.664154
2018-12-24,165472041293.62488,674523768381.3907,254573406375.885,32857712909.32715,1921741917.1333313,33983525832.164764,10569481792.663574,308549003.1329956,74705476843.61821,187193869885.84668,189783278178.40576,269205666672.65216,16773162280.273438,200748681774.1394,12915828657.85437,14818900995.375954,33495362278.838608,12120422389.02002,238035188.26886177,2928484332.3812675,3415489590.3152733,134648460.88027954,58278341589.35547,281811360233.078,46017248257.369995
2018-12-26,177124898433.7921,720600231520.0979,265127687420.6543,35961196850.9317,2012778472.9003906,36164035700.717926,11463829535.037994,324669954.15600586,78701035084.96964,198558925049.07446,195714051706.69556,277686824513.0676,16998695463.562012,210340232971.1914,13734619130.065552,14797473198.308792,34746273110.14961,12651326539.991943,305711851.8065853,3224104133.1101584,3666296306.80418,139713644.37675476,61457301873.7793,286625418246.24634,47147020096.75598
2018-12-27,175975350821.8155,725043257753.0587,268111632212.8296,35734805629.62732,1983591783.0467224,36338322295.627594,11549693524.421692,328860389.8959961,79728184113.35919,200700202322.7732,199906799835.20508,279220891684.4838,17180311940.76538,211259573932.6477,14091191002.097961,14994602632.320381,34885965085.05519,12731767995.67688,303378175.6721544,3099389512.470317,3621086334.4203644,145321113.0809784,62048078082.27539,291061406244.4458,47690975405.28488
2018-12-28,176065554367.32483,719382023009.2982,267531344474.79248,36135271055.336426,2021095628.7384033,36123649890.30838,11572741662.355423,332081300.28900146,80198245225.35269,200864855482.1355,198081944908.90503,278914106896.81586,17236200798.034668,208899969604.4922,13827067272.20111,14771761060.990707,35046500605.433945,12739817319.831543,308045555.76063013,3237961411.0719013,3593099521.5143623,146394140.83099365,62329418902.58789,293228974152.83203,47942048393.47458
2018-12-31,178810676928.86353,736540362915.0391,326178983118.4387,37549251556.396484,2018827128.4103394,36043512707.56531,12077997241.386414,335532248.84399414,81086156908.04199,211663832365.036,200522838722.229,287741864675.9033,69322118253.32642,392334493881.2256,13700017210.006714,14914126043.319702,35023563241.828674,12498020372.33075,271414099.96742463,3511640028.9535522,3573723877.7245445,145788295.64666748,61788896850.58594,292573640607.8186,47148307287.59766
2019-01-02,179014739715.59143,733277105957.0312,331825820004.27246,38478248596.19141,2059959876.537323,36378780230.34668,12077997241.386414,333264489.81500244,81251560479.17291,214412667914.77203,199126728401.18408,284843245475.76904,67730821181.10657,400964744407.6538,13766454643.249512,14840953960.418701,34402278901.164,12277958442.092468,291113517.60341084,3612839932.4417114,3572647224.94582,146724088.00506592,62058897265.625,293077764425.44556,47885150730.895996
2019-01-03,161183545135.29968,706301215881.3477,327109970379.6387,37506999969.48242,1935503444.6716309,35371247687.21008,12237737658.699036,314957950.5780029,80833709908.47713,210976618596.2677,197730538032.53174,280317007688.9038,67563345721.43555,394808464771.27075,13381100566.864014,14797913179.397583,34373079010.332,12386997350.122192,275791742.53257537,3663439884.185791,3502679987.3694534,144441679.29840088,58636330676.26953,288969420351.50146,48274044684.60083
2019-01-04,168064359490.31067,739150814392.0898,339168959712.9822,39384750366.21094,2059506409.1682434,37185561404.159546,13427667694.229126,320775278.18499756,81338581742.23164,219738672249.41254,201766278244.01855,285021637735.7483,68807639405.44128,409364927112.57935,14377706560.134888,14797913179.397583,34896379760.103195,12383032439.681213,293302338.8859862,3855719942.0928955,3475769416.6194534,148812479.56466675,61173454919.43359,301773351921.4783,48448026351.92871
2019-01-07,167690283833.0841,740093367126.4648,339404783512.1155,40737751007.08008,2168537969.5892334,37111408634.94873,14229528475.021362,323585359.5780029,82296125951.13057,219566810231.2088,200959178230.28564,283193330458.8318,68707929970.93201,411493719795.22705,14616892999.649048,14621439752.578735,35263323162.17505,12347350457.65686,334889969.3477261,4189679864.883423,3499450439.656002,149759677.65426636,62571083459.47266,305679945936.0657,48755054452.51465
2019-01-08,170887042920.18127,745459884521.4844,338764833510.5896,41414501190.18555,2114551064.9681091,37437362949.87488,14451991780.792236,322599359.94799805,82870658017.81374,219137350439.07166,201700859336.85303,289770923097.99194,69210458242.79785,414485610946.6553,14882653856.277466,14664478492.736816,36105596402.77927,12527756647.651978,350211744.4185616,4260520038.6047363,3524208526.093998,150992171.39053345,62110486096.19141,308276055646.63696,49471439508.81958
2019-01-09,173788951582.94678,756119371276.8555,338192185679.62646,41485500335.69336,2156137571.334839,37309047641.64734,14438003154.823303,322697954.8959961,82600816740.05597,221284922754.47845,198406860267.63916,287474265876.77,68911329939.27002,416671882347.10693,15294586521.148682,14793600835.80017,36155642204.98064,12478192502.209167,330512326.78257537,4321239980.697632,3628621261.3805466,150159095.91293335,64687357617.1875,309813537327.7435,50013838282.77588
2019-01-10,174344384013.24463,751260874633.7891,338158424981.68945,41405498504.63867,2196212131.9770813,37211779012.93945,14650087524.978638,323043062.28900146,82661749356.49724,221027207828.52173,198886785697.937,289213429069.51904,69948242555.61829,414543212024.6887,15294586521.148682,14987294044.494629,36141054089.04561,12674472711.607178,317379399.08712316,4336419845.581055,3504832882.30418,151220416.61453247,64564251013.18359,313770625977.79846,49676115679.1687
2019-01-11,172632711112.06055,745459884521.4844,336541638311.00464,41013999938.96484,2250651776.790619,36716462288.497925,15233545686.477661,322566486.6069946,82557283943.1514,223604259461.4029,200195664138.79395,289302635608.6731,70075877909.85107,412644456573.4863,15414175569.534302,15013120145.79773,35932571316.38997,12745841099.5448,323945862.93484926,4174500000.0,3511291156.4856377,152761028.34320068,64330022497.55859,315232479946.96045,49686347180.17578
2019-01-14,170036760065.55176,740020945129.3945,340011129405.2124,40430248260.49805,2274999251.3656616,36269441578.125,15023717157.623291,321728404.473999,82653027281.35368,226524937504.00543,198843119728.08838,286024956276.7029,68289194014.35852,412126597492.218,15414175569.534302,13678813076.019287,35596895598.42407,12654644841.485596,317379399.08712316,4260520038.6047363,3473616521.6847267,150763937.04986572,63007841564.94141,316039046067.6117,47741882026.67236
2019-01-15,173516825380.78308,761485592346.1914,342503815148.16284,41863998413.08594,2266379153.728485,37476680076.37024,16002917532.730103,323634657.05200195,83784686053.8395,228071207534.40857,200719215515.13672,288433116467.28516,69681050383.37708,412356726493.83545,15440872346.878052,13351689262.390137,35699054996.10077,12841004479.98944,304246445.29886305,4290879768.371582,3439171023.9745445,153274569.2138672,63222245239.25781,318282241687.9425,48304757647.70508
2019-01-16,175636714897.97974,764168762145.9961,345265897480.7739,42094501495.36133,2250803029.537201,37580160163.65051,15856262888.458252,326050333.5780029,83871740564.96103,244392671220.01648,199323045158.38623,285489862770.08057,69665082317.73376,412184229160.30884,15867929014.205933,13584117031.097412,36045143023.218475,12817213911.371338,304246445.29886305,4275699903.488159,3437018129.039818,152738205.99746704,62447996374.51172,316719581233.8562,47967035044.0979
2019-01-17,176679552760.16235,769534805419.9219,346680652368.16406,42330501556.396484,2294355094.432831,37911636069.90051,15937486946.166992,326658352.473999,84211208827.58463,249031422735.21423,199294448150.63477,287831008760.0708,69988140885.54382,415003378257.75146,16188222209.93042,13609946193.695068,36124374520.87468,12848936512.815857,306435266.5814384,4346540077.209473,3435941681.5724545,153925055.04226685,62551232592.77344,314854455628.49426,48765290568.54248
2019-01-18,175608816838.98926,781064837768.5547,352305973855.5908,42404998779.296875,2373142650.127411,38193789121.21582,15301683971.14563,336025248.6589966,85072998615.59366,251694405377.19727,201009488151.5503,291398583321.3806,70227428972.24426,419951503578.18604,16762081953.048706,13674507875.442505,36268230473.082504,12817213911.371338,302057624.0162877,4473040077.209473,3503756229.5254555,155568383.6517334,64600003393.55469,315938262430.9387,49174652139.28223
2019-01-22,171667011552.4292,766344148254.3945,346748017174.53,40804248809.81445,2249745132.923126,37204882993.78967,14672649380.706787,329846389.526001,84864084412.93336,249890478996.84906,198854686607.36084,287184433102.417,70741900542.06848,413622512477.87476,16521862403.869629,13816543779.373169,36122273605.054,12841004479.98944,291113517.60341084,4164379768.371582,3443476608.5326366,156618287.73880005,63329450329.58984,311527430357.46765,49317925458.52661
2019-01-23,172361323869.32373,773813155639.6484,345872180738.0676,40279127913.06419,2257608239.6507263,37404251975.28076,14529606148.147583,330553003.3699951,85926094035.17813,248430081399.53613,208529180404.6631,287184433102.417,71539554183.95996,410228025581.35986,16428444540.023804,13859591703.414917,36312004284.47237,12771613570.397278,297679981.45113695,4144139787.67395,3446705950.9347267,156892177.65426636,64369717724.609375,308679327282.8369,48509433818.0542
2019-01-24,170995147467.95654,770115011108.3984,346074337792.96875,40645319007.985,2386904323.1010437,37390107043.35022,14740787665.374756,330339389.3410034,85621414328.94035,249804547987.7472,207341874267.57812,283237881682.5867,71898471757.8888,410803363380.4321,14279801691.055298,13850981302.261353,36541335334.39357,12739894286.869446,299868802.7337123,4392080154.418945,3389655467.0326366,157805136.78359985,67061719067.38281,309586699888.4125,47885150730.895996
2019-01-25,176661311569.51904,767565994813.3945,348263772294.6167,41029442276.28113,2421836581.2301636,37994080512.77161,15254303557.70874,333182319.0,84385317849.8277,254099712143.898,205802718872.0703,285913474125.6714,69473669315.7196,412644456573.4863,15000463119.506836,14272794017.791748,36924960670.53255,12930217729.842041,297679981.45113695,4523639787.67395,3470387384.593998,159083275.21133423,70142832531.73828,311829895508.7433,47445094657.13501
2019-01-28,175026421911.6211,752597182802.3987,349914382299.04175,40226815434.87274,2138349413.8717651,37247307176.23901,15146456957.79419,330224345.18499756,84489777721.82974,254529230512.0468,205626814254.76074,287608044458.0078,68783723697.28088,409882694423.67554,13719284774.780273,14165190534.591675,37214745100.01454,13082873970.639221,299868802.7337123,4290879768.371582,3500527092.4347267,158067610.0845337,69146222729.49219,308704528904.068,47486034506.225586
2019-01-29,173212306141.6626,737270199144.7043,350891250286.1023,39145923235.58258,2039031684.3986511,36909277531.12793,14841414884.58252,332032002.81500244,84185086932.90436,252467491579.0558,205670800415.03906,290595891015.625,68939248580.93262,411436118717.1936,13946161497.116089,14436354904.174805,37360692504.45827,13219677205.50586,306435266.5814384,4270639787.67395,3447782193.0907288,157793720.16906738,69328868920.89844,308175249161.71265,47741882026.67236
2019-01-30,185048766243.89648,761907713983.2322,351699721916.1987,41026001997.25113,2128742784.2617035,37872658570.35828,15372078957.79419,338457374.3930054,82522456597.35898,249718636503.98254,207825561935.4248,293516744190.979,69230378295.51697,415923894264.2212,15040501333.236694,14509525966.644287,37788075090.713745,13396117379.087769,304246445.29886305,4397139787.67395,3469310731.8152733,145354649.31106567,70353260827.63672,310115979630.7678,48151238982.39136
2019-01-31,186381342246.09375,747941595273.0938,278085422606.95197,42212257426.31081,2227285951.3759613,38835004808.71582,15319734144.27185,337767159.6069946,84560103244.7815,244564474662.20856,212113091896.05713,296727534232.3303,17889612513.22853,222655887638.3081,15439024157.962532,14681693172.454834,37969473083.73523,13663864407.951782,299868802.7337123,4336419845.581055,3543503942.400959,144806869.48013306,69495626611.32812,310443692099.7772,48120535249.32861
2019-02-01,186470991276.85547,736124155237.0869,279106499805.3639,39940444060.06081,2242469787.5976562,38584246023.880005,15335527615.41748,343765278.05200195,82821811332.70264,243791310359.00116,214311899612.42676,299224692778.7781,17773667691.726532,230677253886.97742,15266597957.859516,14565483369.82727,37362774493.10939,13492792623.569458,293302338.8859862,4407260019.302368,3429409803.9297123,146119246.86813354,70837664916.99219,307494736843.7195,49747763876.34277
2019-02-04,191767640924.37744,757324123696.1956,280100598083.3041,40114328054.30145,2311419099.5693207,39370676113.861084,15854006186.477661,342664259.3410034,83624781742.09595,248086513565.82642,215543191909.79004,296281563991.54663,17801659782.072792,227335067759.7071,15730827020.054607,14703215093.61267,37917342926.98654,13691716106.594788,302057624.0162877,4508459922.790527,3466709863.0495205,148413061.30599976,71294260876.46484,309763111237.03,49686347180.17578
2019-02-05,195048698318.48145,767924283528.7797,278864663759.9125,40740612488.56758,2323349416.255951,39731126444.54956,16055713342.376709,341513943.15600586,84357178382.87354,247227476829.5288,214245880348.20557,296281563991.54663,17808653244.498672,229674690129.38507,15744086640.722614,14685995311.73706,38361424008.582504,13789183227.192444,302057624.0162877,4473040077.209473,3457933390.8594246,150809581.741333,72108211474.60938,311199786433.2123,49942199315.64331
2019-02-06,195115935091.55273,759401039265.432,278730268767.1919,40285022857.41516,2370606362.8196716,38731527374.77112,15892363234.710693,338539520.1329956,84392476501.46484,246797958461.38,215301348075.8667,296549079517.3645,17801659782.072792,228671997135.8787,15797144470.418018,14625740871.429443,38330158690.37274,13761335952.438354,297679981.45113695,4467979961.395264,3414051029.908945,146381720.16906738,74192721643.0664,305100308647.75085,49809152882.385254
2019-02-07,191420520740.66162,753957872146.9248,275076198813.6236,39649159607.02629,2284149229.52652,38145846000.7782,15554832226.959229,331506129.6589966,85354265975.95215,242588686263.65662,213586288063.04932,294430981102.7527,18126503740.471382,226909655439.6923,15730827020.054607,14518135347.366333,38747126601.580215,13944342283.14386,293302338.8859862,4225100193.0236816,3460127561.218849,147374562.95013428,71905727429.19922,297690163772.2626,49788689880.37109
2019-02-08,191645434761.6577,756822777045.7668,272335665083.8088,39006914226.8029,2295770049.095154,38024079124.7406,15683887694.229126,330175047.71099854,84339518089.29443,243018243682.47986,214839573440.55176,295211335341.6443,18292422450.883617,227278381656.9148,15399234240.516582,14565483369.82727,38382279383.53665,13940366312.98059,293302338.8859862,4189679864.883423,3389915574.4504795,149246136.78359985,71893801293.94531,295673805591.2628,50054773516.8457
2019-02-11,190543258927.00195,753814755677.538,271045997743.8109,39075191398.53226,2269120365.381241,38015110850.50964,15600859652.023315,333675318.81500244,84886605224.60938,244049103386.30676,216070885749.8169,294319457315.0635,18292422450.883617,227646962483.734,15293121344.986252,14483701906.204224,38632458710.72342,14006001340.883057,297679981.45113695,5008604962.901999,3417342076.2004795,156116163.48266602,70881335522.46094,295270533955.06287,49798921381.378174
2019-02-12,192185217619.6289,765560608211.6797,275667336937.7391,40229761033.257904,2342252135.2767944,38893301244.55261,16243431011.627197,338769583.3699951,85566065921.78345,246454351576.99585,218247640350.3418,299135548694.6106,18318419014.914303,231640788398.53214,15240069043.011814,14371788120.269775,38486518403.96828,13795154371.256836,299868802.7337123,5063510591.259997,3440380446.479233,162175937.04986572,72576740075.6836,301899291482.87964,50556246286.77368
2019-02-13,191386812417.29736,764987556990.6993,276983908256.763,40278636980.0,2368747293.949127,38929519275.10071,15873409347.976685,338194437.81500244,86421972274.78027,246540282586.09772,218203714225.76904,299782124352.2644,18276436351.587734,234252064659.50534,16301167595.849785,14302923278.808594,38792220583.046585,14502947547.07838,306435266.5814384,5094013782.769995,3378944931.900959,160258718.52493286,72386162646.48438,301521244316.1621,50238995915.22217
2019-02-14,192084020700.07324,765632254247.8882,275183664846.83624,39852518323.021774,2394312918.1861877,38949172531.677246,16202818982.772827,333231616.473999,86933778142.92908,243877241368.10303,216488694236.75537,299469995147.7051,18252446258.258266,234313467873.1598,16128744159.607254,14189190008.794918,38741609331.65474,14544631065.559723,365533493.39658916,5209925212.348001,3322995052.468849,159836467.03720093,73188213134.76562,300563491316.37573,50945135625.45776
2019-02-15,191656622903.1372,775086253104.1682,283593419026.0895,39491483899.06532,2363740456.5811157,38619084319.93103,16103544751.937866,337356330.6069946,88230910978.31726,250062282439.04114,216532700408.93555,296779377338.30164,18395378110.691643,238737439373.3241,16287909357.112022,14244906699.552288,38657288791.284256,14609252165.883797,354589386.9837123,5447849407.965996,3316412541.3905754,160977671.39053345,73204075610.35156,305352324860.06165,51528478863.52539
2019-02-19,192230222008.667,774728198526.1564,282599320748.14935,39973598906.006775,2353224647.99881,38856393346.75598,16331423453.918457,338013672.05200195,90180969133.37708,250234007779.88434,219852714950.56152,295277826532.1397,18528315914.96868,240335021433.60898,17362270294.478485,14797729249.546146,38419054873.98331,14573817292.948658,369911162.0545478,5325836641.926006,3312024409.9193287,161947691.8258667,72445702233.88672,306209271374.9237,51497779745.4834
2019-02-20,193467249124.1455,770700216225.7943,283969625083.7796,39839012042.38548,2381918849.9450684,38652189987.854004,16240723313.522339,338786032.5780029,88133829917.90771,252639314546.58508,218291606498.71826,296714074852.69904,18555301121.835785,241256586582.0818,17707129604.335724,15166280325.50562,37784460001.32861,14342449371.091461,389610553.5977261,5301434205.078006,3310927324.7396164,160247301.9104004,72997596667.48047,309485893403.48816,50863269772.33887
2019-02-21,192376459291.9922,786955788705.7189,283378511940.14606,39773680469.04129,2340154259.2048645,38087201977.98157,16108056434.539795,337422077.28900146,87701433582.30591,251608513418.76984,219390980339.0503,294690246388.6605,18647261322.201138,239075407443.007,17269425311.19761,15174849154.277458,38402186034.11682,14498781397.089767,389610553.5977261,5185522775.5,3293374380.3594246,163339952.8656006,72473503857.42188,305579185147.64404,50822320693.20679
2019-02-22,194524456544.49463,798176354043.0192,282115723598.69226,40071350799.49097,2391533526.4205933,38513187043.94531,16381058847.976685,331801939.5780029,87842642908.09631,249804547987.7472,220424414962.76855,297258133551.1997,18804187395.74337,240918715439.3344,17534700640.372223,15633397316.013346,38714224083.20389,14536295288.9622,393988196.16287684,5033007399.75,3322995052.468849,165941896.17919922,73410548046.875,307041061965.0574,50945135625.45776
2019-02-25,195941447254.02832,802635851522.244,285071189394.93243,40106716718.01613,2384022502.89917,38539744279.678345,16421219880.706787,332459255.94799805,87463210601.80664,237236525600.8914,218929245727.53906,298353362295.4198,18779199539.256115,241164457529.86624,17587757088.13739,15470550961.86757,38644631246.643906,14465424384.21849,383044089.75,5075711518.784004,3325189013.5806713,166832032.96279907,74244349511.71875,308528094707.1991,50586945404.815674
2019-02-26,196053886277.16064,808174136948.626,282894889810.2071,40190220309.896774,2360135061.264038,38701170562.5,16469053011.627197,331785490.3699951,87083789529.80042,237398644676.52005,219500965751.64795,298156195114.24756,18814185092.028255,241656006328.88687,17481646956.467545,14977719357.153625,38640427049.10635,14417487584.697216,387421732.31515074,4972001016.730005,3312024409.9193287,161822163.48266602,73597150097.65625,310594901827.1637,50607417636.87134
2019-02-27,196661211693.4204,806807711238.4558,282545662672.9888,40305405948.53081,2334746166.229248,38731527374.77112,16374290463.394165,332426382.6069946,86572011747.36023,239343852512.59723,217478082664.48975,297630463373.43616,18797077193.203964,244144508471.52972,17455118041.61984,14579170268.588352,38210328414.01964,14346622474.320667,391799374.8803015,5026906645.088003,3385527442.979233,161126032.96279907,73104808264.16016,308301280116.1194,50218519068.14575
2019-02-28,194726850383.60596,805800744930.537,280396067223.4341,40274462175.16403,2319857764.7209167,38857770427.91748,16159048259.689331,330799515.81500244,87348491716.38489,236899907447.49515,216686531898.49854,299317254615.5779,18888645219.750443,242792684656.26593,17110258731.7626,14622020508.365574,38193459574.15315,14462893404.642654,391799374.8803015,4984202526.053999,3384430357.7995205,161479795.64666748,72608497558.59375,305075084178.26843,50095708750.91553
2019-03-01,196773668703.91846,809396977914.6628,280584195232.7611,41057931384.326935,2352792358.8752747,39615573680.41992,16123849905.685425,333806787.1040039,86413158979.4159,238773635509.31787,216444628028.86963,303063024695.15344,18872540556.27676,245772735597.9294,17070470196.246891,14493460645.15687,37014949898.18495,14458708712.679127,393988196.16287684,5100113955.632005,3415147905.841055,161753685.5621338,73497902270.50781,303310742209.57947,50760927072.143555
2019-03-04,197763333565.979,807454984006.7501,279939399033.48505,41658181375.868225,2357755592.8230286,39784591156.311035,15840469417.312622,331637597.94799805,86342551507.94983,236492601692.60037,217390130355.83496,303347844310.33,18940966679.381104,246725139666.3881,16951092152.32759,14763445806.568089,36960127351.56697,14542353879.26553,407121149.95113695,5283132522.892002,3313121495.099041,158980569.2138672,73716255297.85156,298471528271.68274,50331088654.32739
2019-03-05,197403424365.23438,803426943172.0448,279724516928.0235,41566324426.735,2353845052.242279,40328540868.43872,15987575057.70874,331078876.526001,86774925374.98474,236899907447.49515,217873838035.5835,303983131434.5792,18949014450.95726,246356445758.1441,17030676133.010216,14784870926.4567,37189922117.14229,14596735173.943043,409309971.2337123,5295334032.215996,3329577354.2995205,158238794.00253296,73267610095.21484,298068233787.23145,50842797540.2832
2019-03-06,196267594169.31152,803786812314.6992,278676660652.9951,40989654212.59758,2286622070.789337,40181949384.79614,16227184822.998047,329764218.71099854,86704357223.51074,234944751395.41348,217522048812.8662,304683985180.1849,18873552911.94874,243560766002.33652,16632764521.178535,14259913833.74589,37185715553.70854,14536086691.744411,396177017.4454522,5106214710.294002,3326286098.7603836,156310158.86306763,71929553674.3164,297362519848.0072,50310625652.31323
2019-03-07,193995861828.00293,794004552861.1506,276661410235.19727,39933567249.58145,2244664597.0344543,39695940561.5387,15910862682.601929,327512883.81500244,85989609642.02881,232582271165.81482,216686531898.49854,302822092251.3837,18909771532.16999,246264284396.95004,16327697892.627731,14294337482.838545,36976989093.74487,14525638288.880062,431198210.1522739,5106214710.294002,3249492019.408945,156743816.08200073,70484285656.73828,295497394242.64526,50372033118.43872
2019-03-08,194456967948.30322,794867641753.2197,276769026151.30145,39807082655.30968,2265417798.0422974,39665591709.27429,15775489826.87378,326526884.18499756,86113136205.67322,233396956366.0933,216378748847.96143,302427757889.0391,18987252310.329647,242731249133.63297,16035890884.74493,14505181063.548136,36730325488.30307,14586274023.47094,426820567.58712316,4941498407.019995,3196832977.020767,157622547.1343994,71008378466.79688,296681984681.7627,50842797540.2832
2019-03-11,201193398297.7295,811554905015.037,280369263166.33575,41030667735.15129,2423323681.3545227,40675883721.40503,16193342900.08545,332097724.4219971,86898491258.62122,235759399750.4475,218951278831.48193,303523067905.7989,19067751914.8625,245096880231.0099,16394015342.991142,14393304711.990175,37080298316.97208,14791213836.70774,461841708.10832906,5264830840.705998,3282403737.809904,163191602.17666626,71901752050.78125,300261003316.84875,50904209621.42944
2019-03-12,203453906522.82715,817237126391.612,279536338957.73267,41091577163.3371,2444076304.43573,41296403391.448975,16076469492.248535,332771490.0,86801415815.3534,235759399750.4475,219984673431.39648,304881213315.7619,19207613867.123013,245772735597.9294,16778663188.36409,14853720256.614685,37510378024.88924,14922961521.716217,514438788.7501602,5496654281.661997,3262656623.0702877,165690828.60946655,72465553100.58594,299328451938.29346,50709751107.02515
2019-03-13,204353544619.4458,823566737605.168,280476779160.51227,41526536363.05145,2535812044.1436768,41358839030.77698,16299383794.143677,335335058.94799805,87383784217.83447,238610687415.68884,222469251106.2622,305385001470.8698,19215663462.763443,247953914737.00418,16791931100.613546,14806385453.143024,37556773249.26256,14910417875.686523,556529249.8003845,5557660082.882005,3219871347.2995205,168327000.0,72473503857.42188,300714723892.01355,51497779745.4834
2019-03-14,206625294948.12012,824214010373.4623,283029234841.96387,41413805389.73839,2489793479.9194336,41133600027.46582,16191537194.229126,334217616.1040039,87135394210.81543,239995571196.62445,222777014144.89746,302340207045.7094,19216664874.049778,247124446331.76843,16340958895.225979,14380393557.61117,37904633332.62991,15037976233.237743,605634722.6497116,5514955963.848001,3166115428.979233,168897602.17666626,72775255249.02344,296656737364.02893,51681992913.81836
2019-03-15,209313129020.69092,833708514995.3113,286280369622.18945,42055807177.22,2553708987.236023,41056685135.92529,16310665582.687378,335745887.94799805,87312834100.72327,238692133828.57,225239658775.3296,301420120624.4186,19242827427.929382,246233558558.38895,16380754340.392895,14259913833.74589,37124566600.66658,14897867276.416237,514438788.7501602,5496654281.661997,3138688927.229233,169274198.0895996,76555169970.70312,299857754528.90015,52081118368.53027
2019-03-18,211449884169.6167,845648467411.8607,287999876114.5561,42787454841.255646,2540774700.164795,40996321751.67847,16400012734.710693,339640538.84399414,88412872667.31262,242928342119.99142,223194842643.7378,300478151571.829,19205598276.100426,249090641527.851,16738873270.91814,14199673971.81325,36753511271.00876,14849772870.108189,561205961.5003204,5789483523.838003,3193541930.729233,168703595.91293335,75693573388.67188,301218824861.38916,52654230105.59082
2019-03-19,209774217153.6255,846223860006.5734,286951994859.0458,43271289987.7121,2642436329.841614,41476113809.69238,16189731488.372803,337126267.3699951,88581448707.58057,241543403071.18912,224052332626.34277,303260212194.46063,18967123761.067886,248445511999.4926,16818453105.810041,14320153695.67853,36557447087.47783,14649014272.214619,591604587.5499039,5685773021.784004,3246200763.869808,168212877.3880005,75761070239.25781,301773351921.4783,53452481015.01465
2019-03-20,211607327581.7871,845288598269.2063,280826031278.2125,44141212134.72145,2622735966.682434,42302898480.3772,16931577078.811646,334036850.3410034,87508012924.19434,233315454685.34543,223656597267.15088,300741047919.4371,19104975594.498634,249828029344.339,17004148600.092754,14574028361.733446,36671298744.14754,14793302126.632492,612649790.1996155,5771181841.651999,3136494756.869808,168372644.6914673,75892088562.01172,301622096497.5891,53861851815.7959
2019-03-21,219400911389.46533,864709181226.1102,276392795113.1294,44681287223.882904,2766203653.3355713,42637481442.58118,17051156463.394165,335943077.84399414,87880620403.2898,229568090674.81116,225349584152.22168,302515450959.31323,19310244843.490295,251271917593.8613,17136787646.610302,14771962820.036707,37565205303.29961,15155083870.17775,593942943.3998718,5789483523.838003,3081641753.369808,170746342.7810669,77170605395.50781,303562849814.8956,53391078163.90991
2019-03-22,214857428719.48242,841908122874.5117,268036823911.44638,43343007438.47145,2669355285.6445312,41655129054.01611,16290360428.93982,329567028.81500244,87188633480.07202,220036686498.2908,223524618774.41406,299908715522.825,19513505797.716465,247247365840.50208,16155267546.73399,14845112820.362015,37442923958.489044,15182273358.643074,579912808.3000641,5453949580.828006,3062991723.809904,164138800.26626587,74546107409.66797,303008299906.5552,52704224625.39673
2019-03-25,212259621412.35352,846295740180.155,265806741349.15088,43576080721.382904,2613411409.3780518,41300887528.56445,16525909507.751465,327742947.05200195,87091041259.76562,218651784294.73294,224184251083.37402,299251505131.00726,19481301942.96192,245526961198.4191,16420542875.908604,15017230049.838953,37523030837.7372,15318202258.994781,551852482.3496475,5386843024.946001,3069574025.6405754,164435512.52746582,73982280334.47266,303688857921.051,53577077345.27588
2019-03-26,210066601783.44727,848093798137.8746,268466638083.33325,43809405092.19742,2659880467.414856,41040815535.87341,16243431011.627197,329682047.8959961,84993426380.1007,221665983208.35886,226514917221.06934,303544970855.2325,19621163895.222435,248721979928.5855,16844983402.587986,15301221598.901176,38210328414.01964,15470857179.592846,561205961.5003204,5447849407.965996,2902769044.028572,166215775.21133423,74363441699.21875,306915031010.65063,53971943135.83374
2019-03-27,211955976691.58936,839894073189.9875,267553126840.06165,43365848942.48871,2654316189.76593,40632769671.70715,15945610040.481567,327364991.3930054,84033874620.99678,220199634591.91983,226251060295.10498,303829709197.8694,19512491617.980213,246817155637.17886,16858248550.97696,15365770258.89184,38182924238.39923,15360021365.667686,551852482.3496475,5374642097.421994,2987687690.9047623,163899149.31106567,73080975512.69531,305049882557.03735,54200552803.80249
2019-03-28,212237173179.93164,841045151051.1294,270589279592.898,43555450289.94484,2665595294.9523926,40434780424.713135,16001562822.998047,329747794.5780029,83964728043.39517,222643542811.77747,227680250289.917,304224043560.214,19311249902.905178,248046092252.6875,16884774701.964178,15305523285.054836,38657288791.284256,15447858177.45821,565882673.2002563,5380742270.284004,3031182631.6857147,165245754.77600098,73136572253.41797,300109793589.4623,54086243354.79736
2019-03-29,213620419591.36963,848309438658.6194,271986412966.10858,43735476568.85887,2700334753.9901733,40594139759.124756,16089555265.289307,330125750.2369995,84310504719.30954,224761665380.11038,228779684165.9546,306217394821.8866,19452124210.83767,248230511902.01114,17096996347.234112,15391583423.772812,38414831749.2762,15430235189.175362,561205961.5003204,5313635714.401999,3069499485.7523804,164618102.17666626,74665219116.21094,297463326332.9315,54356420514.678955
2019-04-01,214403675408.70667,864087823242.1875,284064340553.2837,45536170593.26172,2741240112.3046875,41310056741.08887,16583729325.836182,336879780.0,84561212377.0681,235594980898.66638,229155198389.4348,308519732144.16504,19312972776.031494,475458110973.35815,17470759421.34857,15361012825.012207,38566620551.42404,15257550693.723701,518421888.76146126,5657860139.846802,3162703071.3714294,152172754.12750244,76424145141.60156,285773672216.5985,54169382953.6438
2019-04-02,217520446284.5993,865322046875.0,285421724250.79346,45530896743.774414,2752067567.8253174,41536078752.571106,16618075494.377136,335039274.1040039,83800485080.1963,238319041296.57745,229398457953.6438,305700541186.52344,19210572999.572754,473421975574.4934,17497429551.124573,15455913814.544678,38642527964.92703,15219788779.413261,540482427.1192694,5566209790.229797,3175130084.438095,150995358.8180542,76964119946.28906,287609251390.9302,54127820076.75171
2019-04-03,219011543613.28125,870984882324.2188,285991785020.4468,45699571838.37891,2836584714.8895264,41717653841.21704,16709815260.421753,334694166.71099854,84016594818.45674,238071431686.5921,229265860562.1338,304501779162.59766,19193333299.25537,470629715137.4817,17550775368.69049,15507677249.908447,38575069166.73445,15093918822.327415,540482427.1192694,5474560023.3078,3290081041.6857147,152782106.2850952,78512650207.51953,288610454785.31647,53067915950.77515
2019-04-04,219392642663.5666,866556152343.75,288754532824.70703,45653386398.31543,2831171565.055847,42015339558.517456,16625305722.297668,335400805.6300049,84811914561.33836,240630394120.78857,228690956588.74512,300949988534.5459,19101077009.58252,477319852455.13916,18084232154.84619,15736305370.33081,38760598014.51146,15060353577.703247,562542912.8807306,5529550116.539001,3459918335.438095,149311893.7149048,78766742602.53906,291018110052.536,52537963887.786865
2019-04-05,220861307633.9035,870403928710.9375,288070742584.2285,46115727203.36914,2871625273.704529,41739705027.74048,16517297081.459045,337422077.28900146,85434310388.5889,240052607251.1673,229177354972.83936,302304124282.8369,19271404513.549805,479879353145.59937,17777497872.3526,15744934307.098389,38960885322.7495,15163144748.966743,580191354.0862465,5584540209.770203,3515840486.8095245,151325860.41259766,79961867578.125,292114699080.3604,52745773657.22656
2019-04-08,224336798996.36078,870694494140.625,289000744761.6577,46431484100.3418,2884257883.0718994,41630488045.25757,16332912477.920532,337290609.0,85780092537.99156,240795529420.08972,232095926393.89038,302215318707.2754,19125401895.90454,482846221630.09644,18324286944.389343,15813949504.852295,38680476939.88614,15104407599.09095,611076034.1522923,5547879953.384399,3478559052.561905,149156980.01861572,80823457653.8086,291399544537.31537,53369262960.81543
2019-04-09,223664168945.29724,865975494140.625,286867067825.3174,46079583908.081055,2846209216.117859,41437887363.349915,16482047565.414429,336748311.71099854,85313286088.94914,238484195263.67188,231410561488.3423,300949988534.5459,19233887029.266357,476621695575.7141,17844178754.80652,15788065750.12207,38490729699.19441,14934488256.540833,571367107.1853151,5499000000.0,3460953755.257141,148857465.1031494,80033320288.08594,290970460455.4062,53161439346.31348
2019-04-10,224919825134.8343,872582046875.0,288152796403.5034,46367983428.95508,2888918861.38916,41567427482.64313,16446344651.672363,336090995.3410034,86099930352.88684,239970058269.31,231388384780.8838,300972143600.46387,19123378344.726562,474469073238.3728,17990876974.105835,15645715793.60962,38988275302.99274,15054057993.68341,589015548.390831,5413459790.229797,3466132039.4952393,152585873.7335205,79326568273.92578,291256487696.9528,53151046319.58008
2019-04-11,223047521166.61835,873598435058.5938,290587354170.22705,46286156417.84668,2880498181.3430786,41675618766.90674,16614912054.168701,339624114.71099854,87137276801.09482,239970058269.31,231609528009.79614,300150820715.33203,19267344545.74585,476737846023.5596,17884185338.974,15516302112.579346,38836495964.42967,14978537642.005104,589015548.390831,5401240093.231201,3348074427.742859,153391458.442688,78580140551.75781,288538926365.1352,52901655213.16528
2019-04-12,222957791733.23822,878099835937.5,304209878262.3291,46260805938.7207,2857488032.3410034,42128349239.06708,15868788390.838623,346016612.94799805,87794265074.35518,249050464941.40625,232295013659.66797,301860137585.4492,19349473889.923096,470745926765.4419,18339328319.54956,15637091949.46289,39112669393.10495,14959656684.849884,571367107.1853151,5389019813.537598,3267297855.1904755,155591315.66619873,80529637500.0,291780957412.3001,52174272562.40845
2019-04-15,223361412799.5758,878825658691.4062,300735904812.6221,46306236877.44141,2777633308.4106445,42259272858.284,15766203282.913208,344669106.8670044,88546349733.21281,246326329872.32208,233776365395.35522,303058920199.58496,19380896827.697754,469175310859.6802,18325937674.5224,15602581295.013428,38897618892.613495,14974347926.20398,553718718.5761461,5254600233.078003,3264191200.6857147,154444916.88537598,79346438659.66797,290755940024.2462,52330140273.28491
2019-04-16,223383827226.3794,876793000488.2812,303908972192.3828,46762304214.47754,2830419104.576111,42444637994.61365,16244787825.836182,348054333.81500244,88978580156.71028,246656563135.33783,235302070545.95947,306388768954.4678,19214627453.61328,472374816730.49927,18955092344.284058,15381512660.980225,37333295426.52644,14546383813.61547,571367107.1853151,5315699883.460999,3151311478.12381,156076740.8065796,80847277392.57812,290231448699.1043,51342959644.31763
2019-04-17,227733839865.0055,884052823242.1875,312662456469.72656,45905505803.83594,2816582962.989807,42728197170.547485,16031480586.669922,345704378.8959961,89177399145.4541,247894779195.40405,235693966372.68066,307498601861.57227,19227812699.890137,473712917610.16846,19008639639.85443,15111819683.074951,37409181546.963684,14217019997.508476,564748961.4568768,5309589743.614197,3172023232.409523,152968006.66046143,80744054187.01172,295785792599.6399,50407762609.10034
2019-04-18,228552253347.99957,886279502496.1377,310364722373.9624,45828458765.64844,2801695283.8897705,42774024942.9245,16285009201.042175,345079935.8670044,89194706315.43561,247894779195.40405,236139291562.6526,305278791915.89355,19198405961.608887,471967632476.80664,18740918446.540833,22421425683.773293,37539904409.39607,14376459835.141922,566955010.0330229,5401240093.231201,3203091160.12381,151284541.557312,81756532971.1914,298360318700.8896,50283069363.40332
2019-04-22,224446172292.04178,889081150142.9443,310747657023.6206,46459134899.26758,2834328778.2669067,43197463382.21741,17052825272.079468,344258277.8670044,88494472011.17465,248059839823.5321,236050222499.8474,305966896142.5781,19301818432.617188,482264582279.2053,18272393157.958984,22088899813.744057,36622809701.64212,14242189584.798386,551512670.0,5877819930.076599,3011506297.2190475,152172754.12750244,81597686999.51172,295976542256.7215,49981713123.32153
2019-04-23,227683444459.8198,901150123444.541,311130566433.7158,47356654765.33008,2867414211.2731934,43777335377.05994,17258448885.627747,347742099.7630005,89099593509.37346,248224975122.83325,229704202705.3833,310562178021.24023,19242003289.031982,485056842716.21704,18018050104.141235,21966757088.523163,37234199864.42157,14487643186.797104,558130815.7284384,5902244204.881081,3035324903.533333,154052451.78222656,81510358801.26953,297835870595.3369,50563630319.97681
2019-04-24,227332269881.7253,898061248743.5889,310610858592.2241,46814598501.63867,2874933903.694153,43414185199.76807,16912277157.707214,346033062.15600586,89497264327.79085,247812211545.75348,230884337601.47095,309008152514.64844,19269377286.52954,475632688430.78613,18178687822.34192,21851389821.783104,37558874165.08324,14668052465.091614,569161058.609169,5614777797.2951355,3088140202.87619,154444916.88537598,81558004785.15625,292925152817.6651,50262287924.957275
2019-04-25,225269259649.086,927802373715.0732,310774940991.21094,46826907547.27734,2810869291.305542,43665359345.8786,16645643108.74939,348300821.18499756,89488616216.28839,241226714441.02655,229971309273.52905,304982358763.9114,19311960081.481934,478308645469.6655,16344754434.585571,21464582117.565727,37495629028.012985,14701374677.443237,558130815.7284384,5461869910.2951355,3067428448.590477,152854401.96990967,81875644677.73438,293664186183.7616,50324632240.29541
2019-04-26,224193743624.4011,933118675805.1855,313127495417.78564,48017857482.38086,2678229349.1363525,44012654932.09076,16940296445.831299,352031155.526001,87768342633.80098,243391979362.23376,235716203452.30103,306598419910.78375,19436663031.00586,468244577774.04785,16732960864.067078,21349208597.51835,37655852250.09407,14806258318.841553,555924767.1522923,5382357739.05946,3036360520.87619,154320980.01861572,83231769226.07422,294689225181.6101,50844186661.52954
2019-04-29,224533965936.5654,932256585404.1211,317640985508.728,47717534798.52539,2741379352.56958,44659706184.7229,16803815119.171143,355909382.28900146,87794265074.35518,246760169239.66724,233311399128.72314,305397231518.34973,19442752063.75122,465219435230.2551,16639255528.450012,20874185486.942787,37052891775.455475,14579698851.905823,558130815.7284384,5382357739.05946,3089175820.2190475,154124747.46704102,82914428625.48828,295142144866.9815,51374147954.559326
2019-04-30,220210330788.42163,938219250675.7178,317449442465.20996,47424348882.052734,2766907573.699951,41309372942.276,16745518174.163818,356123021.3930054,89406252983.09326,245236500566.03082,237096693429.56543,308367376890.4036,19713444765.472412,467022841472.62573,16406627576.935585,21077772850.021515,36620692224.54808,14734590496.16272,549306621.4238539,4807424048.941622,3131762551.819107,154610162.75787354,83882521105.95703,294641532364.89105,50927321645.355225
2019-05-01,231019480089.75983,918678924669.331,315014960417.1753,47055100050.052734,2758806747.4365234,40425957883.71277,17119257516.456604,356123021.3930054,88119567340.85083,242670224388.49805,233645438300.3235,310005315024.47363,19594825334.93042,457656747116.08887,15606952165.752813,20575593189.083588,37474544161.127975,14732495094.898071,553718718.5761461,4672864945.058378,3128602475.968155,145645458.442688,82906412805.17578,293020538451.1032,51052019506.073
2019-05-02,229516070970.34454,906681801978.2666,315698801136.7798,46791704503.11328,2800386524.2004395,40191324777.87781,17130554532.089233,354841211.84399414,87936996002.19727,244594886183.0016,235048225729.37012,308542048428.00055,19437677563.476562,449628753639.2212,15340396462.224384,20426297040.153984,37485079496.8819,14780897936.942749,542688475.6954155,4575003990.705946,3170738494.9840775,145459548.21777344,82721613012.69531,292233833878.0823,50781846961.21216
2019-05-03,232369224003.69644,926006517690.3955,317640985508.728,48309071397.33984,2797634845.7336426,40985154240.80658,17400352021.255493,359228887.6300049,88745501838.68408,246278999257.17673,236206043049.62158,310136394639.4324,19507632518.00537,450675912483.21533,15926821223.479591,20507732298.050842,37824519355.69318,14795631806.565247,566955010.0330229,4746260952.471352,3161257865.5904465,145655780.76934814,83826273730.46875,294760753601.7914,49347853868.10303
2019-05-06,228780794809.53217,920618540377.7344,314823417373.6572,48015885480.86719,2749328613.28125,41119873208.473206,17112930636.039734,350289244.5780029,89075860897.06421,244354373733.59,235315392669.67773,310311106689.96857,19354539200.59204,448697959373.4741,15620282925.31,20317717738.509396,37550439745.149994,14724076403.09143,553718718.5761461,4642283542.647568,3118068420.9840775,146089564.7277832,82416335180.66406,293163595291.46576,49618035643.00537
2019-05-07,222613563333.22525,901724928328.7988,309680805935.66895,47288468587.27734,2646295467.376709,40616841117.43927,16741903060.203552,344159657.84399414,88067389160.15625,239943594487.71857,233133200630.95093,305681186709.58636,19237950672.912598,446312730239.86816,15247097746.519047,20847041443.195057,36690273231.62709,14023227263.953857,544894524.2715616,4507724438.764324,2979019457.7713394,143424936.86676025,80616731469.72656,292019335056.7169,49285509552.76489
2019-05-08,222657425052.07062,901653019255.6055,308039527633.667,47208953730.052734,2658677726.7456055,40338444887.58087,16466682038.124084,343929594.6069946,87198013366.69922,238981254522.73758,233957099523.92578,305288028890.5885,19048356241.607666,447010856529.23584,15153807331.41119,20494162621.16722,36439377037.8934,14063218367.957153,593903563.6836548,4642283542.647568,2985339810.393631,142495415.29083252,80913980468.75,290255327522.15576,50303846186.82861
2019-05-09,220265214980.03006,901581227107.7344,307793265217.59033,46768318443.25781,2601657649.9938965,40241626396.7514,16393471239.578247,342729980.94799805,86997001590.72876,238259481413.54343,232108966780.85327,302973099285.10187,19122365650.177002,446603764045.71533,15033852630.323135,20310936026.721245,36635448319.112915,14176867230.464172,566907915.2372589,4666748781.235676,2975859181.0,142660661.16333008,79933864257.8125,284438748763.94653,50345413678.741455
2019-05-10,217213762747.19238,913290888894.0088,307766006489.563,46524860770.66992,2551387988.090515,40230258904.08325,16316191929.374695,343485917.3410034,89068369125.36621,237217000857.85593,236050222499.8474,303672008256.6554,19441728341.674805,450487202419.281,15153807331.41119,20460232175.65085,36939033021.09718,14362076132.288513,576724493.3954315,4562771371.411892,2954791071.031845,143827724.29656982,79833425769.04297,284319527527.0462,50168764529.418945
2019-05-13,204589415781.59332,886135742812.4121,299395482101.4404,44868165396.16406,2394666213.5124207,39160450360.58807,15603059413.330078,336896204.1329956,87302903675.07935,226551066245.9833,236272854908.75244,299631774363.5958,19763118260.19287,445485758628.8452,14274165347.51318,20975978386.818737,36894771835.09126,14416792993.188171,547274758.9209137,4318118693.882162,2824169311.6222916,139479641.1819458,76499319482.42188,281911872259.82666,49223160622.406006
2019-05-14,207828109637.73727,896049665499.331,301775345735.16846,45297475759.98047,2448921944.618225,38756298758.35419,15618876614.372253,334727040.05200195,87652484825.13428,229518244867.09122,235137234420.01343,298801887059.4317,19760082014.465332,446074158382.4158,14474079704.151905,20921687172.669613,37158299548.60716,14524133631.644592,559545481.6186295,4519957058.058378,2815742107.819107,140977196.06018066,79552227929.6875,283842772238.2126,48838683243.56079
2019-05-15,210317714138.69858,908667953964.9316,300626516546.63086,46061331485.34961,2411743984.222412,40339136637.542725,16042779326.248169,333560274.6589966,87294151348.11401,226871809963.3935,237586633647.15576,298998496353.6351,19756029398.345947,449369197002.4109,14460753094.89346,20826685364.542793,37316424220.76376,14578857446.30951,571816204.3163452,4532189677.352432,2792567347.5904465,140688013.32092285,80592625451.66016,287585415787.46796,48776338928.22266
2019-05-16,209392352977.84805,929650612284.126,304483424645.9961,46957867228.75195,2420962826.728821,40811156597.14508,16238009271.66748,336271761.1040039,88543961620.33081,229277659875.84595,240726247676.84937,301837521597.7909,19984144818.878174,449310372322.0825,14207524000.623474,20731674176.454998,37393214113.54729,14587272661.23352,593903563.6836548,4611701848.588108,2822062661.361786,142588365.47851562,81199186218.26172,285821386643.1122,48620471217.34619
2019-05-17,208202663091.1827,923449653205.752,303006253982.54395,46008402964.72266,2365648900.5088806,40269537580.078125,16018375152.08435,334036850.3410034,88150662872.31445,227753918660.37592,239256608140.56396,302711041337.5325,20173735574.34082,446662588726.0437,13821016362.872818,20982763225.260548,37211903658.685,14578857446.30951,625807442.6977158,4532189677.352432,2842077144.819107,141328352.15759277,80821596838.3789,282245635537.6816,48620471217.34619
2019-05-20,201692190408.8974,910110110889.7559,304592812911.9873,45761500862.82422,2293408208.3702087,39438499390.27405,15731857114.372253,333149445.6589966,88727501770.01953,227753918660.37592,238989421076.2024,302296107813.6852,20211249382.781982,446603702865.6006,13594440487.11972,21152418579.49607,36380045093.128784,14376808842.950134,630715731.7768021,4519957058.058378,2838917068.968155,140739654.50286865,76515377148.4375,281554294988.30414,49108855788.42163
2019-05-21,205558814178.37143,915013257353.6426,305632380032.34863,45725805757.33008,2343432756.1855316,39775466433.95233,16010239852.714539,334184742.7630005,88377909610.74829,230079609846.66345,236851823941.04004,301640973072.99646,20165630342.10205,448663025527.9541,13794360377.4901,21267778029.601982,36857842561.39197,14532548846.568604,615990864.5395432,4666748781.235676,2844183996.0,141813767.4484253,77828930664.0625,281888036656.36444,49389416744.99512
2019-05-22,201350669270.3247,920565339356.1035,303143077653.5034,45778978430.52539,2300209231.853485,39824045303.878784,16256989912.91809,332935831.6300049,89348041751.86157,228475709905.02847,237631148054.5044,303038628964.34644,20472824157.714844,444603113113.4033,13407856890.038185,21254203662.73787,36618948559.052765,14673561934.329834,620899153.6186295,4464910417.05946,2563979218.393631,140739654.50286865,76937170654.29688,279671087826.63727,50293457775.11597
2019-05-23,197913693766.4032,909821597657.0654,297179751345.8252,44690925656.30859,2226457765.817642,39461926125.572205,15917145065.414429,330799515.81500244,89024651527.40479,222621438847.14398,237720176869.20166,305288028890.5885,20635042753.601074,434188116279.60205,13261243436.701584,21471365392.680706,36576281987.08191,14854560331.289978,613536720.0,4189676045.47027,2511309144.393631,138312578.04870605,76571624523.92578,280028665098.1598,50272671721.64917
2019-05-24,197153617041.87393,910254162886.7871,300106657267.7612,44882934748.453125,2193662429.0943146,39230049418.05267,16015663385.627747,331440408.05200195,89732599182.1289,225989683130.95267,237564376443.48145,305310027416.6039,20618821261.59668,436012231990.8142,13434508725.12216,21661379952.222153,36544285606.94806,14844032330.688171,613536720.0,4128512949.0,2573459847.787262,138477823.9212036,76242240673.82812,282603147979.82025,50490888362.88452
2019-05-28,196338340194.98825,909677545660.0342,296851536068.7256,45206643492.16406,2166156470.7756042,39262781648.0484,16045942766.456604,328170200.18499756,89514093761.44409,223744205077.2053,232598826502.22778,301396112868.1407,20395774827.575684,427245029777.52686,13367870145.098282,21491719908.006138,35853197864.9621,14677775916.07666,655257235.6836548,4091815091.117838,2527110126.4095535,139768823.9212036,76720275048.82812,284629433591.6443,49815466230.773926
2019-05-29,195402026768.20755,900880610576.7188,296030871678.1616,44782253741.64844,2120968722.5818634,38586788213.10425,15780663738.754272,326231099.3410034,89251909275.05493,222541280120.97903,231997660638.42773,288774711772.7125,20147377947.235107,424597093231.2012,13314555407.467018,21444224475.58663,34972282441.8138,14479937817.581482,635624020.8558884,4128512949.0,2481813830.6222916,138137000.0,75744140722.65625,284987010863.1668,48869862323.76099
2019-05-30,196415567711.16257,906576978426.8555,292857779058.8379,44711603500.75195,2104778831.0050964,38637434381.76727,15900876190.620422,328235946.8670044,89313048957.8247,217809739022.23904,234536048432.15942,290489847312.5325,20169682958.221436,423479148994.4458,13087985065.44558,21776742528.98172,34778170122.643295,14568330604.66858,642986454.4745178,4055117233.235676,2388061163.1968155,138044049.8123169,76278389941.40625,285463787761.79504,49025730034.63745
2019-05-31,192857380110.26382,891795279186.0352,289848743598.938,43696169212.75195,2049553329.706192,38123723897.64404,15513578016.044617,324423441.71099854,88657571228.02734,213318819185.6611,229147531124.87793,288378920612.66315,20222738227.84424,416418199001.31226,12941374378.974808,22455357692.616493,34573420734.18251,14797648398.490295,628261587.2372589,3792115480.9405403,2366993053.2286606,137269451.78222656,75539268847.65625,280290856736.2442,49046506858.062744
2019-06-03,190907508188.8199,864106895172.2461,291216525996.3989,41668253004.73242,2024134867.4297333,35789094280.22003,15213049472.297668,326296820.94799805,89112092227.93579,213960415433.2319,231129227214.0503,289016574020.0634,20362513968.658447,422949573921.2036,13221262225.493336,22821806191.527954,34483833708.88316,15059476203.857727,635624020.8558884,3853278869.0594597,2404915570.8031845,135193521.57592773,75109433496.09375,281601966195.2286,50428544047.54639
2019-06-04,197891666372.5853,888045834876.9434,300188786805.7251,42575865762.35156,2163635852.3368835,36331749597.03827,15970923548.957825,331276066.4219971,89636466705.32227,223904558800.45197,233088766719.8181,294051886727.0984,20342105692.29126,433011347362.5183,13754373632.550198,23317194760.71675,34577684079.12492,14865211181.74469,633169876.3163452,3828813630.4713516,2325689362.457588,138209295.68481445,76507361328.125,284963218479.2938,50023285230.25513
2019-06-05,201086305441.09344,907298056889.2676,301255612654.1138,42795941131.27734,2137611483.335495,35992378655.98297,16076222147.285461,334086147.81500244,90272991876.86574,223824363803.3702,237653425382.23267,295481223736.9456,20879787684.631348,429422032390.5945,13461161943.63905,23501171752.041084,35183443408.96156,15304419108.215942,623353298.1581726,3688138362.7654057,2326669035.0,138787661.16333008,76081553405.76172,286584169173.49243,50553246523.28491
2019-06-06,204038590522.48,921646840124.3994,301912118927.00195,43186359869.05078,2175437457.561493,36099872889.51874,16139490951.454163,336501824.3410034,90869491634.30914,224791981186.74805,239100767466.73584,300538534969.9959,20993042223.358154,437247825588.2263,13581112494.428364,24059914141.011993,34901904127.717255,15331864460.731506,628261587.2372589,3743185003.764324,2274747511.3727646,138818647.84240723,77431275708.00781,289158716884.53674,50875361126.708984
2019-06-07,209469475183.77304,947460560446.3037,298602227876.28174,44409064662.81445,2201461826.5628815,36809976753.61633,16308510027.702332,338210861.94799805,91690807947.37576,221969922503.8238,242195806716.91895,304650436252.5971,20853260968.780518,438836734348.2971,13794360377.4901,24305204810.605408,34850706134.06918,15340308649.67743,625807442.6977158,3724836220.6475677,2285523722.4858627,141638189.39971924,78981816430.66406,291757100199.0433,51259847735.5957
2019-06-10,212146391514.8735,956113326607.2656,301830014628.6011,45802364490.38086,2245793493.747711,37305775949.45526,15908106418.540955,340429348.5780029,92953001891.50185,226323901493.96024,242084480450.43945,305683921332.986,20754296266.937256,440778621780.3955,14140885420.599594,24046283494.382008,34424104293.55788,15154491293.392944,652803091.1441116,3645324049.411892,2258093451.8586273,141028837.24212646,79640584130.85938,294379297507.2174,53213395249.938965
2019-06-11,214603016356.08673,952508051220.5273,302760168243.4082,45877935344.578125,2280895719.051361,37246513385.67352,15874663597.503662,339558393.1040039,93316071181.84448,227694525034.08856,243554079738.61694,307354978794.8968,20606356480.407715,440366328987.1216,14154212029.85804,23794172029.829697,34697135812.086914,15251626122.371216,642986454.4745178,3608626191.52973,2250256258.3727646,138539787.42980957,80379718237.30469,297955048612.648,53608256425.476074
2019-06-12,213919974078.94135,948109262134.2334,298903083467.10205,45671648961.47461,2212052779.9129486,37179676027.290344,15616616521.66748,336173166.15600586,94076883206.4545,225356374787.87448,244222097709.65576,311532754116.7262,20869585384.368896,435600398048.4009,14114228051.783964,24168929610.84213,34671536815.26288,15428984223.218384,638078165.3954315,3363973514.0,2231643040.6272354,137031900.3753662,79062150305.17578,299599921349.4873,54522685867.30957
2019-06-13,213875884187.8891,954094318605.044,299641694038.3911,46040405732.14453,2243221330.4042816,37590026875.35095,15520356570.213318,336863355.8670044,93929934886.00208,225275726404.33252,246960880832.67212,309400011199.06824,20892035591.12549,439424950561.52344,14434099876.37657,24223441254.074272,34942417734.15115,15350864465.340271,650348946.6045685,3474067087.6464863,2268869662.9717255,136381239.21203613,79508030310.0586,297478314933.609,53722556644.4397
2019-06-14,212322645768.83316,955031416600.3418,300407689535.52246,46024896409.76367,2188449569.46373,37427743924.53003,15353145912.91809,337142716.5780029,94293015066.24545,226081974478.7928,247606661724.09058,308036548228.4493,21115467988.586426,437483277259.82666,14194198774.797943,24482376640.23914,34750453648.72522,15471226029.243774,625807442.6977158,3315043036.823784,2336465573.5706863,138033717.6361084,77134007189.9414,296524804355.9418,52953601886.74927
2019-06-17,213589475413.1317,957915847375.3125,298766360754.39453,46427624193.17578,2194350372.0760345,37689257214.70642,15845289288.124084,334381932.6589966,94370812517.06152,225195041749.87375,247139059206.39038,306607373270.3591,21055274233.24585,441837618976.593,14314145175.288515,24679976461.55931,35522594628.43712,15473339973.882446,588995274.6045685,3412903991.176216,2357038136.401039,145883000.0,76177964465.33203,296000313030.79987,53005562405.39551
2019-06-18,218612774306.10657,974571976457.373,302842146343.99414,46805241823.98047,2313123481.0352325,38080313274.55902,16139039277.702332,338539520.1329956,94794451435.26515,230758420054.8882,244043959584.0454,308344547849.13354,20958345948.028564,445662171489.7156,14833932739.952759,24536882030.163963,35435146373.29756,15329753992.975464,566907915.2372589,3626974974.6464863,2327648707.542412,150365352.15759277,78218569799.80469,298860931202.98004,54231718038.94043
2019-06-19,217973839471.72165,978393563690.3027,300653775274.6582,46987897994.66016,2316754710.674286,38055158489.54773,16428269081.871033,339755583.0,94768500801.82524,228339585154.21536,245869875371.5515,308828191317.9569,21042009956.359863,443190923114.7766,14913902079.533823,24775381608.008244,35251699514.17168,15460670213.580933,561999626.1581726,3645324049.411892,2298259091.830353,152513578.04870605,79062150305.17578,298479518327.9953,54470729963.68408
2019-06-20,219725412193.6798,987478895080.9863,301419796011.35254,47219294530.37109,2331582364.797592,38354566955.79529,16504643320.625305,341875449.6069946,95373652585.39874,227936470184.71442,248809013575.74463,312698210096.73755,21056294279.47998,450781387001.0376,15167129790.370895,25606675959.832542,35162119586.56091,15475443487.87323,566907915.2372589,3816580719.5286484,2296299933.598961,152740787.42980957,81006377111.8164,299885991810.62317,53119871854.400635
2019-06-21,218976340390.20538,987622830152.6953,299368198133.8501,47049687375.421875,2296177258.7299347,38773876098.38104,16685412810.203552,338868203.3930054,96073905872.0485,226727034598.9196,247606661724.09058,312434450605.7194,21175667257.69043,457136349060.0586,15113819203.038374,25545341958.314674,35000013111.10904,15255852852.687683,564453770.6977158,3847162413.588108,2305116799.6272354,151532415.29083252,81251406164.55078,297573678957.2525,52828913256.073
2019-06-24,218755978693.48526,993463483850.5078,297234470718.3838,47113689154.072266,2309794551.372528,38475156731.71234,16768113929.374695,339919924.6300049,96169018265.02547,225598229261.2083,250122832562.25586,314567234036.3167,21241979452.51465,452781884983.06274,15113819203.038374,26192667135.44879,34560616503.9781,15156601761.148987,512916676.85588837,3773766697.823784,2269849335.5141373,146223823.9212036,81464300366.21094,297478314933.609,53296511773.68164
2019-06-25,215440215286.541,962097681526.1426,294772628984.0698,46236599223.69141,2291941138.7443542,37471848947.9599,16282749108.337402,341924772.15600586,95719483162.88557,223824363803.3702,248764519292.44995,317161864974.4182,21039966188.049316,448780736068.7256,15113819203.038374,25851972882.733276,34445444677.23189,14867323967.422485,503100098.69771576,3785999317.117838,2263971487.113098,144757245.87249756,79953923327.63672,295428193718.32275,53182216169.73877
2019-06-26,220099948095.41702,965702723062.2363,296742097323.6084,46718101894.23633,2409654891.014099,37221703150.45166,16368615391.662598,342647810.1329956,95235339956.22531,225033799389.16504,244333423976.13525,311906506237.82104,20718587297.058105,450722470550.5371,15313737709.975838,26076821490.698784,33971917651.5997,14464018330.98236,525187458.0650253,3908325510.058378,2244378409.9717255,143683132.92694092,82102995983.88672,293902563828.1784,52901655213.16528
2019-06-27,220033865913.96332,967289399685.3809,297726919831.84814,46876876187.53711,2469722273.826599,37094569578.91846,16722017347.503662,348415865.3410034,95183460469.14697,227452724967.12994,244444750242.61475,309355933121.15906,20869585384.368896,446133044242.8589,15407035042.248262,25947363959.24074,34112690841.066147,14658278717.251892,544820614.3813705,3865511488.3535137,2266910317.886902,145655780.76934814,82344017126.46484,294808381589.1266,52849703924.56055
2019-06-28,218028934283.82874,965919444147.0557,305823822117.61475,46614712672.01953,2484852373.123169,37307156798.99597,16599998200.630188,350305668.71099854,95520633575.55334,233822333211.14627,244155205354.30908,306255558905.8707,20901216007.232666,450898975181.5796,15473673622.27214,26213110760.40353,34076445311.36705,14611044107.77069,552183048.0,3920558129.3524323,2228704023.0,148010571.38824463,83525010314.9414,295571250558.6853,53036736870.57495
2019-07-01,222042475485.76355,975791534019.4702,306407572178.6499,48343077026.36719,2514205671.787262,37859839205.36041,16939224286.003113,352688471.8959961,95633017351.08832,238491004079.43726,236866305793.7622,310660730256.65283,20858711859.13086,450487202419.281,15264267432.21283,24204256347.65625,33837541845.44307,14768038659.126572,517697306.52408314,3947399883.2702637,2232622713.169647,144370932.67440796,86352968298.33984,299862134597.36633,53535514468.38379
2019-07-02,223342441164.1693,982263931411.7432,306731025381.4697,48647896438.59863,2454591593.7423706,38293506608.96301,16976756553.80249,352557003.6069946,96480240737.99194,236302164773.55957,238988645954.13208,312154316537.4756,21230862211.608887,445544644489.2883,15264267432.21283,24542638183.59375,34543551294.72748,15000311803.231659,531564185.3795843,3751560070.037842,2217927811.886902,144855501.96647644,86132032250.97656,302746545153.4195,53982336162.56714
2019-07-03,225193268615.2649,988592707672.1191,306242488189.69727,48765848464.96582,2462459814.5484924,38651111381.14929,17261187940.19699,353575876.5780029,97102674794.02415,235491576742.5537,244562479557.03735,316857932499.6948,21340253953.552246,449781122714.99634,15077632678.985596,24746944335.9375,35200515715.90077,15338958261.432587,526941892.4277506,3708719964.981079,2249276585.830353,145535961.80915833,85895025524.90234,302341296674.97253,54325250664.52026
2019-07-05,224994956270.75195,985715969985.9619,308061048239.13574,48864186592.10205,2424331685.5430603,38984273596.572876,17208280862.998962,353723769.0,96808756373.31787,237193928302.00195,242568769008.63647,313358098204.0405,21276872456.359863,447957007003.7842,15050972745.895386,24529866210.9375,34758980338.61005,15193520039.511932,543119917.7591686,3769919906.616211,2311974320.5706863,144587441.73049927,84256102575.6836,301721506155.571,52569133737.94556
2019-07-08,220356908321.7621,984996873031.6162,306378151515.9607,49100846649.16992,2378637490.5109406,38437715575.790405,17009767630.59616,353526579.1040039,97448516261.41171,236707549956.51245,244498155063.62915,314249608827.2095,21381155223.083496,450016513206.48193,14957653293.60962,24446866699.21875,35040536181.127716,15219565290.728142,536186478.33141804,3782159894.9432373,2370753365.1413727,129833834.24758911,83565193518.0664,302436660698.616,52174272562.40845
2019-07-09,221700949261.01685,981400921768.1885,307681016838.8367,50005745460.510254,2380150877.9525757,38695853015.32745,17180244648.799896,352902111.0,97586828890.58514,237923504936.9812,242054289310.45532,315230594982.1472,21281981431.57959,449722298034.66797,14491061567.306519,24746944335.9375,35093861115.454605,15349817674.004791,531564185.3795843,3757679918.2891846,2298259091.830353,127833691.73049927,82994782019.04297,302508210728.5919,52298961193.08472
2019-07-10,223893320489.73083,991397489013.6719,306785290711.9751,50737860824.58496,2421758796.2150574,39267880858.039856,17228628810.005188,351718921.473999,97673272922.58093,235248341986.08398,243855065128.32642,314784757526.3977,21416934625.24414,456077168323.51685,14597709602.355957,24932106445.3125,34955217232.56317,15464869967.439835,531564185.3795843,3959639871.59729,2280625546.6272354,126771755.12313843,83601336279.29688,303652406133.9569,52444440492.248535
2019-07-11,222262799131.39343,995353222000.1221,309716862036.1328,50326909149.16992,2515869628.429413,39376985420.60852,17160800594.997406,350305668.71099854,98485920874.66638,238004589266.96777,245205588867.1875,312332651519.7754,21510995758.05664,456430208175.6592,14797679857.254028,25078951171.875,34671536815.26288,15338958261.432587,529253038.90366745,3837239988.3270264,2290421898.34449,126596492.91038513,83850392761.23047,302150590237.48016,50854584303.28369
2019-07-12,223970412702.25525,998948823394.7754,312974149691.0095,50576651535.03418,2535992759.2277527,39420350307.655334,16878178719.997406,351833965.6300049,99073801275.68188,238734129434.96704,246513352317.81006,299380939945.9839,21340253953.552246,456783125667.572,14757505914.68811,25168335937.5,34609666263.88161,15354151225.675392,529253038.90366745,3953520023.3459473,2351160288.0,126833620.47195435,83625435791.01562,304439067487.3886,49399823616.79077
2019-07-15,226074668515.01465,998948823394.7754,309173984905.2429,50827898254.39453,2530848722.934723,39598294874.38202,16577468631.000519,350913687.6069946,99402306021.10709,236869663916.01562,247563798419.9524,300294916998.291,21352530964.660645,453547034088.13477,14918203068.733215,25008714843.75,34682199909.4113,15280351398.896965,538497624.8073349,3873959953.3081055,2307075957.8586273,127452224.79820251,83055017785.64453,304248382659.69086,49514119220.73364
2019-07-16,225292442340.39307,985859766052.2461,312485612499.23706,50548986381.53076,2527973824.0242004,39699827327.72827,16549884363.40332,349829118.1040039,99212124794.75604,235005180163.57422,248442738372.80273,295368423380.27954,21253353489.68506,446780146316.5283,14891417211.532593,24702257812.5,34558482465.6107,15165300293.061722,533875331.8555012,3708719964.981079,2333526555.943451,128359498.03352356,82348044555.66406,306584531116.52374,49586856562.805176
2019-07-17,224025493613.66272,980034567581.1768,309418228631.5918,49268481802.61627,2567767071.247101,39468541752.43378,16389355345.401764,340905899.18499756,99073801275.68188,236626502093.50586,248549939403.53394,293941784593.9636,21460900543.21289,444132362720.4895,14811073477.745056,24938493164.0625,34157486719.612015,15178316386.870926,538497624.8073349,3561840105.0567627,2279645874.0848236,126307814.16893005,87437543920.89844,308372439083.93097,50199934379.57764
2019-07-18,226570396717.6819,981113329635.6201,311264070563.5071,48919004942.897606,2574878235.3401184,39485743148.80371,14705833553.600311,341776854.6589966,99177549359.93787,238977345957.94678,249080732723.23608,294409924190.52124,21711385826.11084,440366328987.1216,14931593921.661377,27059808402.889538,33997516648.423737,15217395545.893341,533875331.8555012,3445560070.037842,2227724350.457588,126462457.87620544,91044786682.1289,309445149288.7039,50168764529.418945
2019-07-19,219201089557.34253,982551523544.3115,308196811043.5486,48588080702.88216,2548552001.953125,38945729972.076416,14248664553.499222,338473798.526001,98468627712.30693,238328798952.48413,248152910030.365,290486534043.8843,21442494235.229492,441249127452.85034,15386907829.284668,26780346912.06236,33368287628.338074,14922165361.18483,533875331.8555012,3549600116.7297363,2230663368.0848236,125524251.96647644,89827644226.07422,310303252623.1384,49867412904.35791
2019-07-22,224210762223.05298,995568624542.2363,310178266562.6526,49110192028.77331,2592127048.0155945,39209369104.95758,14046081214.199066,336616843.4219971,97534927623.70532,239706886125.94604,248778678852.0813,286763781020.3552,21404668664.55078,441719908435.82153,15386907829.284668,27196136268.65835,33088861092.395416,14870060607.55481,526941892.4277506,3580199941.635132,2194416231.4293137,126039753.93295288,91482663879.39453,312615651915.68756,50293457775.11597
2019-07-23,225963602894.05823,1001753837982.1777,315851505423.7366,49329325035.9066,2657792352.6763916,39513622278.2135,13895952143.001556,339279032.3930054,96903814316.7912,245219253053.2837,245650047866.8213,287209597940.0635,21194055120.84961,443485107696.5332,15601173930.168152,27005287265.051556,33754352203.453537,15108852486.9627,520008453.0,3634112498.307674,2193436558.886902,125348979.92134094,92474842858.88672,314069796605.23987,51176708136.74927
2019-07-24,225779642285.46143,1012037764114.3799,317127238081.35986,49485633498.65433,2703183231.35376,39227269465.25574,14377088112.897873,341760430.526001,96826049535.6773,248623974405.67017,242952933483.12378,283658607004.1555,21476240361.02295,443426252426.14746,15989526654.24347,26787165181.93884,33950581999.71808,15043726889.124275,529253038.90366745,3646348555.5384493,2258093451.8586273,126534627.56156921,94021362658.6914,317049614404.52576,51467652890.01465
2019-07-25,223994322766.49475,1008226643554.6875,314087086357.1167,48818097712.29862,2623294727.3254395,39096820026.96991,14762357928.600311,341645386.3699951,97016241651.9291,245948847921.75293,243319796218.87207,286587438022.4231,21227795721.435547,440896179370.8801,15293166323.661804,26071478290.76662,33769276276.64818,14952556040.069641,524630745.9518337,3475043462.576978,2260052796.943451,125977888.58413696,92410586169.4336,315857661353.05786,50792239987.94556
2019-07-26,224773384134.97925,1016497191513.0615,315471399414.82544,48057066685.80307,2648865065.574646,42858027000.04578,15183803309.803009,344932018.3699951,97707859247.29984,242877566048.2291,247548763538.3606,285734992711.82227,21385245718.38379,440190007896.42334,15480645183.563232,25410328175.666046,33771417412.704163,15095826892.355095,520008453.0,3419981350.903797,2282584704.8586273,127142917.71888733,92731934680.17578,314546530284.2789,50750677111.05347
2019-07-29,226872441739.95972,1013260397113.794,314467117757.4158,47300243586.68121,2675486228.942871,42741691867.4469,15044527856.998444,342812151.7630005,97059452778.02626,240904207328.83087,250288967582.70264,290740189302.5215,21611191712.95166,443308572475.43335,15547606367.111206,25703413695.659256,34050832119.165848,15234766568.169548,520008453.0,3285384429.634652,2295320261.056549,125967584.24758911,92780140209.96094,314022125398.3154,51041626479.3396
2019-07-30,225898679676.74255,1008374904829.0924,313761345156.86035,46955963422.92091,2685127384.185791,42265347950.36316,14738390958.805084,341497493.94799805,96877907242.95421,243824751247.1953,259804284519.19556,288685630189.6368,21407736996.45996,443367488925.93384,15360121972.084045,25717047107.765484,34172415524.599045,15537188710.488846,517697306.52408314,3658584612.7692246,2307075957.8586273,127008892.51708984,91723665502.92969,312591794702.4307,50314243828.58276
2019-07-31,230507986755.90515,979061252078.2745,314874306692.5049,46170696244.323235,2582129779.815674,41928050198.36426,14605446208.400726,337586393.84399414,95902779987.3352,242167168271.9173,254690584167.48047,284620306100.07666,21180765155.029297,437542163120.2698,14809956512.530462,24892306994.15374,34596880960.846756,15407396381.280197,510763867.09633255,3719764898.9231014,2371534638.456545,140968633.46099854,89502274792.48047,307633427327.6291,49794675562.28638
2019-08-01,225519983894.8059,991921655456.5735,306568080172.7295,45887259313.853264,2523973548.88916,41707090226.55487,14447630594.997406,331473281.3930054,95033950511.93237,232774162570.3265,251864123302.45972,284773293615.9011,21496687312.316895,426362384262.08496,14327893104.873238,25321715688.445663,33590116421.42665,15509808232.128784,496896988.2408314,3511751634.2693043,2192250277.447195,139679883.46099854,88951967907.71484,308992186383.7433,50470111539.45923
2019-08-02,220748386011.6577,983587552969.2352,306540947507.4768,45093832907.4691,2466888263.7023926,41174985403.06091,14417332922.801971,333050850.71099854,95051362998.9624,231905859167.78027,251238373855.59082,286478083560.9276,21614256361.38916,422184577766.41846,13792271708.622131,25158124126.111126,33967651940.761093,15594409115.187576,496896988.2408314,3230322317.961471,2181293945.504675,138463303.1463623,88337352282.71484,307395028073.41766,50625983865.356445
2019-08-05,209192673944.39697,949891369090.6342,297420417726.13525,43656608708.61313,2307725194.9310303,39744224775.1236,13910875005.79834,324932865.6589966,91940886497.49756,221644550063.6433,243988615951.5381,284489125043.79913,21270735792.541504,413534933143.6157,13484287330.26213,25505746422.17598,33007805488.773285,15351751674.249893,492274695.28899765,3028426936.0577536,2127508713.1925201,136628118.5054779,85212145300.29297,305845562579.8111,49773903353.881836
2019-08-06,213152783329.01,967709615663.6292,299754896327.9724,44218044342.33738,2331600000.3814697,40306276496.315,14022567053.499222,329567028.81500244,93200703464.50806,224328253296.83044,246577831809.99756,285822440037.5956,21613234197.998047,417536143238.0676,13578020382.767536,25894262699.266052,32732656493.150208,15554334437.660538,496896988.2408314,2961128767.153797,2191254230.0,138257098.42681885,86320826940.91797,302865766390.3198,50781846961.21216
2019-08-07,215360034803.3142,971948260521.1334,293240221540.0696,44355803959.307785,2355168590.5456543,40472510769.65332,13759842041.397095,325721675.3930054,94008693206.78711,220144766189.55386,249253323863.98315,284598439234.8245,21763525367.736816,414829473781.5857,13497681324.3611,26821244020.73431,32745455991.562225,15877132736.053162,485341200.7591686,2844886077.596123,2197230324.706545,142638850.3932953,86646209387.20703,305654834532.5241,51426094628.14331
2019-08-08,220109997360.45837,997884954936.7004,298207613191.9861,45332503528.964386,2422047918.319702,41514689814.949036,14284840118.999481,329517731.3410034,94750852584.83887,224012477552.71024,253396073112.4878,287811358284.2539,22003783491.516113,425891542098.999,13551242080.309134,26780346912.06236,33093129169.13022,16026285023.979889,485341200.7591686,2802059731.4231014,2190258182.552805,144618374.40490723,88385564318.84766,308348603480.46875,52652264106.75049
2019-08-09,218296232990.57007,989407548714.5905,297881921730.80444,44706514892.79434,2332792871.4752197,40919604105.3772,13969659976.301193,327102054.81500244,93668213966.36963,223617855520.51862,251971963703.15552,288598202999.0985,22132607388.305664,416830063533.78296,13055790213.261246,26603140703.501987,33050464963.055557,16179893695.682266,526604161.5337801,2649108870.1731014,2100616002.04813,145061696.8536377,86762699035.64453,307466534883.8043,52236607647.70508
2019-08-12,217742265209.0454,975612467114.9856,292290205213.1653,44146071801.58066,2291486962.7952576,40423980433.273315,14055577267.799377,324029036.84399414,91869562061.30981,218171478486.85284,250353776447.29614,288357788292.7357,22027302458.190918,414804634654.9988,12747807218.578321,26214610352.001617,32643071833.747055,16193244637.86821,516525622.1854334,2655227044.653797,2083683575.399065,145102943.6969757,86144082006.83594,305678691745.78094,52309349604.79736
2019-08-13,226963327348.48022,995801691455.8441,296796092860.4126,45121039139.25114,2361086232.662201,41189094413.56659,14121145749.797821,326658352.473999,93781707046.50879,218802941204.22174,252986140090.94238,291614501478.3744,22044686602.783203,419927796283.7219,13243260469.303286,25669333293.04042,33137913218.195114,16090842498.561493,531643431.20795345,2630754930.1922464,2178305993.139715,143030631.4945221,88052159545.89844,308515452704.7043,53888817382.04956
2019-08-14,220207761451.11084,965813404334.1355,284472640232.8491,43602939708.45051,2270607356.071472,40071199571.22803,13525604327.602386,321777701.94799805,92725247352.6001,208541596591.73615,249835944900.5127,284707672884.9098,21977205401.61133,403009292072.29614,12533560043.754955,25880632414.806557,32446832573.897736,15977302434.672485,506447082.8370867,2386033493.846123,2016949916.25,142226450.78659058,83842363928.22266,301506964114.6164,52298961193.08472
2019-08-15,219110790085.14404,963651207292.0532,285558369625.09155,43928421947.32437,2250937965.631485,40245696974.94507,13374119416.599274,325885991.94799805,98391780639.64844,207199771606.40402,253288135837.55493,285319683353.91284,22201105227.661133,400626326602.9358,12038108176.707067,26255512152.14367,31986157096.393845,16075260329.63089,506447082.8370867,2361561233.519264,1978105015.6925201,140618089.37072754,84300293688.96484,303604713317.23785,52724996833.80127
2019-08-16,224280667599.10583,981312285785.2051,292398760743.7134,44335277576.36112,2414193746.5667725,40586095055.58014,13692464910.497665,328203073.526001,98653723106.38428,213356581924.73022,257150376045.22705,287111960895.1827,22239958486.938477,406881473304.74854,12185401985.160507,26296415516.109085,32141880383.91307,16208830448.627014,526604161.5337801,2569574352.3077536,2042846579.947195,141587227.9548645,85501391491.69922,307013615198.4329,54160259057.61719
2019-08-19,228462181359.7107,997747826078.305,295031847880.5542,44917733977.32437,2583955946.445465,41316785062.40845,13990008785.800934,330207921.05200195,99369681671.14258,215250952322.66266,259437538032.53174,289057246087.5121,22386159161.376953,413732300193.7866,12386263467.947363,25989695020.18628,32433862730.959717,16337946611.732956,561879109.3258266,2820413963.1345725,2076711433.245325,144082253.93295288,86642194970.70312,309039900810.25696,53698964658.35571
2019-08-20,228472990403.0609,989458112796.6156,291285873816.6809,44553172735.80063,2539927014.8277283,40734775802.993774,13520178380.89943,325623055.3699951,97832961288.45215,210909595097.5003,256546268302.91748,285450864410.1903,22403535939.02588,411230186450.95825,12305916107.478468,26289587863.292408,31906125925.823914,16144270546.159943,556839839.6516533,2808177905.903797,2082687527.95187,144865806.3030243,86240499572.7539,307585756120.70465,53761867391.204834
2019-08-21,230949312927.78015,1000487257554.4739,292100177078.2471,45101252445.78003,2590764810.562134,41011840867.996216,13466819357.099533,327414288.8670044,97806793308.25806,212567213581.12692,257193523830.41382,287483516387.3529,22621308309.936523,415340725410.4614,12238965508.462694,26262330422.02015,31875859015.808212,16173209726.990158,554320204.8145666,2802059731.4231014,2227111178.19252,145257587.4042511,87180458605.95703,309612020122.7341,54328001216.88843
2019-08-22,230753801985.7788,993206495771.2585,295113196137.23755,44634297046.8544,2594547190.1893616,41009775747.299194,13427026493.797302,330322940.1329956,97710745548.24829,214619436342.77087,257668207592.0105,286915239648.85406,22658109875.48828,414447189834.5947,12225577049.072031,26235072980.74789,32161339880.112488,16266699098.745575,549280935.1403933,2777587616.9615507,2379502828.05748,145597817.32559204,86469457946.77734,309063714803.92456,55250594630.43213
2019-08-23,220088293077.24,961560429103.154,287784242957.3059,43273004237.01973,2457769954.2045593,39703954921.53168,13178770672.90306,323996188.5780029,96767800823.21167,208936254132.27637,253137108901.97754,279177913150.98083,22686735975.646973,402056044704.43726,11823861001.883701,26787165181.93884,31583871936.969177,16139819018.155228,531643431.20795345,2600164641.25,2258983936.59626,142391408.66279602,84557385510.2539,304725202777.9083,54799780943.29834
2019-08-26,224269789598.54126,976410365999.2004,290091514285.2783,43749107632.31651,2503312418.460846,40309710421.37146,13338847744.30275,328991858.18499756,97780581550.59814,211383152188.6348,257452391166.687,281424038890.0243,22862594122.314453,404200774806.9763,11837249461.274364,26889404825.971985,31789335826.08069,16291190393.399277,541722030.6291332,2612400698.4807754,2237071272.71122,143948218.8987732,85959301733.39844,311757418922.48535,54694936901.85547
2019-08-27,221739180506.82068,978501085934.549,287024180156.70776,43574990013.26702,2448086481.5711975,40297324992.370605,13160231374.797821,325951738.6300049,98156017097.47314,208936254132.27637,260106415889.74,285475872372.10846,22902465861.51123,400268912372.5891,11663171815.654217,27775501549.35522,31462749881.2939,16280067036.129791,536682760.95495987,2587928584.0192246,2230099130.55748,143020317.32559204,85991443090.82031,310994679611.69434,54673984707.6416
2019-08-28,223227139278.18298,977203196824.5026,289901486150.3601,43634844477.97268,2441725404.73938,40398169072.151184,13193693535.699844,329402687.18499756,98417981452.9419,211935733109.5837,261940400196.07544,283361874045.38934,22741048765.563965,403187907417.29736,11984547420.759033,27857286383.758926,31694170017.55481,16337946611.732956,539202395.7920465,2691935216.346123,2345637974.75935,143783261.02256775,86666294482.42188,310589344694.0689,54831236924.74365
2019-08-29,227006787632.82776,995657688678.4637,296470451138.30566,44182675108.842964,2529264334.2018127,41103394552.230835,13420242982.301712,333921806.18499756,99605467102.05078,215724509413.79718,261465735809.32617,282392986670.5594,22733851261.901855,407655952377.31934,12212183054.973063,27339266766.069984,32057529086.89206,16458160932.772202,546761300.3033066,2802059731.4231014,2334681832.793455,145773089.37072754,88269074670.41016,311090022025.5432,55177206570.43457
2019-08-30,226713529839.47754,993782972909.1858,298207613191.9861,43932626100.77217,2536989100.456238,40975706550.979614,13283228125.0,334266913.5780029,99762584426.87988,217145358228.94373,259415935077.66724,282657221359.973,22524116226.19629,407953746585.84595,12305916107.478468,27189314871.13514,32213252374.411285,16482054967.600891,546761300.3033066,2783705791.4422464,2331693690.45187,147731994.87686157,89421940917.96875,311399863260.75745,54632038784.0271
2019-09-03,223411754980.31616,980663690751.4862,294678924275.97046,44267754494.23542,2486403947.353363,40253615918.540955,13081549541.397095,330142174.3699951,100094362895.96558,213514363271.74454,261854065876.00708,283494021592.9487,23190338381.958008,408430339679.718,12145231072.280212,27530112642.03005,32336534493.312103,16850506010.382202,539202395.7920465,2740879445.2692246,2214242789.1746273,148051596.4603424,88381543395.9961,313640690913.5361,55460278098.29712
2019-09-04,227202281335.5255,992125193362.7899,298234795596.3135,44534374810.91419,2555920454.978943,40691410915.94696,13182388833.198547,332262066.05200195,100331354906.1612,216987488111.05792,265845749439.2395,283758195876.6572,23042292288.208008,412779236366.272,12439822840.21832,27959529155.438805,32474955981.961258,17080516595.919525,541722030.6291332,2869358192.057674,2222080809.139702,141422270.07865906,91293856176.75781,314904107555.8014,56015917366.79077
2019-09-05,231644436127.09045,1009569918168.5669,305020896514.8926,45526162536.301765,2722216804.5043945,41721193941.87927,13260618719.997406,335630868.8670044,99924552755.39124,223423198753.48083,264874837085.72388,283141614709.30035,22599168803.40576,418617348815.91797,12761201212.67729,26814438261.44476,32455489388.073257,16747788245.964706,546761300.3033066,3028426936.0577536,2422930187.540447,145793707.87620544,95238518127.4414,312687137116.2796,55303007421.11206
2019-09-06,231622697365.2649,1002721980267.2028,305672354045.8679,45347836989.87858,2705707044.1246033,41519164243.125916,13121342404.699326,336436077.6589966,99309982370.94849,220324544958.52728,265112159591.6748,282326902829.1622,22633091735.839844,422549150070.1904,12613903253.192621,26350933526.300335,32712870503.275955,16959925952.632812,569438013.8370867,3083489339.4615507,2337691743.7794037,144226593.30368042,95829008215.33203,314784951148.2849,55093328568.26782
2019-09-09,232611061118.62183,991332246030.3864,313245625560.7605,45294413294.89918,2733726563.9305115,41483027278.51868,13309907636.899948,339541943.8959961,100694930327.44385,227475304970.92896,263601793361.66382,279552287576.05646,22607392153.930664,425885179367.0654,12988838230.568396,25941974950.16775,34218197981.858,16803612616.519608,587075457.6966934,3352682890.2692246,2438606227.4705963,148144394.48356628,96941717285.15625,316644301096.69495,53111860178.375244
2019-09-10,235358902674.86572,980952045827.5513,317235818481.4453,45027298593.92807,2774315780.6396484,41497827310.180664,13022763708.400726,342319151.94799805,100452582880.19775,233195983997.5475,258660742275.23804,285277661118.38696,22425410235.595703,429340356937.40845,13551242080.309134,26010138883.05216,34869209808.20604,16457490836.383163,617311135.8145666,3358800773.0193043,2516986613.994478,149453762.9890442,97078298535.15625,318527465038.7726,52000558566.28418
2019-09-11,242842191294.63196,981239934875.2106,318104411943.0542,45087647442.92606,2791733021.736145,41990001171.684265,13035425113.201141,346591783.5780029,100426575231.95953,234069968735.87006,261659891155.24292,288845020710.2036,22624870227.05078,428506257843.0176,13497681324.3611,26489019129.53272,34144668294.03044,16439636166.654953,629909310.0,3548460097.6922464,2594387037.790447,152113737.0109558,98512356115.72266,323128363191.0248,53300572991.94336
2019-09-12,242299084274.3683,991332246030.3864,320058834275.05493,45596153765.96325,2790824669.8379517,42505240842.819214,13062104625.10109,347347694.8959961,101205632870.17426,235738435019.9947,264896401290.89355,287215435868.0469,22694780677.79541,428804174411.7737,13886006144.804613,26447965638.52415,33582330257.05069,16633905850.224777,642507484.1854334,3456689522.596123,2580670549.569851,153000401.57318115,99151064746.09375,323700417674.11804,52073946626.28174
2019-09-13,237585427690.58228,989890820171.3654,326356323393.2495,45492031150.50114,2755536011.695862,42679394059.75342,13301316338.996887,351028731.7630005,101647068484.93103,239711109061.61945,263493914211.2732,287986172394.8604,22463456814.575195,432736006256.1035,14408236314.310904,26420601857.262993,33292510339.12578,16218556557.809937,667703892.6291332,3505633751.5192246,2620840425.25,150299180.70793152,100018731750.48828,325774396102.66113,51895714524.84131
2019-09-16,238834484192.81006,982754061165.5304,323451884734.3445,44712945662.5206,2729334357.2616577,42390287752.53296,13307647041.397095,345638657.28900146,100037068113.01758,239393344849.9775,258380291358.94775,285255613036.01953,22444949211.120605,439229388324.73755,14019912877.544466,26324830186.672306,33391996274.102737,16517777660.427383,695419875.8370867,3982840566.9806957,2521885306.3952236,152020948.82011414,98902014770.50781,324057994945.64056,51874748485.565186
2019-09-17,239703293375.7782,990395179413.501,321850435746.0022,45076767214.56879,2742359101.295471,42330055065.5365,13502542975.997925,345342847.3699951,100850737515.05371,237883742917.49954,261422588024.1394,285541895807.80054,22846941209.41162,435893359027.86255,13939566900.752647,27091047338.452053,33344413369.839798,16919737164.4888,685341336.48874,3683056727.2307754,2424889739.25,153629310.23597717,99661233972.16797,328539585421.81396,53436863784.79004
2019-09-18,241951574392.6239,998540889917.81,325080540996.5515,44950876594.54033,2725850792.8848267,42425392156.79169,13184197482.099533,346575334.3699951,101413357703.51624,238360460251.65967,261962003150.93994,287171460514.7222,23019670246.887207,433808310127.2583,13872613534.38272,26714778925.965786,33701292249.500427,16830407974.481995,710537684.8596067,3621876441.0768986,2335732192.069851,152722027.16827393,100340073754.88281,326704049467.07153,53436863784.79004
2019-09-19,239985724886.4746,1016922681340.4724,324049027195.73975,45050795056.55464,2679809722.4235535,42635340799.14093,12959908631.000519,343814575.526001,101370087573.69812,236930272740.83072,263019230449.6765,286510783182.6305,23122481466.674805,430889192722.32056,13993127656.700682,26947375758.155727,33441746339.2798,16886235986.865097,708018050.0225201,3579050094.903877,2343570212.0349255,155113950.78659058,100259739880.3711,325512139635.1929,54390908564.7583
2019-09-20,236477595563.3545,1005173056667.3065,322746261351.0132,44374601884.19422,2615441606.9984436,42328673023.22388,12243179969.997406,342006917.8959961,101257583066.15448,235102853334.18793,263752820297.2412,289901999738.3281,23206788766.479492,429399885189.0564,14019912877.544466,27255223770.725536,33532580191.873627,16946530094.56572,705498415.1854334,3560696154.923022,2371982964.3308945,153670547.24693298,98733285656.73828,325535975238.6551,55502205561.82861
2019-09-23,237552897124.71008,1003009985821.9635,322691846803.2837,44155468877.06093,2648003176.689148,42495606260.49042,12024769012.203217,341744006.3930054,101811577438.86841,234546703824.20447,265867371768.95142,290100190856.8146,23161550209.04541,429697801757.8125,13832442621.502426,27262063934.129143,33513113597.985626,16980017918.819351,705498415.1854334,3566814037.6731014,2405294595.9007454,155258290.15731812,99813846862.79297,325083033943.4891,55533666158.29468
2019-09-24,236423257278.44238,990323061517.7094,318484493082.428,43074891997.125435,2613018270.4925537,41932524626.54114,11512432339.401245,339180412.3699951,102486723835.03998,229938430342.59863,266708879516.60156,289681800807.9443,23493639123.535156,423800099876.4038,13403946888.178617,27563078038.58881,33307647342.97792,16993418632.65738,685341336.48874,3309856544.096203,2379821171.1691055,153495275.2017975,98974306799.3164,327562304070.06836,55491724849.70093
2019-09-25,240061784693.9087,1004595996993.8721,320303202349.0906,43735751708.57166,2699346257.686615,42882808448.410034,11971862797.498703,341990493.7630005,102547321546.9342,232401431435.04822,265435777667.99927,288448618337.99554,23582057177.734375,425051049682.6172,13484287330.26213,27070517465.301037,33255739580.47151,17000115954.719559,680302066.8145666,3126315685.6345725,2433707535.069851,154206667.71888733,99432256079.10156,325678988859.4284,55103818510.43701
2019-09-26,238823606192.24548,1005893653089.7156,317670115212.24976,43031114456.73542,2685866756.916046,42757180272.67456,11906746262.102127,340002070.3699951,102400151025.15564,231447943504.20508,268219206996.91772,283736248470.46497,23823657926.940918,422787354846.95435,13122744963.308249,26933692303.701782,33658020008.10379,17256923112.162003,667703892.6291332,2893830306.5192246,2442525330.889702,154000472.83172607,99637114941.40625,329731516863.48724,54715902941.13159
2019-09-27,237661470258.71277,992846139306.5033,319543089809.4177,42675210601.21639,2601357215.8813477,42194792307.47223,11896346315.29808,340905899.18499756,102529993964.8581,233195983997.5475,268780166954.04053,283185771279.74036,23776367675.78125,425825651115.4175,12921886247.875546,26270096368.856525,34164134887.91844,17223421934.5383,652586023.5337801,2771469734.211471,2566954061.3492546,151587930.70793152,97897779528.8086,329224205325.0656,54128807691.19263
2019-09-30,1000952285404.5258,1012007969512.9395,314316537640.38086,43744932861.328125,2636340960.5026245,41838848830.55878,12084434231.262207,341842601.3410034,102729092982.45148,232878778699.87488,279783498458.8623,288221217046.3562,24113003906.25,224038603919.9829,12824560798.64502,26008363277.435303,33664507295.468994,17283315070.070984,622677567.3249769,2740109871.3874817,2752127399.819851,152954631.89888,99789766870.11719,324899934153.7018,54202195751.190186
2019-10-01,1003722934119.5754,997741010742.1875,308601192333.9844,43738380615.234375,2635281894.2070007,41320121126.335144,12172938898.68164,339689861.3930054,102010633056.13098,227050796897.88818,278591283187.8662,289580081098.17505,24013647399.902344,218771541236.87744,12288528453.826904,25761453472.13745,32952940356.023804,17319373736.09712,594266395.4520853,2623640128.6125183,2760945195.639702,150861904.19101715,98572617907.71484,322001001815.6662,52996540039.82544
2019-10-02,978561942347.5112,980125632476.8066,302458520513.916,43173395507.8125,2620742165.5654907,40358041163.04016,12102948028.625488,333757489.6300049,100513158891.92657,222260713235.8551,272360390968.32275,294057732679.74854,23711449150.08545,213060277870.17822,11886503849.029541,25974071468.35327,32262995341.899765,17294580425.294666,570590465.9312327,2543950058.4602356,2694321932.5,149377407.64045715,96523944702.14844,317604273002.9526,52273144766.99829
2019-10-03,986874455986.8927,991990510253.9062,302027792810.0586,43455384338.37891,2745993670.463562,40752400305.22156,12108367121.154785,336846906.6589966,100677635295.61584,222021218864.44092,273845024585.72388,292253301362.60986,23821148803.710938,215693858089.44702,11873103767.39502,26145536785.125732,31901798701.68425,17538013988.444572,563487687.0749769,2599119859.6954346,2764864112.185671,149913476.11236572,98154864843.75,316952002962.2421,52828793265.53345
2019-10-04,1014538452006.7559,1005384305877.6855,308569627331.54297,43839179077.14844,2755989897.251129,41490064435.661316,12317886704.833984,341941196.28900146,102278955601.36719,226491976697.92175,278928765106.2012,297755733210.7544,24175096160.88867,218835000804.90112,11832902137.756348,26275849422.454834,32009953280.317703,17673241010.854694,580060837.7395737,2599119859.6954346,2676686340.860298,151119635.08987427,98833724145.50781,318449821046.7148,53803804084.77783
2019-10-07,1014761619113.5597,998104534606.9336,307896558709.7168,43663033630.37109,2791733021.736145,41397204438.49182,12393295806.152344,340560816.8670044,101473977115.57587,226012987955.09338,276319380283.3557,296641916896.0571,24067461799.621582,215820695762.63428,11739091873.168945,26241563884.735107,32057529086.89206,17540268036.854473,601369174.308341,2556210046.7681885,2668848320.8952236,151903111.46068573,99388058459.47266,316831204210.3348,54443325970.458984
2019-10-08,1002873962748.2375,987550225067.1387,301031757934.5703,42978850708.00781,2684201057.910919,40776384240.00549,12224415971.374512,335384356.4219971,101776933124.79889,220584181278.22876,272022969646.45386,293701282941.43677,23800449531.555176,211632510906.21948,11404075292.58728,26694235519.40918,31549265973.33284,17562807299.247025,622677567.3249769,2507170093.536377,2583609877.13418,148408363.05618286,97243000219.72656,317507634001.4267,53992512283.325195
2019-10-09,1014627832348.3239,1006257351379.3945,303212336816.40625,43394149291.99219,2736906666.7556763,41196777811.61499,12080370773.132324,339656988.05200195,102945465331.70746,222659870521.5454,274384878501.8921,287864706198.88306,24151298950.195312,213980466045.37964,11457674926.757812,26598227233.88672,31573045595.983337,17646200981.881073,629780346.1812327,2525559929.8477173,2626718893.505522,148831035.83145142,98926120788.57422,321324572024.5743,54065904958.343506
2019-10-10,1028303166481.7848,1012517608795.166,307465831005.8594,43350552246.09375,2772043739.3188477,41439010281.73828,12665130647.583008,339936348.7630005,103534071468.2428,227130664033.88977,274294953346.25244,287508276830.29175,24010542045.59326,216550537818.9087,12007108737.945557,26707960395.81299,31834751569.429504,17745376668.50379,636883125.0374885,2586859871.3874817,2644354485.1452236,147954770.43819427,101022953979.49219,320454864230.4306,54149778345.4895
2019-10-11,1055654402242.939,1016739191436.7676,312661650628.6621,43644384338.37891,2816874448.299408,41652807293.35785,12775760405.273438,341941196.28900146,104079440025.20813,230803035938.26294,272382831859.58862,292565182152.5574,23755949340.820312,218866689857.4829,12869574382.781982,25802596744.537354,32139720320.68753,17556043932.310867,634515532.0854032,2801410105.228424,2721755095.814329,148604234.60674286,104441421569.82422,327219097311.96594,53709445370.4834
2019-10-14,1054135078309.8412,1015793323516.8457,313496190142.82227,43758037353.515625,2825053390.5029297,41723388587.15057,12893164028.625488,341661835.5780029,103153222715.29755,232639248649.59717,270043464889.52637,291206318100.7385,23689709815.979004,219501252952.57568,12802194557.189941,26063228290.55786,32150532466.296204,17574076319.590073,651088682.75,2844319918.15567,2590468121.244478,148387746.55056,105100208789.0625,326301156456.2378,54548160781.86035
2019-10-15,1051676977043.1633,1030496863861.084,322945479486.084,44537977661.13281,2974081470.966339,42561779972.4884,12835365255.493164,344077512.1040039,103464847940.59998,237349518693.92395,263632621364.5935,295929037789.15405,23548962181.09131,220262784061.4319,12829147041.3208,25850608726.501465,32202444960.595,17598864743.566704,658191461.6062558,2893359871.3874817,2622799976.959553,148635164.28089142,107470237011.71875,330649522548.59924,55009464411.16333
2019-10-16,1047431056134.7886,1022052992706.2988,322191712121.58203,44062241699.137115,2941368606.0905457,42587822308.70819,12927030773.132324,343929594.6069946,103369616764.71893,240862227684.021,264374928073.88306,301119629586.792,23794242530.822754,216487078250.885,12802194557.189941,25946632690.429688,32165676567.83693,17716064265.52344,662926647.5104263,2917880140.3045654,2657091384.38418,147841364.91012573,102220024353.02734,330383743684.60846,54820742367.55371
2019-10-17,1051498216360.0273,1016812602081.2988,323995370617.6758,44311381012.62955,2942580419.5404053,42923592124.48883,13246277506.591797,342828575.8959961,103733159635.75348,241580782155.9906,264026256008.1482,303347364064.7888,23916365455.62744,216201469463.3484,12721337104.797363,26275849422.454834,32185136064.036346,17713817547.352272,696073005.2874885,2862710046.7681885,2702159952.4650745,148160945.32585144,101934818603.51562,328427020001.6556,55229619361.1145
2019-10-18,252452756175.34637,989682824915.323,324560726727.2949,43568430361.251526,2885028428.0776978,42636127534.721375,12431226870.056152,343058639.1329956,103127247617.30743,242299336627.9602,265927874107.36084,284478647566.9861,24060218444.82422,214519815349.57886,12909998954.77295,26365017219.543457,32425213014.47278,17912167698.891254,719748934.808341,2783019976.615906,2712937299.994478,147573330.67417145,102199939257.8125,327992230933.9676,55061881816.86401
2019-10-21,256831002084.54132,997028879543.8496,332610218322.7539,44266261770.99014,2968629617.214203,42631673375.40436,12555403497.802734,347544909.8670044,103646608526.03455,247648222650.52795,269572610149.38354,285191485934.44824,24093340988.15918,218105223918.9148,13233424610.13794,26035800487.51831,33128130237.43103,18020365687.685852,691337819.383318,2807539953.2318115,2721755095.814329,148470222.40447998,104614119555.66406,329320844326.5915,55145755204.01001
2019-10-22,256243677654.0184,982192077211.4915,335948302972.4121,43772200779.35303,2962571421.146393,42526151969.14673,12042440570.495605,346115207.8959961,103508107220.33539,249085295915.60364,276590327281.9519,283720752064.7018,24449361053.466797,219215676750.1831,13381663272.857666,25926057918.548584,33417952521.252136,17968518909.13877,686602633.4791474,2918579963.4296656,2820710214.6691055,147439318.47190857,102549414709.47266,329393301967.9413,55869145861.81641
2019-10-23,259682197694.49234,988458230263.5078,336836772149.6582,43683948178.18863,2954697102.0698547,43089073367.7063,12249251469.177246,346673954.3930054,103309029902.90741,250841659330.36804,278446679821.0144,285257885059.45465,24424516365.05127,221309858787.53662,13651182575.22583,26323867675.78125,33456883343.131943,18099246386.67428,703175784.1437442,2967528847.148328,2835406478.744478,147006342.35954285,103501436511.23047,331736689705.97076,56089319271.850586
2019-10-24,260109347357.52106,1007905072709.5387,336594455700.6836,44145289397.84546,2981502775.669098,43139784893.98956,12259636627.746582,345523613.1329956,103092625003.40332,250362670587.53967,282498886699.6765,279987534075.39453,24584932479.8584,219215676750.1831,12923479351.043701,26817690422.058105,33402810785.607605,18223206832.154263,722116527.7604263,2826800660.5779934,2825608907.069851,149068140.39325714,106437848803.71094,333741732889.6866,56948996107.48291
2019-10-25,263312927455.95932,1013594665180.7146,339286607843.0176,43663124785.73181,3097818862.438202,43317600732.23877,12499862105.71289,348054333.81500244,103040707357.6712,243546537280.5495,279012610416.41235,281854213348.6233,24515596870.422363,219723418464.66064,13664657432.556152,26872561706.54297,33645052531.061966,18229977529.32915,705543377.0958295,2875749544.2966557,2885373926.0992546,150274289.53933716,106044201757.8125,334055852864.2349,56812709929.65698
2019-10-28,265950556709.2514,1038514933532.4822,340578839892.5781,44053564339.95529,3178181058.883667,44163187298.01178,12727445044.067383,349796244.7630005,103196514545.28107,244467960693.02145,279533315849.3042,283676797835.87024,24137839324.95117,217787942371.3684,13799415699.005127,26646228240.966797,33273043745.237778,18229977529.32915,691337819.383318,2887986765.226321,2939260290.0,150686649.14608002,107056465832.51953,334200746537.1399,57053830918.88428
2019-10-29,259799693090.07645,1028719573193.9894,340363390399.1699,43697334914.956055,3118702059.7457886,43192889542.55676,12698093922.912598,350042732.1329956,101404699337.51953,246233893557.54922,279804929409.0271,283545015467.7471,24072638008.117676,217153346691.1316,13785940841.674805,26569329589.60785,33063245534.29802,18545043295.119205,651088682.75,3126613010.992341,2877535906.13418,151181484.60674286,106289224304.19922,335022113220.726,57116738266.75415
2019-10-30,259767607287.44507,1041539984978.9386,338478935284.4238,44125702926.248474,3119931781.768799,43194262688.71307,13160483246.704102,350437137.0,102227048805.71777,242778804534.46347,282838449096.6797,291714096640.2871,24368631111.14502,214868883705.13916,13651182575.22583,26706142421.087036,32697731133.52762,18795064974.015774,625045160.2770622,2992003289.007659,2847163415.255522,158150364.91012573,106711004797.36328,335843544733.696,58353849959.56421
2019-10-31,265640851592.67426,1032608825276.8599,336298331933.59375,44043154535.04318,3089500213.623047,43129160801.55945,12978055680.603027,349336118.28900146,102096458747.86377,240091534041.49277,281865007266.9983,289957272819.7479,24666698776.245117,214392896213.5315,13223524058.148794,27178150755.357513,32589583652.58275,18812776780.3866,627412753.2291474,2906342742.5,2830628525.5473213,157985423.0337143,105232775622.5586,334708101295.15076,57892546330.26123
2019-11-01,273179930429.554,1035129720883.2961,344051601885.9863,44409547893.8356,3113630819.3206787,43589987070.259094,12950962801.757812,354676895.28900146,102409926315.30762,244160836712.3366,280416206359.8633,288112701178.28876,24394501029.96826,220833903881.073,14166137259.573994,27096064932.931824,33329285829.572433,18649459155.448246,658191461.6062558,3144968696.507659,2920380144.287857,158439025.4831314,108699416210.9375,337800268416.64886,59192574600.982666
2019-11-04,274973955624.3324,1041107884660.7316,346797634753.41797,44737271399.5697,3235199729.9194336,44184772839.31732,13224151555.05371,358210014.6589966,102366358230.59082,248767644952.19202,269549987468.71948,285982597725.964,23762160049.438477,227401830684.66187,14543182816.883898,26603524978.88672,34185752081.447205,18437857400.774006,660559054.558341,3420306605.0626755,2940105665.216875,158253457.26966858,110212337231.44531,339563800535.72845,59486122225.95215
2019-11-05,274578874814.22424,1040459384964.4138,347551353179.93164,44664141763.535614,3221521319.3893433,44247476332.99255,13006052028.625488,362975646.1040039,103489524246.21582,251992421014.1743,269165159511.56616,286399811506.9883,23504458282.470703,231907329673.7671,14691310575.236063,25686868687.436142,33828889763.059937,17993929610.897987,655823868.6541705,3408069384.13301,2985474720.778393,159789500.0,109655563037.10938,339998697652.3895,59192574600.982666
2019-11-06,274696319360.6758,1037578793780.5908,348089768927.00195,44516887659.09393,3191090635.2996826,44232743344.48242,13031338830.3833,364816152.0,104046796283.72192,251762056582.65338,272379701042.1753,287585631944.5748,23543789680.480957,226830727157.59277,14327731177.776356,25755282921.766663,33541234640.152954,18125042482.191563,674764612.2708526,3273459662.148328,2990406053.9810715,159748266.98875427,108421042126.46484,339104830107.8644,59433700205.23071
2019-11-07,277866644126.4343,1039019089372.5023,349974297448.73047,44329231255.86365,3202002834.3200684,44778538632.247925,13075591594.726562,366032214.8670044,104682407928.4668,255140403213.38098,270795103454.58984,288617743098.6047,23088413108.825684,231653572864.53247,15176082643.949299,25262747658.876114,33733728686.326447,17842117324.732315,629780346.1812327,3310171324.9373245,3015063096.2310715,160593602.70786285,107981265075.6836,345120154147.1634,59098220501.708984
2019-11-08,278627160702.3811,1051263173389.2826,350997297155.7617,44271716327.19772,3162390947.341919,44849114654.84619,13165901477.966309,363682259.94799805,103994529861.4502,255370716174.48447,270976145496.3684,292065429277.0463,22983891517.63916,227254171104.43115,15512732489.106855,25043852132.407608,33413630028.90486,17554615643.3891,712723024.1695285,3297934104.007659,2952927432.533125,160954416.1348343,107836069421.38672,348816336637.99286,60670811898.04077
2019-11-11,280833521512.90894,1052343773403.8074,349758921362.3047,43918955576.29166,3168480154.0374756,44481828367.40112,13283756405.273438,362926348.6300049,103646279857.6355,254756519683.53217,270138581142.42554,289825590849.58923,22998370811.462402,225873424503.32642,14933695917.74312,25112253856.992645,33614769059.772903,17609809938.772118,767547881.7585855,3193917580.226321,3014076791.966875,160737928.07865143,107606096057.1289,350434931864.57825,60062736763.76343
2019-11-12,280576462198.2193,1059257844120.4626,347712921948.2422,44076373614.52652,3190244413.3758545,44445167209.94568,13185770048.461914,362992070.2369995,103715942955.01709,254065477859.3869,270002764263.15308,288441986422.0571,23101863464.35547,222758545413.97095,14866365118.492136,25242228548.84697,33221138348.627563,17425804088.506615,801487040.7816503,3028714951.7966557,3040706442.745268,162944051.4831543,107957067968.75,349178668064.33105,59853053295.89844
2019-11-13,283264855835.495,1060986245393.2908,345882225213.62305,43459354367.63031,3174415569.30542,44409876563.04932,12783889044.067383,361151564.3410034,105335427162.17041,251762056582.65338,273126794872.28394,288266410461.84546,23587259078.979492,220928237873.0774,14597048839.983807,25563738390.079422,33381184128.494064,17669615569.956722,882419006.0171709,2967528847.148328,3038733834.216875,161810065.02246857,108897085559.08203,349226965955.2994,60429686293.792725
2019-11-14,281304825172.69135,1066388314215.2288,346205313812.25586,43496291774.95834,3192984352.1118164,44854264611.831665,13077848975.769043,360477798.7630005,105048076435.08911,251071049072.11972,272787232475.28076,287585631944.5748,23790102676.3916,219964841796.875,14556650360.433216,25680030547.81128,33672802127.526764,17766216154.780567,892861824.1781139,2881868300.640669,3030843588.221607,161480171.43821716,108820466809.08203,347560051227.95105,60691787167.3584
2019-11-15,284646528464.81323,1080144982158.4052,348709005761.71875,43121716581.85455,3107752092.36145,45689912340.4541,13322138773.132324,361102266.8670044,103498244411.4685,252837016250.2591,272877723197.937,296325656261.2888,23950518791.19873,222180550128.93677,15027959036.694498,25727916289.803543,33767092554.460693,17816823980.01744,911136755.9597642,2973647603.492341,3063390876.466875,161232763.53931427,110934476757.8125,348526419633.4152,60052251436.61499
2019-11-18,286081762180.40466,1082809523183.1246,351643278601.0742,43444976581.12198,3230880952.835083,45220523016.35742,13662608850.219727,360461374.6300049,104699782775.8789,253067277740.94516,275933885765.0757,296084098758.84766,24027105171.203613,220029067115.7837,14825970790.03891,26035748288.068085,33703506728.33844,18003132389.976807,979015136.25,2949173161.63301,2974625561.9905357,160026604.56180573,110329308349.60938,346907846016.62445,59832087256.622314
2019-11-19,285214140381.6223,1083169800792.1901,351535615026.85547,43451422187.070465,3165587591.1712646,44972123248.71826,13663963623.35205,359935501.473999,104386347949.98169,252913758642.61725,274869872417.44995,296062151763.82117,24078852424.621582,217781278709.41162,15189548803.799496,26234126268.22563,33074216194.95172,17892730123.100277,885029710.5574067,2851275102.4373245,2839505075.8067856,162356436.8314743,109554688623.04688,345095951177.1927,59800640505.218506
2019-11-20,281893861524.0097,1081290653314.5995,348978140228.2715,43271444528.0159,3214139574.0509033,44604489062.438965,13779561169.6167,357388356.6589966,103724630378.72314,250994255209.34415,276839398956.2988,298521600698.693,24343795692.443848,218455677143.09692,14852900342.34106,26316223036.67862,32501920100.889496,17938731585.666653,908526051.4195285,2728902893.140669,2407513590.2405357,158779222.40447998,108473489794.92188,341520545828.47595,57095772227.47803
2019-11-21,280629955485.6491,1080279315069.8304,349785788317.8711,43003218050.429535,3198919183.731079,44545557108.39844,14074424570.495605,355991553.1040039,104360231109.61914,252145974426.1138,272425006999.96948,299619693394.9524,24335512275.6958,223721941490.17334,14825970790.03891,26138357911.677475,32124782052.115723,17596009500.002205,879808239.2328291,2808444975.0626755,2475567079.5236607,154119548.0337143,107731167578.125,343380760168.67065,56655443867.492676
2019-11-22,280383608388.2141,1081073904717.4817,352101020074.4629,43276157688.2341,3209725439.0716553,44323887567.855835,14019786647.583008,358177166.3930054,103924888591.76636,254756519683.53217,272311792602.53906,303199041463.95984,24153366096.496582,222758545413.97095,15283814690.149117,26056272089.251785,32385714377.5063,17531606209.126507,882419006.0171709,2900223986.155987,2517977222.292589,156284438.42697144,107404379760.74219,344322947213.95874,57095772227.47803
2019-11-25,285299838119.6594,1092926048601.8796,353985499658.2031,43973247701.98334,3366795513.153076,44733997039.07776,14248723497.802734,359984798.94799805,103541790668.48755,256983112783.8785,272809855155.94482,303331727413.76294,24068498153.686523,221281379371.64307,15701255959.611368,25830519658.54019,32723382180.067932,17550006794.153057,965961613.5488212,3077664127.273679,2548551902.0094643,157480284.23595428,109393331201.17188,344347106964.3402,58972401190.94849
2019-11-26,283072120673.4657,1098707718484.6132,354470108087.1582,44545892885.86212,3302720226.287842,44986170981.94885,14110548696.044922,359721862.3699951,103776885887.146,256061775155.43555,276771470317.8406,303309639861.58624,24312744003.2959,220735545623.7793,15768582607.764988,26090472169.68521,33052277239.540512,17648908695.387993,1018175766.5976424,2955291626.2186623,2580112885.9905357,157109157.64045715,109522417138.67188,342970066021.9803,58972401190.94849
2019-11-27,286874262860.7178,1100803498152.9858,355520023687.74414,45080609612.67197,3324043247.2229004,44956357106.09436,14265882522.033691,362351178.0,103402464473.72437,256599194940.4181,275639588928.22266,304592103379.7421,24250318038.94043,220607143863.67798,15633926544.059505,26117841929.0847,33157531229.43956,17869725661.968773,1044282812.0,3071545370.9296656,2553483235.212143,157335958.8651657,109526451074.21875,342221243418.9224,59087721329.49829
2019-11-29,286242547137.4893,1094010140806.4761,354712351129.1504,44641582142.71591,3301196027.7557373,44680895026.10779,14208535052.856445,362022519.81500244,103689804286.95679,255831445037.52625,276318713722.229,304017244714.9551,24328354202.270508,218776722274.78027,15324206251.2041,26268329476.09543,33155340409.56349,17677562633.435757,1018175766.5976424,3047070929.0703344,2530798801.4905357,154975196.92134857,109179519604.49219,338718274101.76086,58867566379.54712
2019-12-02,282932743201.1795,1080784984192.215,353931643402.0996,44165617265.43182,3187115180.9692383,44159078401.93176,13997660696.044922,362071817.28900146,102990357141.13882,256675971646.38785,277812800388.3362,303729765183.57935,24060952606.20117,219707989398.9563,15418472137.55372,26500923173.868256,32640057681.995316,17414572271.943787,992068658.9511788,3010359266.2813377,2496278904.716875,154717475.85391998,107150196276.85547,338863254213.8443,58731270971.67969
2019-12-03,277888051611.2328,1079050413383.5935,349382074383.5449,43877062920.259094,3162897262.573242,44360543454.11682,13824715680.603027,358374356.28900146,102463679269.77588,252145974426.1138,278333485622.406,303287512150.2238,24162915756.225586,217973970958.70972,14704773967.688017,26938729863.98712,32477797423.290802,17393820639.195263,882419006.0171709,2973647603.492341,2397650735.716875,154614383.49437714,106847605566.40625,339974516292.21344,59255477333.83179
2019-12-04,280340861217.46063,1082952819382.4008,356273791052.2461,43647260424.61212,3189703954.6966553,45189686528.778076,13741630105.71289,358900204.3699951,102480920250.58432,254526189565.6229,281910293025.97046,308196430462.3021,24374131759.643555,220446531688.6902,14960629621.142635,26863208530.503845,32701459785.930084,17518388869.976692,861533307.4511788,3279578418.492341,2467019166.639702,156284438.42697144,108832536083.98438,346376309898.4375,60146610150.909424
2019-12-05,284453674654.80804,1083531126058.277,358212151361.084,43146258302.15607,3179347108.8409424,45464463353.48511,13675703555.05371,360872203.6300049,102914585573.88214,255452554138.1662,282114058742.5232,308594428072.93274,24405348449.70703,219675893032.07397,15256875451.953115,27460473818.86322,32561129019.052002,17458404206.07291,806708449.8621218,3255103976.63301,2485634534.13418,154490674.62921143,110478603002.92969,345047653286.22437,59832087256.622314
2019-12-06,289948228520.3171,1096683761525.3821,363542501513.6719,43421921435.43182,3231590085.9832764,45890338967.33093,13878450995.605469,365818575.7630005,103885979014.24625,259930051532.68216,281140576515.19775,310407555071.9295,24387659980.773926,223208171524.04785,15674323639.910975,27323163725.00107,32504120384.35034,17518388869.976692,822372739.3476424,3444781046.9220066,2559116041.38418,156284438.42697144,113000085986.32812,344902738003.5248,59486122225.95215
2019-12-09,285889043968.08624,1093865447731.1714,361846531060.791,43370110716.725006,3231590085.9832764,46013684917.648315,13659448000.0,363797304.1040039,103521721355.68448,258694967396.51425,282679969139.0991,310672926971.5357,24375171821.59424,223689812538.14697,16293753156.028814,27268249069.76532,32843969543.203262,17474559422.413113,783212109.0,3493729930.640669,2616921321.8308945,157006065.2809143,111963273461.91406,342776874458.107,59433700205.23071
2019-12-10,287559743066.7496,1092203514476.0415,362088798571.77734,43114775451.035614,3259158731.4605713,46010263912.44507,13235892348.02246,363600089.1329956,103330890863.77335,258849292864.71494,281321638755.79834,309545156636.98804,24393904060.36377,221763134433.74634,16536139882.234993,27453605968.592834,32679530294.103653,17442255206.14657,801487040.7816503,3457018267.851672,2678645892.569851,157418434.7190857,112604734277.34375,341061618620.2011,59695796463.775635
2019-12-11,290012569622.6883,1096322785478.3024,361227196350.09766,43350524245.12802,3310335382.461548,46056856000.2594,13498243777.526855,365752854.15600586,103209500505.48868,259698468967.94922,282204569664.00146,311734193694.4387,24532284210.20508,221442007839.20288,17290228229.45656,28078336403.16101,31881395212.903244,17204655165.425694,840647671.1292927,3457018267.851672,2605164385.319851,155119522.29213715,114593698730.46875,342124561197.8073,59611927691.65039
2019-12-12,290751610914.9933,1107452278830.5266,371565003808.59375,43638337194.31137,3412840724.9450684,46202130119.522095,13476117825.98877,371257947.71099854,103868629803.8031,267727253595.69,282000803947.4487,312530289313.6644,24336672843.933105,225873424503.32642,17586480978.762646,28229366560.38208,31576615733.340775,16872461198.275085,819762034.8074067,3634458117.2110033,2682564809.11582,151387669.32582855,115884727270.50781,342076306526.4282,59234506679.53491
2019-12-13,294703808892.3645,1116774796633.3088,368307520025.63477,43653456376.80908,3411622358.3221436,46146629713.07373,13478827372.253418,370354118.8959961,104328281062.3935,265874421509.76855,284038238925.93384,312618759999.92847,24654019660.949707,222309033351.8982,17330628092.70627,28346069975.996704,31651172220.11673,16724821369.09246,806708449.8621218,3726237420.0626755,2620840425.25,149841313.42697144,116953837304.6875,343284207606.32324,60020800070.19043
2019-12-16,299748483532.6004,1124001534767.7188,369734356011.9629,43858471281.035614,3429289987.564087,46620473196.48743,13736663178.405762,372786244.6300049,104545140781.45108,267881613377.5023,284241964244.8425,313525293380.0375,24916220947.265625,224781675544.73877,17438355987.808723,28140125163.539886,31920867825.01158,16849394573.004978,827594148.4281139,3689525757.273679,2623779752.814329,151057775.74157715,118196419580.07812,344322947213.95874,60943402713.775635
2019-12-17,300337655481.6055,1117931177172.39,371995658105.46875,44390211075.99014,3477115327.835083,46421411808.97522,14245562647.583008,373114902.81500244,105186942515.2493,270506484567.76642,283676053848.2666,317439187546.14984,24952637947.08252,223754037857.05566,17451823531.35804,27783134556.680145,31719139685.99112,16547191072.882103,801487040.7816503,3701762978.2033443,2685504136.680149,151903111.46068573,118950843603.51562,344902738003.5248,60985334792.32788
2019-12-18,299620004724.3881,1115618416094.228,371618835595.7031,44225855689.56894,3495698993.6828613,46319308772.32361,14485788986.816406,369762524.1329956,103955386678.9823,271046855323.3471,280733125877.3804,316620984295.1546,25001541252.13623,224364162094.1162,17478755851.058434,28133257313.2695,31651172220.11673,16625632269.537178,757105063.5976424,3695644221.859331,2744289379.8547764,150325835.71910858,117869670800.78125,343984710708.61816,59601442364.50195
2019-12-19,299919912908.0963,1125302724788.4402,369761320843.50586,44430371286.29242,3586323291.7785645,46474513821.94519,15001460599.121094,370091207.3930054,104146163056.07608,269811616775.927,282793143138.8855,321397236737.0227,25038996459.960938,222822787025.45166,17505688170.758827,28064600702.62024,31870434015.83432,16690223296.111458,764937177.2183497,3738474640.992341,2712937299.994478,150459857.7528,117732464941.40625,344878535033.5541,60482094469.451904
2019-12-20,299298773804.4357,1137588482273.4097,369465074731.4453,44287085163.44696,3645877344.1314697,46295672736.3739,15212786259.887695,371898839.94799805,104328281062.3935,269888805245.23605,283789268245.697,322967159706.9614,25253338211.05957,224588983295.44067,17115173686.200485,28098921189.353943,31901136250.7498,16724821369.09246,767547881.7585855,3603864919.007659,2708038420.7205963,149686684.7190857,118446562622.07031,342970066021.9803,60807102690.88745
2019-12-23,304182731286.43036,1137588482273.4097,369357435626.2207,44448221529.52652,3637500234.603882,46275447163.238525,15041197740.112305,370534884.6589966,103235497263.74472,271509986139.20135,282747857379.9133,323807470589.72626,24844425155.63965,225712877498.6267,17303695773.005875,28675604818.956757,31787116615.450287,16597951821.89994,772769290.839057,4001575036.859331,2685504136.680149,148789792.98877716,119475385351.5625,342945884661.8042,60450643103.02734
2019-12-24,304471995051.7273,1137371733676.2917,370380533209.2285,44354268501.035614,3634453296.661377,46063033840.164185,15045712502.197266,370518460.526001,103651824199.56287,271896031426.5814,283472207336.4258,322679720334.7715,25024431884.765625,224845835693.35938,17492217859.811268,28957061582.587738,31962528891.099792,16692527099.088093,811929858.9425933,4007693793.2033443,2658070973.36582,148861955.67417145,118987188061.52344,341448131406.7154,60775651324.46289
2019-12-26,310512702500.11444,1146694367885.41,374310938800.0488,46326548268.62045,3643135362.625122,46681113017.53235,15019974396.484375,372128903.18499756,103660504216.26617,274211942857.9397,283472207336.4258,322458664096.6688,25175300193.78662,225199091239.9292,17734607353.415688,29307187466.613464,32148899997.922028,16803258835.89922,822372739.3476424,4038286699.648328,2757026092.2205963,149532046.17977142,119556051049.80469,341907101834.57947,60901456790.16113
2019-12-27,310394868110.3134,1148790147553.7825,374580097735.5957,46352081038.66287,3607799228.668213,46412846117.98096,14860124947.143555,371619479.2369995,103721199395.40851,272899550154.82214,285441814670.56274,322281602246.5835,25232522140.50293,224428387413.0249,17546083882.91118,29320926294.590607,32361596431.699997,16897841572.784004,804097745.3218861,4019931014.13301,2718815768.25,149233082.26966858,119689170922.85156,341303151294.63196,61079693506.622314
2019-12-30,1252135991920.3262,1138889206668.788,373207264819.33594,45784145232.36969,3538497367.8588867,45901303051.80359,14599128290.771484,370995011.1329956,103556398130.64383,271355660671.0007,281774455947.876,327686753971.09985,25105588233.947754,223111833545.6848,17519152946.909904,30034891871.128235,32361596431.699997,16897841572.784004,804097745.3218861,4160659200.7033443,2701180176.610298,146408414.53933716,118971065332.03125,339684577677.8412,60524026548.00415
2019-12-31,1261284869221.9849,1148975619186.4014,480321498250.57983,46565567138.671875,3583886558.532715,45719571798.59161,14617759401.874542,372211074.0,103070706821.94351,285431504116.63055,280889571178.4363,328972257442.47437,100675555911.25488,420711452373.50464,17668330288.887024,26814948127.746582,32435258113.84131,16528310928.280369,821767976.3205409,4210560070.037842,2720775319.959553,147308259.1934204,118050650439.45312,333882699010.4294,59545220267.48657
2020-01-02,1290062390275.139,1170250148498.5352,486144686240.38696,47829850708.00781,3654102121.3531494,46719377965.96527,14899661010.036469,375316940.2369995,103157442051.19577,288835240474.89166,277538738056.18286,329197799098.20557,99203841293.33496,427464115768.4326,17776060441.01715,26672996120.45288,31592579717.076904,16270156718.828415,842572208.4800601,4241159894.9432373,2726653788.2150745,149043365.47851562,120799053222.65625,337921439901.001,60039029816.0553
2020-01-03,1277520493336.1587,1155678604522.705,479729308049.0112,47249242492.67578,3595614978.790283,46474974717.63611,14723021418.933868,371685200.84399414,102246787081.82788,282838096268.46313,275672131974.7925,325386425686.6455,99910623141.86096,424027536952.9724,17237390307.426453,26432315059.661865,31649199664.503418,16564219918.428524,839971679.4601202,4308479976.654053,2738410911.5992546,148279099.6246338,118852434106.44531,334381657675.23193,58753060845.75653
2020-01-06,1287700367910.5225,1158665532806.3965,479347887325.28687,47952574584.96094,3610692375.1831055,47713727742.46216,15171624077.720642,373016307.8670044,102038629025.40054,282432904997.0627,276054390618.8965,324980438418.5791,100409483965.30151,427283206169.1284,17304725111.961365,26697686115.264893,31814682438.76953,16647279508.75946,993403015.6395793,4388040046.691895,2810912642.994478,148981401.96990967,117907063525.39062,334429133021.5912,58650179705.23834
2020-01-07,1281644210539.5127,1148101556564.331,471198687464.9048,48052873168.94531,3654406202.316284,47621567777.59552,14942127719.669342,371257947.71099854,101093275635.14636,280568884663.58185,274345202861.02295,326965073919.67773,100322183506.39343,423786364940.6433,17574058794.97528,26679164402.008057,31453234828.827637,16651769640.092892,990802486.6196394,4216679918.2891846,2847163415.255522,148588936.86676025,119187495971.67969,336187144672.24884,58588468229.67529
2020-01-08,1302261165231.4834,1166388805526.7334,474874500894.928,47677645568.84766,3661259405.1361084,47960509956.207275,15326578797.168732,371372991.8670044,100746345541.1008,283405385661.50665,275514713651.27563,326919977876.28174,100276440584.56421,417395490154.26636,17749129286.766052,25969457782.74536,31660084772.450928,16728095842.501575,1061016832.1595192,3929040046.6918945,2791317499.6452236,148423690.9942627,120424080371.09375,335355646070.1904,58485578031.92139
2020-01-09,1329921772572.5403,1180960232147.2168,476608291246.0327,47906458923.33984,3701471048.3551025,48464005120.12482,15163944844.779968,375744193.3699951,101787103354.34708,283891734059.14307,278528216061.40137,327889747605.13306,101062196569.06128,420590988727.5696,17452861681.93817,25710255008.69751,31405326726.91577,16443005669.256752,1053215307.101202,3922919906.616211,2712937299.994478,148206803.93981934,120220678442.38281,333811443488.3423,59092548683.54797
2020-01-10,1332928440120.0637,1175495697784.4238,471857490843.2007,47455630554.19922,3721270746.231079,48777020251.80817,14865326773.529053,372408263.8959961,100937132741.15805,281541509415.24506,278798104710.3882,327145540011.5967,101253435317.23022,416852822536.4685,17372057148.93341,26086702926.635742,31527262020.973145,16552997605.22477,1076620006.2791586,3812760011.6729736,2585569241.9705963,147060395.30944824,118146349316.40625,331958417391.1438,60368233162.68921
2020-01-13,1361405661466.5452,1189630445159.912,475776080646.5149,47660761230.46875,3837940950.3936768,49154887136.07788,15311218607.940674,375415535.18499756,100503510709.71411,284134827208.90045,280844603114.31885,328588879634.8572,102438284405.13611,420832038379.6692,18220461848.258972,26197802280.426025,31636127197.285645,16826855816.850403,1066217890.199399,3818879859.9243164,2556176713.819851,149332548.21777344,120248572387.69531,333930216859.33685,60666583035.850525
2020-01-14,1343022398255.0354,1181251860183.7158,481324454049.6826,47109888061.52344,3766355272.293091,48832660734.32922,15300828550.624847,373312092.71099854,100763662282.65353,286241904670.33386,280417316207.88574,330438227005.7678,102991221881.10352,417214611145.01953,17855511635.780334,26432315059.661865,32036785160.46216,16826855816.850403,1050614716.0797596,3843360128.40271,2592427486.0808945,149518458.442688,120687335913.08594,333478861048.5382,61294118141.17432
2020-01-15,1337266676534.4314,1188901903167.7246,474111534175.8728,46922902954.10156,3740309658.050537,49126554865.8371,15317996530.55191,375251218.6300049,99983120980.1275,280974147978.5919,283273460492.7063,331543264385.2234,104591831533.81348,416551418701.1719,17544629915.237427,26858145778.656006,32030248926.85327,17055834424.076454,1092223180.398798,3782159894.9432373,2563034957.930149,151067654.50286865,119702067211.91406,331079400940.1779,64184961351.39465
2020-01-16,1354018207116.1575,1210686810882.5684,475949519185.6384,47324089599.609375,3791486017.227173,49500677374.07684,15297666209.411621,377518977.6589966,100520870743.12073,281379357260.8948,283520814944.458,334226949997.7112,104878689656.0669,414923538208.0078,17368911813.735962,27043287002.563477,32343802531.720703,17093987876.86536,1089622713.3803606,3763800058.364868,2635536689.3253727,151532415.29083252,120101009814.45312,332837433842.1097,63073901188.65967
2020-01-17,336172876693.11523,1217462321823.12,479243755302.4292,46990944030.76172,3796817064.2852783,50502862506.866455,15345101327.610016,378291338.18499756,99705566081.92758,281298272178.26843,284285512827.301,336414517694.0918,105348475019.07349,413355981307.9834,17395945367.81311,26833452972.41211,32176141796.075928,17138884365.991955,1084421655.3404808,3653639871.59729,2638476016.889702,151553069.79370117,119686100244.14062,332694837792.83905,63073901188.65967
2020-01-21,333894637377.6245,1213091069869.995,474527749088.28735,47678399230.95703,3776407745.361328,50596062284.43146,15274626787.24289,375711345.1040039,100251974215.69717,277651406648.4451,283565823140.71655,336640038870.23926,106799425683.97522,407447419956.2073,16584944280.62439,26975396545.410156,32467927534.52124,17446423989.852005,1123429652.6410818,3506760011.6729736,2587528793.680149,150737162.75787354,119031930615.23438,338254064843.3533,62899010495.56732
2020-01-22,335086517702.33154,1207262264511.1084,473972764553.833,46979865578.52289,3809459186.553955,50651340407.98187,14727538310.661316,377206743.6069946,100694308732.73483,278461843223.95325,284060491912.07886,334339731065.36865,108050789054.48914,405096054016.1133,16652530933.380127,27018599819.18335,31792902824.98291,17260103439.371445,1053215307.101202,3408840105.0567627,2591447897.0992546,150706176.0787964,118174281860.35156,336305960545.7916,63084181151.19934
2020-01-23,336700283069.15283,1214693674484.253,473487305760.9558,46908178474.25577,3851344442.3675537,50679331325.56915,15793703986.39679,376943832.1040039,100442772238.7179,276516773829.6509,282762016486.35864,334971137111.6638,108125614844.51294,402563839656.82983,16179447888.374329,26969236698.150635,32062918347.533203,17338670486.26509,1022008896.8604207,3206879859.9243164,2593407261.935671,150520275.70343018,117404432128.90625,339869480444.7403,63361948456.19202
2020-01-24,335729927442.9321,1189171491130.5178,461731661622.6196,46337192113.01526,3815095481.8725586,50047172469.177246,15954533594.779968,372802668.7630005,99193867192.00775,271816342552.75726,283101333739.47144,334497690094.7571,109638886999.51172,399850746288.29956,16003728403.09143,27333348052.978516,31533795905.10913,17313981397.21683,1014207309.800601,3121199941.635132,2568913426.185671,147855647.84240723,118006738061.52344,339156776464.95056,62837276376.91498
2020-01-27,325857657222.5952,1169284886071.9775,457847772054.2908,45508337267.996185,14777548038.482666,48871569685.24933,15490117506.580353,365555639.18499756,100486129030.38055,266224353595.92438,284345610708.61816,335467398384.8572,110894450570.29724,390324757701.8738,14733165199.279785,27499975997.924805,30839197736.837646,17374586712.724823,990802486.6196394,2827439929.962158,2552257610.4007454,147204986.67907715,113399437988.28125,335118056825.6531,61685055606.46057
2020-01-28,335076035671.6919,1192197963418.7222,466170441771.698,46128359507.551544,15255572490.692139,49512283364.29596,15744914317.684174,368152081.473999,101127963233.06918,269385086858.94012,285114743193.0542,337158766246.79565,110507824728.01208,389782181854.24805,15273832129.478455,27339516334.53369,30482089603.342773,17538457812.590157,1061016832.1595192,2919239988.3270264,2620840425.25,148723196.06018066,115752951025.39062,338729200829.87976,62065694994.73572
2020-01-29,342089882842.4072,1210787608404.375,465476781568.9087,46246591007.198456,15106070354.46167,49723911506.30951,15502768594.779968,368924442.0,100512158257.52701,267521066525.4593,282920357849.1211,339504252013.3972,110487023736.1908,386526420867.9199,15260311201.095581,27537005367.279053,30490796749.91162,17540698657.07512,1050614716.0797596,2894760011.6729736,2598306141.209553,157605282.3638916,118130446679.6875,336282265375.1602,62415480909.53827
2020-01-30,341594089469.6045,1244941006382.8105,471233419017.79175,46562200367.59546,15122685894.012451,49640280106.20117,15709675324.1539,374478858.1040039,101110592376.6991,271330120231.43768,284933847566.9861,339098367143.2495,112220654546.3562,390626222717.28516,15300864299.77417,27753004867.55371,29711276883.655518,17729258845.988712,1037612070.9800601,2900879859.9243164,2594387037.790447,157708564.7277832,117428350415.03906,335165553423.28644,62621229604.72107
2020-01-31,326448356369.6289,1226567347320.7053,343718743197.3591,49998088264.77103,14545605903.625488,48907406462.2879,15589957874.889374,368809397.84399414,100376794418.33496,266062327517.89093,281925000485.2295,335738015604.40063,28075807011.23141,197665025361.7923,15003211470.571245,27808550327.301025,28992711742.32715,17653392149.365158,1006405660.7392788,2790719964.981079,2575070169.571535,157016584.70916748,111955437402.34375,329844021873.6801,62580087111.47308
2020-02-03,325551808927.3071,1256469617736.7434,346341562524.5255,49885584137.48093,14785543441.77246,50607999124.14551,16173186655.330658,367231828.526001,100183890609.74121,267196942325.78278,283033530487.06055,338669811373.90137,27930290862.944584,193242070893.15582,15462769005.195759,28135635124.206543,28916499540.384277,17606111295.573994,1001204602.699399,2845800058.364868,2638440951.664158,154382943.52722168,114947191699.21875,330034050766.7618,62713830782.699585
2020-02-04,336299328706.0547,1297828194708.02,351327463851.11334,51017355452.70041,15203894107.818604,49338529612.083435,16670580706.176758,369877568.28900146,101060622665.40527,272464662995.7199,284277727191.92505,341894833823.3948,27692664600.643604,190823798419.42758,16273753296.814058,27296313060.760498,29894176300.532227,17633130476.949997,1063617423.1809616,2943719964.981079,2615305602.0,156789365.47851562,119363003955.07812,334856772410.4843,63361948456.19202
2020-02-05,339041681626.5869,1296243176031.0247,357300296665.39124,50773429398.57825,15427216106.414795,49360376181.90765,16700396327.610016,375744193.3699951,102410774276.7334,281298272178.26843,286879333371.7346,347284875947.5708,27919817445.703697,199606049488.87372,16773860391.958271,27339516334.53369,30586610604.26245,17673647791.52067,1074019539.2607212,3182399883.2702637,2726959094.864456,157853156.0974121,122191228710.9375,336686060834.5032,66263085214.8056
2020-02-06,343007628021.8506,1323118858099.7913,357352244130.94025,51031294084.36453,15641926219.940186,50381692818.03131,16577516537.132263,377321787.7630005,101972430130.00488,280974147978.5919,287625891526.79443,346247462153.6255,28089404733.70444,196901373115.76743,16652214477.909447,27395061794.281006,30671527603.30127,17819991338.69496,1105225887.5,2955959953.3081055,2671635207.399851,157233471.76361084,123479651074.21875,341746392974.0372,66530558971.40503
2020-02-07,338345027176.2085,1324992747794.363,356209587509.50507,51754363450.43515,15478278007.507324,50488867048.072815,16569384064.006805,373657200.1040039,102095150299.07227,280487817591.8579,285227935897.0642,342548665013.8855,28216072461.471382,195596733932.63663,15949359580.166739,27166717296.60034,30706365587.46826,17901052500.97876,1105225887.5,2907000000.0,2608264425.307228,157667245.87249756,121652726318.35938,338158965391.716,65069712893.86749
2020-02-10,339952116090.39307,1359650190300.4543,357689773667.8167,53114135838.15073,16178399745.941162,51497553636.016846,16763643151.874542,373213497.7630005,101043084960.9375,281136174056.62537,285431566381.073,336155632974.2538,28446373860.102734,193531041772.2408,16449468059.066088,27413569450.378418,31150566331.907715,18029375220.22285,1139032826.7607212,2754000000.0,2653529214.8426228,156417564.7277832,123531527636.71875,335640710661.08704,65470930321.69342
2020-02-11,337901076458.1299,1328955584634.5188,358364996909.6323,53534535603.51907,16481085227.966309,51545337755.92804,16882006050.624847,373575029.28900146,101174601333.61816,281784548532.2952,280884354000.09155,336443423686.50714,28489297150.850246,195370823573.89948,16760342488.029902,27290141967.773438,30937177805.202637,17714169930.299065,1146834351.8190384,2741760011.6729736,2709859012.100149,157088880.39398193,126056572998.04688,337612595134.3765,64905106691.93268
2020-02-12,345925504882.20215,1330900966714.3167,358364996909.6323,53763527952.0,16767163421.63086,51837871728.401184,17167521516.838074,373755795.05200195,101569117630.00488,283000176379.2038,279278185448.4558,334451080566.79004,28291443760.468666,197759293251.78488,17125291300.217466,27086484653.4729,30303536711.331787,18600250511.229115,1165038116.9601202,2860716694.595623,2887900824.5783157,154754754.12750244,126626996459.96094,338372774460.5255,65162300485.99243
2020-02-13,343462160917.3584,1323695903780.5425,358053335568.91864,53511386840.57825,16658883052.825928,51659002937.96539,17230316824.264526,372161776.526001,102963129913.33008,282919181351.0895,282694132969.6655,332237542434.3164,28836839269.103313,196661885210.27847,17044189411.667795,29761734208.721863,30655060147.74243,18719029116.27775,1159837058.9202404,2854590822.808754,2838612395.871237,152926697.65472412,126551188745.11719,335213092523.468,64545049871.82617
2020-02-14,343546718190.00244,1335512109502.3157,356962696770.7736,53138029007.57825,4413830898.284912,51841285254.93622,17185141013.60321,372704073.81500244,103357668090.82031,282432904997.0627,285363642732.2388,332326048581.2782,29156124611.25982,195758146908.1711,16544083700.278719,29802306834.962708,30712532953.831787,19065901230.889606,1149434942.8404808,2768830662.4760942,2841630125.25,153721950.1876831,126172265966.79688,332956228464.37836,65275461589.05029
2020-02-18,337256131133.42285,1349058407734.7405,352236368603.86816,53655752325.09732,4517097610.473633,51865521293.33496,17518543114.852905,372654776.3410034,104883185806.27441,256721624585.63834,282490522551.7273,330134501301.58136,29524600507.196674,193272826216.05972,16246721640.222729,30823440047.693848,30767809002.759277,19101531376.149296,1261257752.699399,2701447533.308754,2797371053.649851,152823415.29083252,123332101367.1875,331126876286.5372,65933877339.55383
2020-02-19,342140523735.65674,1353104458925.8816,357040629695.3873,54017909878.866394,4793238727.56958,52050870532.60803,17446712300.624847,376713768.8670044,103173538604.73633,260092582564.39017,283780088642.12036,329691870060.1328,28753098562.597595,194757541447.3113,16354852417.853456,31222428851.21173,30290269237.86328,18928101045.934868,1487503963.4386778,2646316147.715152,2798376963.442772,154506880.39398193,126607092431.64062,327468320689.77356,65985308852.57721
2020-02-20,338630512290.9546,1332440722355.2112,357040629695.3873,53591782741.141235,4701852476.119995,51781889893.22662,17438128310.661316,374955408.71099854,103182301986.69434,261066427818.07986,286359020162.2009,328430109704.7412,29000142506.759525,193208264254.75122,16327816609.996717,32527595093.111694,31068475748.768066,19460278933.160717,1432892916.0214424,2634064696.2390575,2840624215.457079,154713435.2722168,125043384619.14062,330485449080.10864,65337186650.46692
2020-02-21,330965677605.896,1290318824900.7686,352677793071.84265,52169787845.91794,4479020078.659058,50637355452.3468,17170232341.213226,376861661.28900146,103962614959.7168,257395782884.688,286630514096.8323,331883437441.1576,29058758203.428246,190852067485.25684,16138589478.836864,33433772531.493774,31448733238.75049,19586199857.654892,1448496090.1410818,2548304243.808754,2877842110.364456,154868358.8180542,122063557299.80469,330319200362.7548,65686968036.65161
2020-02-24,315244634582.21436,1234685911170.2463,343199385804.7709,50012277563.92557,4162364404.6783447,48466384085.54077,16656575067.462921,364306728.05200195,101981171630.85938,245185200156.05444,278938747798.9197,325044362632.8911,28676677123.99094,181911422466.724,15192438601.731098,33988292816.286926,31123742399.803955,19522062796.27605,1352276330.398798,2321652245.4521885,2753112173.9073772,150664867.07305908,115840711450.19531,319509633530.89905,63043029600.71564
2020-02-25,304566650057.6782,1214311625912.4873,327877979208.42316,49102529281.35495,3991318862.915039,47321513543.58673,16267605374.889374,358325058.81500244,100289105895.9961,232824782274.27606,274708318473.81592,322237433299.34753,28298772354.652004,174939650883.4139,14503102991.671896,33230893996.862732,29907803243.354492,19225086375.50996,1256056694.6595192,2180760407.4282827,2599211429.028614,144643641.1819458,113523120874.02344,318416808011.12366,62364040339.279175
2020-02-26,309398265301.81885,1229483911672.532,328864793433.2113,49273028750.746185,4076613573.074341,47463180146.369934,17132735763.492584,355054850.94799805,99754320785.52246,229453807647.1739,271835238425.44556,320076460139.4619,28208745732.5449,171098771171.72086,14138162482.01515,33406724113.999878,29233506870.415283,18949486005.600483,1235252462.5,2101125972.8336701,2506669838.514307,144715936.86676025,114213225830.07812,321030162193.3899,62857863473.70148
2020-02-27,289173320711.6699,1142855915351.8054,315179438844.40265,46901209158.423706,3849686004.638672,44885326919.7464,16792557462.978363,341267430.71099854,96790962936.40137,218217036875.52933,256768448753.35693,309918173654.85815,26922846982.9846,160802437977.39468,13246080453.112589,31465886173.454346,27811958292.033936,17317300562.98424,1050614716.0797596,1843845199.7380471,2443299056.4216843,140688013.32092285,110587193066.40625,312168678407.82166,61201526020.43152
2020-02-28,289004172784.11865,1170527646560.6108,301519999356.91754,46887521194.25,4115932817.4591064,45714808616.18042,16671483739.852905,339081817.4219971,94406261810.30273,213497662408.57605,256157657631.68335,299581588391.34216,26597686081.73481,166031294917.79855,13462342008.374044,30181009325.36017,27210615402.124756,17253659849.535507,1128630710.6809616,2052120020.8804712,2364839819.292921,139593245.87249756,110379764013.67188,310624475825.9735,59802414061.546326
2020-03-02,315910677497.2534,1248413493665.208,315568892394.24774,48634836916.12784,4212861396.789551,47321513543.58673,17214505118.198395,357634869.1040039,101595451538.08594,220014958823.16525,270477869082.6416,311923140408.5275,28238205599.312943,173906788658.68954,14192229946.463219,31668752385.343933,28125892511.51123,17873359149.083244,1133831768.7208414,2174634681.6902356,2315551390.585842,141204415.29083252,114679934765.625,315280927501.0681,62878418870.162964
2020-03-03,305877638297.4243,1188590267323.3572,303727262412.2723,47515758491.10495,4052229606.628418,45662576408.61511,16659737408.676147,343140809.94799805,98991523635.86426,207879277022.75378,267333295099.6399,302054393451.7088,27901472644.534664,165579441911.27133,13611023730.279608,33629879719.69525,27075762706.061035,17780403363.270184,1172839766.0214424,1941856957.595623,2326616014.5926228,138797993.33953857,113407415039.0625,311099633063.7741,63269360864.06708
2020-03-04,320065634266.6626,1232229521018.7778,311232181945.25006,49179438625.00577,4336002513.885498,47160405594.29169,17338289665.699005,358012824.7630005,102375731689.45312,212673635659.68085,281653486484.5276,319630853901.47687,29697731783.22194,169194411264.22723,14124644578.08678,34586093649.75568,27301265115.040527,18626523861.662785,1237853053.5214424,1947982683.3336701,2152597649.428465,140636372.13897705,120312375927.73438,313237851259.51385,66643733660.31647
2020-03-05,309683650269.7754,1201306511109.1338,295962746267.03174,47890111398.08206,4165006290.435791,44878841219.329834,16840895614.852905,343387322.3930054,101630494125.36621,201892929797.50848,275160768232.72705,316356267173.1876,29060047095.91506,161738513765.9989,13502890185.138607,35318498868.82361,26507577927.19507,18502593419.63704,1180641291.0797596,1837719474.0,1984614551.1641579,141369661.16333008,114983088427.73438,306942118802.20795,64761083058.166504
2020-03-06,305570988827.8198,1167348788717.534,280667278224.58795,47319121238.84927,4054515174.8657227,44229604227.10419,16668772915.477753,338490222.6589966,102779022308.34961,193826287954.35062,275228631683.3496,316400791614.5958,28603355742.277313,153927549697.3635,12745973357.968376,35501599403.41925,26321873239.675293,18269001902.232628,1126030119.6595192,1494678540.5717173,1918226039.692772,140749986.67907715,114927249072.26562,301976886114.3112,64349567553.32947
2020-03-09,281402731016.8457,1088234572448.602,242649425889.07745,44818124333.13165,3740566171.646118,41500537026.55792,15653204699.1539,317373627.1040039,102717645812.98828,165329056935.98242,262559897971.344,303947958645.8819,27494236711.15068,135110191943.95683,11124004082.85421,32402414524.040283,22780157966.508545,17475322471.686344,1262669257.7084136,924985462.7380471,1675807343.471386,133675302.34527588,105273859667.96875,291713817047.4396,61160388055.80139
2020-03-10,301669870787.6587,1162652574633.4788,261502580017.92682,47088389409.90454,3978923332.2143555,43527452322.006226,16450118131.580353,333149445.6589966,105023432739.25781,177994472596.1623,272717523481.7505,315531951916.63354,26910219194.076176,140113146597.88678,12164765758.029629,32809311446.886963,24637235384.854004,18254714717.967545,1330140068.5831728,1114883179.6907408,1720066415.071535,134243345.49713135,111596418652.34375,301691800272.1405,62796133883.66699
2020-03-11,291192713958.43506,1109982068586.2185,249193516656.3318,45322155888.48474,3756263986.5875244,41333618204.78439,15808161141.9487,319855025.2369995,100324148483.27637,170907902489.72482,252447521450.04272,293611453787.6777,25387550335.111347,135497539495.01816,10975322360.948647,31208855351.498962,22439695848.51294,17532522116.22669,1214475744.7678227,833099503.6429293,1593324659.028614,128222119.60601807,105365582885.74219,291713817047.4396,59555509287.26196
2020-03-12,262435997308.3496,1004713245231.3252,228652480317.29626,41731697301.536285,3296617595.6726074,37942342611.17935,14241891452.665329,289174318.526001,91223726417.5415,154623751452.5426,230390274645.9961,279376336576.3192,21981291011.50763,120004751424.89081,9691261247.022327,30137362175.12628,18458030027.383545,16145373465.208328,1050617908.0118818,820848052.1668351,1470606446.2285395,112089780.76934814,96035315502.92969,266555007414.32953,54956897110.74829
2020-03-13,293878150120.23926,1147551781258.66,269838471379.04572,44429582127.0,3670461210.2508545,41448651423.2254,15192857432.537079,322747252.3699951,100034847473.14453,182140894085.84006,258058014843.75,299158334830.037,23314541171.589237,123038735776.43925,10177856665.136284,26787261634.239014,19846415795.77588,17141643030.519333,1085959837.928709,949488365.6902356,1577230486.057228,114981627.86102295,102497511474.60938,276129131425.8652,58351838889.312744
2020-03-16,256071551994.47632,978414144607.0422,229457443233.7923,42043823903.0134,2993184190.750122,36626457015.60974,13500545611.562729,292132292.3410034,93599658691.40625,154096048691.51685,245457124516.2964,283208011507.4016,21189968847.567204,111322305818.0126,8434236632.830315,27621394164.70398,14544900680.231445,12868147168.586071,886760071.2559409,796345076.1902356,1346882419.5643816,110158451.78222656,91491844702.14844,257764864155.94482,54103012627.60162
2020-03-17,267331022161.40747,1058973296259.1909,243480421169.79895,44998080803.29773,3311248208.999634,38164560562.820435,14445186047.334671,308286091.6300049,104558798446.65527,165705992236.24377,267491596330.26123,304282082919.05884,23335583134.170616,118810508513.68488,8758632425.11034,31059654678.64624,13012812926.09607,13137473191.584194,1053830803.7678227,820848052.1668351,1500783068.514307,112947006.66046143,95073965087.89062,282448516551.2543,56777818122.86377
2020-03-18,260786746595.76416,1014394892594.2128,217849518215.33643,45549655626.0,3091026180.267334,37247359111.80496,14251830854.816437,283373415.05200195,106130887052.2538,156734662386.74774,265704431822.2046,300650918734.273,22165444090.289154,106900392671.33272,7177212710.515871,28191040614.63324,9930945886.885376,10129586917.517063,909250341.5475273,679956214.1429293,1521906694.5214605,95224162.75787354,78579431201.17188,275749009885.8795,54010434092.7124
2020-03-19,258788601159.51538,1031084766713.3694,221511122685.4204,46817330498.94083,3245715843.2006836,37946441468.811035,14999952895.183563,287054426.84399414,103878561983.03795,159825645057.67328,250728180260.46753,283029853437.785,21792933643.77491,111128652223.14001,7758418234.821914,28306344506.428406,12323040575.161987,11459537196.68208,1002424395.071291,692207665.6190236,1621489557.6573772,108836465.10314941,85376682604.98047,280880576296.2265,53187416668.89191
2020-03-20,242359236584.47266,992358409379.953,216836788889.22473,45950142517.84927,3135680849.0753174,36462954346.16089,15036094922.389984,279462314.94799805,99112945261.46156,148291035298.2775,231725029527.2827,267079389405.85388,20177667838.75677,105673892996.26222,7461056866.643492,27506105676.335632,10642827952.548584,11302230538.074131,1066682386.7915864,637076060.9521885,1552083316.807228,104044275.70343018,86202416723.63281,276675522934.47876,50882961542.12952
2020-03-23,237210539913.48267,982459963680.0494,205228863870.76886,47362433542.79959,3241447328.567505,35982337687.397,16275737848.014832,266430831.1040039,99382501247.33871,136304089859.88779,221024456279.75464,247587011085.23282,19115907679.178867,101510179261.23697,7285343488.146599,28252087475.801697,11089409887.772583,10329793309.53027,1098811420.9524727,710584842.8331649,1393153214.821535,105831013.32092285,93003650219.72656,263941716985.88562,51860300676.727295
2020-03-24,261008788719.32983,1071761612725.5283,229639224184.34326,48290100752.94278,3797563842.7734375,38572469106.38809,16142466276.874542,292838906.18499756,100034712423.87726,158544021751.07376,233625346607.20825,265497776720.12943,21732952579.08832,114388595367.00499,9447967343.291973,32212530320.27362,12099746670.708862,12076850208.104301,1198411265.9881182,857602406.5951178,1564153946.5357676,110395993.33953857,103797918713.3789,276414217268.0359,51994044347.9538
2020-03-25,259570997952.88086,1061502223327.4878,238208820508.98175,46939542294.496185,3743308736.8011475,37603389929.40903,15467981118.087769,296569240.526001,95138677236.40953,159071724512.09952,228309021807.86133,265987887298.1947,22126508718.697655,120359809923.03465,9799394792.163326,32239661916.27234,13782173671.530884,12989704049.356304,1233753119.3034682,808596600.6907408,1565414947.599453,107545465.10314941,104539861633.30078,288150212143.3945,54545386134.52911
2020-03-26,273230335711.21216,1127900079751.576,254802717211.7666,48673166254.20804,3920401170.730591,39695839682.7507,16398617638.492584,302205802.3699951,95503915927.44232,171284821141.63583,242923341654.96826,281960502993.5262,24318426141.46986,125298113820.76057,9447967343.291973,32741499400.659668,13729110826.075562,13909707846.17585,1224114432.0356455,820848052.1668351,1542926115.0506382,114165710.97564697,110056693457.03125,300147597690.29236,58392994968.41431
2020-03-27,261918004730.5298,1081587869685.8044,236650677973.476,47294479864.94278,3851668075.5615234,37898310744.66705,16133432493.419647,295238158.5780029,95295188038.90327,162841194053.16556,249235084016.41846,274364030249.44952,24407872668.695057,119262361520.2121,8380171244.014951,31432642497.69391,12860264000.146606,13561727221.186752,1195198370.2321773,716710568.571212,1423637849.348997,109796963.50860596,100770261254.88281,302285730880.93567,59182727050.971985
2020-03-30,1084764302555.8281,1157667025295.5793,242805197927.98334,48883742138.12784,4047656427.383423,39128860802.65045,16758674743.309021,301022612.84399414,100173893160.98373,166158344563.58804,260161842011.261,300386872879.0283,25887392540.832916,121037597505.08871,8434236632.830315,31439432328.235657,12440212312.913818,12663178381.817837,1150217753.0475273,704459117.0951178,1423637849.348997,113855873.73352051,106917312255.85938,302781395598.25134,62781886851.882935
2020-03-31,1082550665608.0437,1149790091705.3223,235826672847.7478,49327916030.88379,4017329750.061035,39411332145.95032,16991149354.774475,300447467.28900146,98808545472.04704,162512015718.65082,247260962738.80005,296141194969.17725,101857515525.81787,232212000984.1919,9130036296.844482,30760889957.42798,12071538896.532211,12055962644.444847,1080380379.8978415,712239979.505539,1392349042.900547,118466114.20917511,104368348608.39844,1457206222705.4595,62802750194.358826
2020-04-01,1025590176406.6697,1108963251495.3613,220974577230.07202,48264811080.93262,3704446489.3341064,37381325145.90454,16474401980.07965,289141445.18499756,99260726205.58067,151335967911.72028,245754953709.41162,290901717254.6387,92379525005.34058,229521070112.2284,8534893764.49585,31569315944.67163,10350807917.047485,11236272773.490658,1010186167.8467622,663120026.3500214,1287727338.1998177,113741506.47449493,99330223461.91406,1417845263857.727,62333291024.017334
2020-04-02,1042703856342.8307,1131928056335.4492,229225691520.69092,48546397888.18359,3893425512.313843,37887723879.39453,16745897689.628601,295353177.6589966,103182820361.70807,157459806104.08783,257151375727.84424,300703059677.124,95859172496.79565,247073048526.76392,8643099042.892456,32764975257.873535,9684076415.11029,11030750315.714664,1037653512.5053964,675400014.6389008,1278927364.3001823,114844922.59693146,98640131372.07031,1431329919151.3062,61874265789.22272
2020-04-03,1027718657961.7882,1121502816772.461,222450314743.80493,48236726135.25391,3717248531.3415527,37062492708.55713,16369422350.212097,293068969.4219971,103904665123.92052,153326258430.0995,258679894642.63916,303006642303.4668,93823027656.55518,239795398567.1997,8548418472.290039,32031272769.92798,10280392794.234009,10542320504.063587,1022393844.2446036,663120026.3500214,1248616446.698906,112577908.71429443,97575066430.66406,1397071510475.2349,62427182858.08563
2020-04-06,1117374247649.5361,1204906489944.458,236768649572.7539,50539027679.44336,4090481357.574463,40131751308.07495,17192961292.121887,304407864.8670044,109635568648.42377,163736779976.27258,264816500125.12207,315630964691.1621,99271070800.78125,247501217559.81445,9725178829.193115,34042144382.476807,11895502258.718811,11318480728.230343,1126159239.1532378,687680002.9277802,1498926338.8001823,116389689.86225128,108153909521.48438,1487091428776.7793,63282638771.62933
2020-04-07,1104432375430.9463,1191929280090.332,239891681274.41406,50893480926.51367,3947680910.1104736,40110385010.513306,16845446921.98944,304424289.0,106087443041.7038,169477871942.52014,253487448259.7351,310481884284.97314,96722721393.5852,252210205106.73523,10266218376.159668,33940238601.68457,13396192994.73317,11927812228.13404,1113951562.7553964,730660035.1333618,1630925760.7992706,118074900.08163452,108736311425.78125,1480895978342.3613,61070970496.17767
2020-04-08,1132699529919.2046,1203885631561.2793,249578411716.46118,51687900772.09473,4068383543.0145264,40939347260.29968,16792957107.055664,313889780.1329956,105957002967.25212,179505731783.86688,258724874537.6587,323535165946.96045,98843528331.75659,268172051158.90503,10861360908.5083,34327468841.552734,13842879576.318832,12846639606.67883,1165834187.4462225,785919982.4333191,1704258752.2992706,123381301.91326141,111125721191.40625,1500819306696.2432,62218531318.855286
2020-04-09,1140873641092.0715,1203958591842.6514,271969017971.03882,51681828247.07031,4007422897.338867,40924762133.499146,16774856932.785034,318540367.4219971,105922202380.83542,190299050268.93616,257735815294.64722,318950864936.8286,103830150661.4685,263768826530.45654,11077775619.506836,38933452125.54932,15000305942.379822,13705011641.975441,1165834187.4462225,884160035.1333618,1824524813.6003647,125808800.16326904,110419687866.21094,1499240067951.9653,62594098655.12848
2020-04-13,1163266350481.224,1206655780029.2969,259873917593.3838,54872409332.27539,4112580631.2561035,41055008098.57178,17951342368.46161,310208768.3410034,108965940972.25662,183103532785.98785,260635503243.2556,315653604774.4751,99990709888.45825,261505957626.34277,11226561252.593994,40604647060.39429,14368783171.069656,12945774543.342648,1257391833.1935244,896440023.4222412,1734569669.900547,122468475.32653809,109338655957.03125,1473120968852.9204,61383943276.405334
2020-04-14,1222014699667.0532,1266365631103.5156,252754386583.70972,57767996185.302734,4327467235.565186,42914405643.096924,18712889162.864685,317061393.05200195,112183617670.08034,181649056556.51093,271897125141.90674,329790981658.93555,102602538986.20605,259487809181.21338,11253614130.020142,40686163043.97583,14907888432.127716,13615551102.7874,1303170692.4489207,945559976.5777588,1803991665.4981766,126892146.17347717,115254333886.71875,1514182564217.3767,62375022237.586975
2020-04-15,1210861157904.7012,1253096697235.1074,240288660390.4724,58384305358.88672,4280071752.548218,42645433988.06763,19310181104.774475,309880110.15600586,111974878977.26112,169860651977.1576,272481564708.70972,333472185844.4214,100418267364.50195,247562305904.38843,10374425731.658936,39551660778.045654,13471009062.722488,12452508818.417072,1275703347.7902865,810480032.2055817,1673947834.6979942,122980062.2959137,112685466210.9375,1494137624550.5522,62437612265.01465
2020-04-16,1220482574701.6143,1290715978622.4365,231131361604.30908,60927207061.76758,4491300338.745117,42649840835.861206,19872178915.145874,308877686.3930054,115079521295.9816,163966441235.35156,273110884481.04858,338011471603.39355,100528298828.125,239428470829.01,10252690898.895264,40692967872.61963,11684263905.600128,12043870290.331821,1370312912.6370487,699959991.2166595,1660258882.801094,124514804.07142639,116638545190.42969,1480045446543.503,64336289645.76721
2020-04-17,296172955685.7681,1302089116287.2314,251907414216.61377,60087500000.0,4455028615.951538,43381463671.41724,19138686873.023987,314202014.18499756,114896885744.04495,178204425042.7246,280281509163.6658,343318706542.96875,104244974681.85425,264319294612.88452,11280666315.078735,40237797359.46655,12348792596.50882,12662877473.174686,1379468742.6989207,730660035.1333618,1822569222.4014587,126922241.7755127,117934957470.70312,1513818264129.7913,65796827777.290344
2020-04-20,290025383754.50134,1276280734252.9297,242723572878.26538,60558331085.20508,4374713012.6953125,42776024360.42786,19796160254.562378,310175895.0,112922803301.96022,172233621104.6219,271087905727.38647,342528321060.18066,100583352077.48413,251843262073.51685,10847835508.346558,40448385974.88403,11844894896.857498,12300174979.343605,1348949551.704317,718379973.6499786,1710125339.400547,127313455.90305328,116311434643.55469,1478587712341.919,66881798572.54028
2020-04-21,281060619732.9712,1223497191238.4033,235683503929.90112,58901435104.37012,4107398414.6118164,41114371391.052246,19630546939.6286,301515612.6589966,112366220809.17648,165650477298.3551,269019887265.01465,338034152442.9321,99656293476.10474,250497743104.9347,10022748710.632324,40264970382.69043,11785483306.203918,12053544687.807598,1287911024.188128,675400014.6389008,1655370091.2992706,123090400.08163452,112126956860.35156,1465953161766.2048,66871364636.99341
2020-04-22,289156115992.1646,1265053634262.085,236451037892.15088,58942607950.041016,4360996393.203735,42683091793.99109,19069001374.694824,306609902.28900146,114436007564.97719,166875241555.97687,268390527616.88232,340800055256.28107,104630219867.7063,257653109310.15015,10333846761.703491,41936162231.44531,11543435998.413757,12133339827.763596,1321482207.045683,583299992.6805496,1556614973.6998177,125397535.0561142,117663699145.50781,1475186118997.7266,67382545963.66882
2020-04-23,288035627961.6165,1249743100738.5254,236583348493.19458,59839409325.69238,4328382104.873657,43115876078.9032,19307918151.45874,305048757.1040039,111774870142.81654,167411140366.1728,270180412419.89136,346413523311.8423,102077630977.63062,265725856040.9546,10563789642.333984,42418505767.822266,11695265099.319443,11925391700.570011,1312326522.5107927,614577294.0,1512615197.4493618,126370533.71429443,115441820312.5,1478223198713.8367,66746175524.90234
2020-04-24,296351061828.26996,1257381280312.0374,240076958697.50977,60107999183.8667,4413422344.207764,43300060921.676636,19230542754.562378,306511307.3410034,112566251252.1814,169784109493.6371,268777422502.89917,344965654098.3938,101468075878.14331,267438226272.583,11470030225.753784,42873667022.70508,11329999511.147736,12070472955.195122,1342845713.5053964,596139992.7631974,1538037230.301094,125939208.06121826,117004588891.60156,1488913783376.6938,67716377557.75452
2020-04-27,296560483699.8749,1253779794193.7568,250425313114.16626,59254594123.74365,4601552293.777466,43105366438.33923,19067192392.944336,308056028.3930054,111574872112.65213,179658816750.9079,265767896681.21338,343695874084.62256,103118990539.55078,268722519241.333,11970493572.235107,42533987258.91113,12584237317.314926,12406565071.38256,1373364904.5,516244910.84206903,1631903556.3987236,129630616.36734009,116627711840.82031,1508837218500.824,67956326375.00763
2020-04-28,291753304338.26447,1223236474943.3162,252198554314.4226,57710383193.80005,4512953228.9505005,41807318853.69873,18273064939.6286,307497281.8959961,111313970355.18845,182873871526.90887,264500743654.63257,337235899420.12134,101298744178.77197,275021623855.5908,12065177604.675293,42237136074.199265,13935301763.452103,12861137062.7952,1355053389.9032378,577702654.8947335,1737503056.698906,129249437.2959137,116836208789.0625,1524508955562.8967,67382545963.66882
2020-04-29,301336082785.56824,1278127664007.7866,259000473643.49365,59172542970.16406,4622928620.33844,45524417997.77222,18637774993.156433,311589147.7630005,107487558904.21669,189686676592.25464,264930684459.68628,334674148593.8832,99533521053.31421,290249660316.4673,12525056442.260742,42021469624.99136,15138935715.418854,13364081041.586723,1348949551.704317,688326572.2105329,1844080352.5985413,127875189.45407867,121763517260.74219,1553300727520.2178,65765530499.26758
2020-04-30,307693175793.4952,1290949945101.6904,253442505797.5769,61698593636.25635,4527203915.596008,45677726205.3833,18997960866.18042,307891686.7630005,106328885074.61548,180212382996.0295,266718236528.77808,334228704490.7175,97836054618.83545,284195245571.1365,11943199603.696564,40087204078.667885,14692245626.172318,13590513863.961021,1275703347.7902865,786658918.7368026,1697764859.6999283,126721626.74999237,115637451049.80469,1501426722639.4653,66068078401.18408
2020-05-01,302739437496.94824,1257525575813.5632,246799415965.271,57011098983.83594,4380055669.784546,44681204591.88843,18790718531.326294,300184530.71099854,107527329166.41235,172943931097.62823,264342357003.02124,330330319849.56525,96113166294.0979,263830006645.20264,11442746330.59111,41104885685.04911,13906697958.24971,12815966185.505802,1196353451.204317,706763873.4473355,1641956010.5997849,122970027.2397995,111880851977.53906,1471420012025.4517,66172404170.799255
2020-05-04,307022913371.9635,1288284470460.43,243861638030.24292,57758014874.041016,4511869479.179382,44870477269.592285,19373529988.594055,292428077.18499756,108209670230.86548,171819947955.45657,261966397725.6775,330285837750.36816,97400010673.52295,274471247543.33496,11767363940.124619,42284318659.144936,13864886640.638626,12523958258.80363,1248236148.6586342,755930083.3421316,1650767953.7997131,118917500.4081726,113532641870.11719,1466317782164.5356,66370612717.24701
2020-05-05,311630822845.9549,1302115547209.7495,243491177809.906,57803154044.05127,4549818220.13855,45756418052.30713,19216514515.35797,289272913.473999,109110676914.21509,169796778299.54758,262509426280.97534,333025697876.6447,97404265163.42163,274165377559.66187,11902620758.165033,43746816526.74131,13323580906.992645,12880300364.976677,1272651501.454317,737492782.105329,1558732206.3499641,121184514.29080963,115605427050.78125,1481624898828.2776,65859422333.33588
2020-05-06,314846124822.8836,1314937596875.423,238912398306.2744,58637608415.70264,4612549951.553345,45634649202.97241,19650003850.212097,283274820.1040039,107859729164.12354,167473852226.70166,255924676693.7256,329862624646.6204,94254824615.47852,269028266864.7766,11618582686.516674,42075387768.10201,12265175807.388107,12986711343.21,1272651501.454317,700618106.3684013,1583209784.8499641,122378198.08673859,117028661572.26562,1477008366827.3926,64659696361.54175
2020-05-07,318103125991.3635,1322573455616.562,241400206646.72852,59045356451.93335,4722213624.000549,46443599302.03247,19752720526.763916,285082452.6589966,107095366756.43921,171145558070.15356,253820231694.03076,328771054434.69336,95025232448.57788,270557249702.4536,12132558318.128803,43510925033.33439,12542427168.924133,13464304428.126377,1333689883.4435244,774367384.5789342,1630206690.7501793,123862783.71429443,120111753100.58594,1476279553111.7249,65003975477.02789
2020-05-08,325674621148.7961,1330353147002.7666,245343786445.61768,59344621310.06152,4840396625.518799,46954412710.754395,19708376308.09021,290587571.28900146,108017946563.7207,176615603846.2508,262373669142.15088,331243619958.5648,97247621898.65112,282421572864.5325,12457175235.308693,43504186413.55206,12766873034.451508,13575668623.337837,1475491051.5522137,854262429.8684013,1734970696.8503227,125056477.07653046,122040205126.95312,1495473960979.6904,65473430118.751526
2020-05-11,330799124413.7573,1345192787979.2722,238118392761.23047,60077571532.25635,4997149433.135986,47607325435.36377,19933264845.64972,286988705.2369995,108659314994.81201,169197265465.67374,260925440137.4817,332157000469.009,96252859130.85938,279730657287.59766,12146086907.818039,42425848044.27786,12119949293.466476,13367798573.821037,1397662874.984336,909574406.8421316,1681120098.8499641,124203841.69387817,122036190869.14062,1501791129497.2993,66746175524.90234
2020-05-12,327018684305.4962,1314721558622.5369,230337285089.87427,58779510257.69238,4834200210.571289,46643726027.58789,19539595548.965454,283981433.94799805,108755953895.56885,163877139266.58167,259205736730.95703,327768709725.8551,96485670520.78247,275054997608.1848,11726785094.593088,42109080867.01364,12001122604.498444,12786263914.004791,1387934449.557435,1038635662.0263948,1613561929.9002151,120482337.78572083,118925012402.34375,1459879109104.233,65243915237.04529
2020-05-13,323070256970.36743,1294839790794.7927,222397371578.21655,59053088941.687256,4820260946.273804,45733014011.6272,19831454386.10077,280300422.15600586,108694473209.3811,156383874192.3314,257780197052.7649,327746297823.1869,97412736625.67139,261402012611.38916,11361594178.35699,43059364029.10222,11259582049.893677,12427447164.385117,1332806190.0365496,823533594.4737303,1542087445.5,115306343.85204315,117962812817.38281,1430601105435.6384,65984620502.66266
2020-05-14,325054986373.7869,1300458752509.79,231634132425.6897,59575054832.23071,4975463463.783264,46022337006.378174,19997972191.90979,280891991.84399414,108439660381.31714,162678163241.07806,257531292350.0061,328882450636.11676,98305924385.0708,263708717067.7185,11212810847.688194,44912756953.185745,11343198839.014389,12467046699.644348,1316591941.484336,860408196.9473355,1536212785.5751972,113560951.99489594,121298455200.19531,1420760945801.3916,67069586769.29474
2020-05-15,323133252180.4428,1319404161718.169,227346587645.72144,60097024528.1333,5201417326.927185,46571812742.27905,20551824406.02112,278131233.0,110653769321.44165,160655059774.8278,259341493869.7815,335119652998.1323,96451822189.33105,261838379779.81567,11469799355.847878,45761957756.92209,11292587969.492203,12370534295.19754,1323077609.9791145,860408196.9473355,1630206690.7501793,115938294.09694672,117285265283.20312,1420032238855.9722,66673147033.30994
2020-05-18,330746611871.1853,1332010057416.8413,239388768514.2517,60508018535.70264,5360386676.78833,46982904586.364746,20478973189.6286,288336236.3930054,112165029144.28711,171819947955.45657,262961976660.9192,335298003502.5044,99668981910.70557,282660817703.2471,12416600543.898869,44656658785.28389,12522624084.853134,13132704826.334736,1352263195.5208855,909574406.8421316,1838755764.1496773,120502398.33164215,122236646435.54688,1451375072358.6274,66537528514.289856
2020-05-19,328835426482.04803,1322789609583.5632,234677796691.89453,61083354588.0564,5394232978.820801,46617264067.65747,20409289417.427063,283455585.8670044,109783964874.26758,166424779230.7885,254431188663.48267,331956519467.02466,97573574352.2644,273932862533.56934,12362497262.799809,45411491357.51154,12513822194.50145,13013933731.151207,1352263195.5208855,866553964.0262697,1755531959.8998566,119429087.37754822,122781864990.23438,1436189567007.8276,67257370437.431335
2020-05-20,335230647299.53766,1341137818243.9263,241717841983.79517,62295631651.7334,5495005316.734314,47796264142.3645,20256798124.694824,289256489.3410034,110223241497.0398,171670044925.8661,256331968048.0957,328971495235.9554,98542967754.36401,282847814723.9685,12335442852.835808,44292721269.54339,12249772499.27266,12729345804.70404,1368477289.442565,897282872.6842632,1619436683.1995697,121615839.9438858,130555706835.9375,1455627090731.4302,67674659930.03845
2020-05-21,332731341274.6048,1325029024853.0364,238647753447.7234,61018762422.16919,5375701031.6848755,47714524812.77466,19740050750.0,287481705.05200195,109819101352.69165,171595134779.60754,252575668304.44336,326810806915.49164,96896285072.32666,277798130413.0554,12037877576.205448,42783043878.61869,12322386925.453766,12806064991.6627,1352263195.5208855,903428639.7631974,1726158753.6503944,121094227.48470306,127889583471.67969,1432909584976.5776,67622481195.06836
2020-05-22,334873674442.44385,1325606901143.831,236795097499.08447,60772867725.85132,5529463348.388672,47934658470.76416,19426472048.965454,287465255.84399414,109239202739.71558,169796778299.54758,254793260868.0725,323827531415.8413,98991677623.74878,278047439380.64575,11821465836.516443,42493246488.57051,12012127305.878632,12905045489.414669,1332806190.0365496,878845498.1841381,1681120098.8499641,122749351.66835785,128037943750.0,1428171548432.9985,67632928716.46881
2020-05-26,332605383922.8058,1311593111806.7732,253601287981.4148,60398287199.805176,5340476431.846619,48210403469.11621,18768094176.55182,296355601.4219971,108826248588.56201,181935796235.0016,253503418515.01465,324253679172.3151,99186408702.85034,286214372898.1018,12524804336.682518,39905236851.60631,13037527655.104935,13731564610.33397,1368477289.442565,866553964.0262697,1754552834.3499641,125096598.16837311,128238399316.40625,1507743891157.074,66141097835.54077
2020-05-27,334054538301.35345,1313326856393.2722,268290130343.62793,60112238353.93848,5222552204.13208,48173426650.32959,18999769847.93091,305278820.3410034,107613741210.9375,194674327004.32944,257712248700.7141,324993935272.28296,102073391494.75098,288271646026.6113,12565380412.799578,39581727992.94241,13904492808.780624,13706815555.811096,1404148543.4791145,854262429.8684013,1862254217.0997849,126310352.07653046,127705184936.52344,1540544565631.5613,65504727396.77429
2020-05-28,334201527124.8627,1310365153617.3633,264293725661.4685,59880556673.974365,5199119381.904602,48104242531.86035,18707912736.923218,304177801.6300049,108676910404.20532,186281891963.75653,262622613720.70312,329659369794.79913,106403899448.39478,280790449825.28687,12294870930.840454,39574995496.39478,13147547776.840118,13783530812.684875,1378205869.5,835825128.6315987,1734970696.8503227,125728557.97958374,128282504687.5,1559374886952.4385,67768538178.253174
2020-05-29,333876002270.27893,1323728861055.806,257544844123.84033,60909780742.02051,5437113289.833069,48622518098.480225,18992530468.673706,304966586.28900146,109001996189.11743,180736919493.98608,262305800541.687,333652045230.04694,108181788497.9248,283471240093.2312,12267816520.876453,39406502447.28051,12696460250.078613,13744512929.988007,1365234532.5104427,817387827.3947961,1658600771.449749,124865887.54081726,132107307543.94531,1530826124080.5054,68790914417.45758
2020-06-01,337982000301.4755,1320694952672.0767,260958968610.38208,61624777279.83594,5394691629.40979,48668303394.56177,19272624019.92035,302107207.4219971,108262435411.0157,184408575695.19394,265315366239.16626,330152934162.5278,108816015136.71875,288520954994.20166,12633015053.002344,40767905710.05526,13554621174.962036,14057625412.500229,1387934449.557435,854262429.8684013,1695806608.6001434,122980062.2959137,130992720556.64062,1536171363026.8096,68540531664.65759
2020-06-02,339546662432.6706,1335719967660.9675,261832365247.34497,61658941794.11279,5406330327.987671,48920654788.81836,19335520658.302307,305558181.05200195,108244966887.11795,186131988934.16605,267148197271.72852,332530485279.30286,109220379264.83154,294942328067.77954,13187568145.438768,39406502447.28051,13961705096.066574,14214181653.75634,1345777527.0261068,872699731.1052039,1761406526.4501076,121465381.06632233,134200086816.40625,1536535876654.892,67966751253.31879
2020-06-03,341415884083.4427,1338970492868.1587,275965375340.271,61808324972.15381,5372179627.418518,48816862956.23779,19093888682.785034,313577571.15600586,107834505189.22386,194749204055.7586,268211784372.71118,333427664898.6702,110488795024.87183,306974315334.32007,13715066827.911192,37917426679.4886,16036708654.54573,14949738960.108856,1352263195.5208855,921865941.0,1922958507.2002869,130031855.9846878,138838728979.4922,1563869807640.3809,67507735075.75989
2020-06-04,338475611587.9822,1321345150284.807,281708620609.28345,61364414608.10254,5372793703.079224,47970607285.980225,18748183294.403076,315598842.81500244,106646710382.44781,202068390327.57025,262599984207.91626,329121041922.81757,107215591590.88135,306101611587.5244,13796220364.852547,37836195848.01897,16883871893.370712,14937318581.857143,1621418670.0,1020198287.5262697,2003244934.8004303,125688427.32143402,141569003271.48438,1556945223179.5503,67121738332.55768
2020-06-05,348115598283.80585,1352262110412.896,294386048495.4834,61923045133.871826,5466869273.18573,48842980508.880615,18986647825.72937,329747794.5780029,106166363785.91766,212103917456.2562,267759154241.18042,330399585694.0447,108275447303.77197,330913941284.1797,14688914810.03639,37064582551.108475,19495773224.99826,15459167042.588242,1582504659.0313282,1536443235.0,2049262901.8998566,125598150.08163452,143216778906.25,1592661686367.9504,67278224722.67151
2020-06-08,350173937838.21106,1360641432343.5334,300261557052.6123,62947033027.75391,5396388988.494873,49115010083.1604,18981671399.787903,331226768.94799805,105886878206.59885,215348435242.31683,269388419348.14453,329210850336.37946,110871894207.00073,341262741233.8257,15216417646.63052,37592537031.40089,21014073587.817444,15946219841.812775,1712218183.557435,2304664852.5,2084510674.6995697,126751712.78572083,140021481152.34375,1604445598374.5576,67100874990.08179
2020-06-09,361231697046.7758,1371044015576.6428,292559864129.6387,64862331164.06152,5544089727.401733,49252032000.701904,19640501517.63916,322204980.15600586,105982960489.55899,212933902681.79977,267781803691.864,327393898291.7262,110101448856.35376,333656921138.7634,15243472056.59452,38695809212.3549,19027087763.634842,15618211027.573917,1653847012.4738932,1757690996.3682761,1909251123.0,126069606.39286041,140053530883.78906,1586465808852.539,67424272648.620605
2020-06-10,370525325826.416,1421897707737.1472,280702960684.2041,66024229078.20508,5740672531.12793,49680083294.555664,19659960154.35028,314711438.1329956,105817036520.14313,200710161983.18167,269795710702.51465,331521065243.34424,109301229579.92554,315764704811.0962,15513982923.26088,39751696741.618286,18265741786.518494,15439283433.147835,1835445884.958229,1462694030.0527897,1826027318.7501793,124304153.98979187,139488228173.82812,1591568145483.7036,69437709734.53522
2020-06-11,352736139868.16406,1345544096032.7068,257280080982.9712,63792458249.77954,5391025357.246399,47550023368.31665,19256334553.527832,292543121.3410034,104882519105.31674,180563701157.11078,263075164100.64697,315976893165.6886,105700302864.0747,287897560214.99634,13403977115.713303,37930959028.16551,15825464455.325592,14383163513.377338,1540347736.5,1241446122.1578684,1712451369.4501076,117703756.06632233,133462389746.09375,1511753007214.7368,67205205288.31482
2020-06-12,355781569722.1756,1356162948946.9326,264320197244.2627,63469748574.04614,5474530849.456787,47923793986.328125,18917416298.965454,297785303.3930054,102830091782.35034,186977396350.1918,261626955033.8745,318847908148.3866,105095880165.1001,294069440780.63965,14188467768.113497,37531610846.18131,16718839956.9375,15016839919.335835,1640875675.484336,1358215843.1842632,1706576802.8998566,118385862.45918274,137543757714.84375,1552814816119.69,67403413834.76257
2020-06-15,360181611537.0941,1364831209022.9673,267972518663.0249,64159557439.774414,5622385840.415955,48189044998.99292,19253619354.774475,298344024.81500244,103127056688.61198,189769209965.42383,264048173336.792,316829289180.4419,105802455642.7002,293882413169.86084,14161413358.149496,38479215093.09064,16368969492.339203,15548623634.645668,1689518266.5104427,1382798911.5,1686994665.4002151,123050278.98979187,140326178759.76562,1547712265948.0286,68206704599.18976
2020-06-16,369727221157.0358,1398276638280.042,270116362022.3999,65221701669.66162,5557880330.085754,49061757410.88867,19734620352.493286,299576511.81500244,104498243988.70163,194673814034.47437,267306643737.03003,324029339041.6607,105632193508.1482,300490783264.16016,14580712401.959976,37870038966.18063,16617619387.113419,15695242001.266457,1767346288.4477863,1395090445.6578684,1796654299.2498207,122338076.99489594,141144006591.79688,1574438887760.544,68112812765.12146
2020-06-17,369212677603.8742,1403116612572.206,263288042079.92554,65862874240.33838,5660540056.228638,49267634694.488525,20261324031.326294,297210132.7630005,103956773763.097,188637416443.52298,266854073419.18945,323042451510.5372,105985488750.45776,290703096736.90796,14472507224.469091,37619610913.60675,15770452640.627563,15670388144.480095,1715460940.4895573,1352070076.105329,1704618551.8000717,122107366.36734009,145297592602.53906,1565692055470.0469,69604643646.0495
2020-06-18,369359633359.0317,1418141396132.867,261858836830.13916,66187083227.569336,5649506049.156189,48642859001.61743,20356347357.055664,296996493.6589966,103048432126.50452,188939257834.70963,269908818390.65552,321674219927.915,105955677307.1289,292510938537.59766,14283145740.622381,37585758610.59304,15614223763.766327,15752394605.631763,1747889282.9634504,1352070076.105329,1757490210.9996414,119830326.99489594,143882322265.625,1568607417102.9663,68916099000.93079
2020-06-19,367248880467.1097,1409690215736.7542,258868139385.98633,66711545433.70264,5676012768.745422,48321313052.30713,20530558513.687134,295336753.526001,104672907621.5889,190523755527.4391,269094255619.812,322616323854.4245,103095354484.5581,286650770656.5857,14201994973.095497,38526590559.929214,14769262166.749557,15290182562.910656,1777074868.5052214,1290612258.789342,1656642520.3499641,118556391.44897461,144599948046.875,1552450302491.6077,70470519909.2865
2020-06-22,376857485297.1268,1448841623723.3794,256062672052.00195,67679415696.48193,5838732261.657715,49203867163.360596,21178529562.652588,296076240.71099854,106271196535.39429,185770113522.51862,266446782064.81934,321629255420.05066,105151218547.82104,289393842281.34155,14594236837.527506,39406505508.89786,15083922731.500534,15267821689.967033,1806260454.0469923,1290612258.789342,1691890293.1496773,119078003.90815735,146051282373.04688,1556580816321.7163,70877398109.43604
2020-06-23,384901494132.6523,1458521803735.9377,259185703753.6621,68941074905.6001,5791693596.839905,49655661686.88965,21097984995.437622,297456620.1329956,105738411958.03566,187052869108.5495,266401503101.34888,320440419560.5797,103520998565.67383,291139463905.3345,14986487010.202927,39873521557.501305,15431588046.629745,15225575897.55471,2085144353.9530077,1284466491.7104077,1681120098.8499641,117904371.09184265,146993449267.57812,1568243010245.1323,70877398109.43604
2020-06-24,378107171377.94495,1429121277086.1953,250531152132.41577,68192659703.89746,5660234484.672546,48594699382.56836,20717437720.954895,291737887.473999,105065922401.67542,179658243173.20956,263437196429.44336,313621713750.85944,102865514484.40552,277424014011.38306,14296674330.311617,39535102622.35403,14326975361.119446,14775793403.283371,2454827922.0469923,1186134145.184138,1582073731.3199615,114734575.24490356,144964808056.64062,1552571807034.3018,69406426042.36603
2020-06-25,383126649557.76215,1447180431887.0461,259265118502.04468,68695926059.671875,5816209115.982056,48879612920.37964,21082147774.482727,293907076.6300049,104550671166.48502,186524625989.7045,266763575305.93872,313285173404.3361,101797149791.71753,281600963985.4431,14986487010.202927,39656933561.47174,14289569665.565369,14803120593.488068,2383485413.973893,1186134145.184138,1545895295.6899471,118155151.83162689,146957372412.10938,1552207186635.9712,70157542600.44098
2020-06-26,371354911566.658,1418214180311.263,245052622691.3452,67156947498.5332,5610895528.793335,46214991137.45117,20063584029.045105,288188318.8959961,103336668172.33981,174678215988.0454,260744443910.98022,309113202747.74286,100545736984.25293,271937931941.98608,14594236837.527506,40164577272.279396,13620640029.480835,14514864587.818794,2214857878.4791145,1093947565.7368026,1437359895.550024,116359603.82652283,145036974633.78906,1532648051599.4263,68895235658.4549
2020-06-29,1526824889928.65,1433455927837.7307,246137815647.12524,66845463632.23584,5638474388.122559,47389581755.218506,20237341214.11133,291179166.05200195,103982960344.37599,176489098861.01852,266243076573.9441,315530535106.65894,101405556636.8103,276301878936.7676,14932380959.689396,40299940560.07402,14991504052.028137,14855310810.677181,2591026960.4373436,1093947565.7368026,1469627151.4700336,118867353.82652283,146259779321.28906,1541516495202.8657,68394488267.326355
2020-06-30,1539569902500.0151,1467667739379.8828,247361551689.14795,70211966079.71191,5820959258.079529,47903927323.22693,20656314014.225006,293348330.1329956,104611762386.42426,181116015453.52936,271859287759.3994,319138839408.8745,102242624667.3584,278795580413.81836,15714226490.020752,41914795913.69629,15015992132.314568,14855473587.324566,2599655872.57905,1125450026.3929367,1488205325.0299664,115226293.60771179,147550749194.33594,1526209592079.6204,68311034897.42279
2020-07-01,1536657850326.7974,1476249692459.1064,245257726455.68848,73262913757.32422,5840724048.614502,48712984475.40283,22045384605.960846,292493823.8670044,104533181036.49712,177379311215.4007,272791415507.50732,318571460792.5415,104835174909.59167,272498953594.20776,15605570606.23169,41656815376.28174,15330014393.259392,15252446685.649727,2808641557.26285,1131600020.5278397,1472560606.1899471,114748977.39887238,147374327709.96094,1508108404785.1562,68519672850.79956
2020-07-02,1536657850326.7974,1487500141159.0576,246054350372.31445,73558134689.33105,5891135144.233704,49656505086.44104,21648182730.960846,293874203.28900146,104113958069.04144,177608076397.70508,274837713275.14648,319910311637.8784,104894799385.0708,274805688640.59448,15619151201.248169,41385258693.69507,15110418178.110863,15254939001.618656,2881470075.7905006,1131600020.5278397,1499938864.1599808,114310631.65569305,149631511425.78125,1535442335770.645,69229085367.01202
2020-07-06,1577763741958.6487,1519520355743.4082,252268110946.65527,77801670547.48535,6030257005.691528,50660495794.25812,22416258280.506134,300266701.526001,103834483292.76772,180429719906.6162,276542984786.9873,324471730670.92896,105133207231.14014,276738215515.1367,17316886871.33789,41534608573.913574,15136769117.16748,15045216053.71241,3160117454.051399,1199250029.3254852,1624118983.139923,116648478.7158966,154538825805.66406,1542610036087.1123,68770055603.59955
2020-07-07,1572868326028.9001,1501851261856.079,245151502098.0835,76353052322.3877,6050174875.259399,50331805606.84204,22386752478.904724,297686683.3699951,110873801483.48447,175472795331.00128,277884472254.94385,324176815807.3425,105031031367.87415,269568854358.6731,17289722900.390625,42410394306.18286,14477980471.721893,14623271286.6549,2957464815.3162003,1217700011.730194,1613363169.0,115031469.14863586,153159645190.4297,1518070175732.3457,67872863947.86835
2020-07-08,1609500618707.901,1534881505325.3174,247753869575.5005,78414247573.85254,6261158838.272095,50793940590.55328,22823446654.586792,297768854.18499756,108681636772.38121,176159191220.8557,279407741561.88965,325129869529.7241,107819415554.4281,268945490169.52515,17411953817.367554,43062119903.56445,14429669444.411034,14613283668.006134,3008127975.0,1242299988.269806,1714076209.7199135,115158097.615242,157132743994.14062,1523536919221.344,68728319861.41205
2020-07-09,1616422058523.2239,1545626997344.9707,242389809837.3413,80997933624.26758,6440732274.055481,51302684583.96912,23049511763.305664,293824905.81500244,111572477621.12369,173642606977.27203,278475533680.7251,323359851608.27637,107274517641.83044,257848457416.53442,17507033277.511597,42586899547.576904,13670212113.840767,14261253542.5452,2833973137.1047497,1168499985.3372574,1638785883.7399712,114330121.53339386,158251332373.04688,1504342404583.13,68446648887.82501
2020-07-10,1619249322028.7476,1540939252624.5117,255640540374.75586,81440000000.0,6422498860.359192,51990136293.56384,24909324483.718872,300562486.3699951,114131459727.98938,183175002437.21008,281681416877.7466,323087469200.1343,110514179183.19702,265890736450.1953,17615687770.843506,42009841213.22632,14333335601.362045,14228793126.409103,2944799025.3952503,1156199997.0674515,1613363169.0,114612603.99341583,158704338793.9453,1518191573504.7913,68269299155.23529
2020-07-13,1611779546722.9766,1493341626983.6426,259305010391.23535,78996798446.65527,6160800576.210022,51085465186.042786,23854809403.66745,302583783.1040039,113118350160.19077,184471433238.60168,282045180888.3667,329532503894.8059,109083784639.35852,265952987216.94946,17683597698.21167,40421223411.56006,14268371312.650307,14188845273.924477,2631320498.3695507,1088549988.269806,1587940454.2600288,112791043.60771179,155805684399.41406,1519163503076.0957,67966751253.31879
2020-07-14,1638451961797.4854,1502572711059.5703,260792104385.37598,78487798446.65527,6359832057.952881,51377000176.04828,23826664688.987732,311753489.3930054,115293046347.39627,184090113337.89825,284409707057.18994,335682481372.83325,111770015476.60828,274743284923.55347,18335527439.11743,41935158596.03882,13874079211.578712,14368607987.994862,2738979561.7094994,1193100035.1905823,1560562196.2899952,113638509.56726074,159097234277.34375,1535928460711.67,68321464304.35181
2020-07-15,1649720216256.912,1500337084960.9375,264828465431.21338,76575739822.3877,6268054432.8689575,51242552308.95996,23753126166.973114,313150292.94799805,115284328290.01503,187598018946.07544,283068279689.0259,336454034946.44165,110258743277.35901,278234528171.5393,18376267833.709717,42186349525.45166,14918050372.070343,14638257958.848919,2862471239.92095,1273049958.9443207,1688653494.9799423,117330345.74317932,150517530175.78125,1546861947689.6667,69469007012.55798
2020-07-16,1629420373916.8853,1470624699157.7148,265571918403.6255,76347452514.64844,6211362991.333008,51176339242.09595,23940604634.628296,313889780.1329956,115458981119.85721,182488656718.8263,283659501380.9204,338700691577.9114,114251879578.01819,276052447608.94775,18294781482.696533,41785805644.98901,14091387236.872482,14396074594.806576,2868804285.8695507,1297649935.4839325,1651497147.860077,115391883.25023651,154442547949.21875,1536657274427.3376,68498809508.32367
2020-07-17,399142888406.3873,1463124284500.122,260659365074.1577,75382134201.0498,6252272043.228149,51241538843.65082,22379034458.026886,313478951.1329956,115057237479.34436,177074235226.2497,285637505751.0376,338927561679.8401,117231872588.72986,271314414802.55127,18444184713.363647,42715880603.79028,13979372117.200287,14628269029.144936,2846638927.0256996,1205400023.4603882,1602607354.860077,115274990.43273926,153789060229.4922,1543581752117.92,70074102816.39099
2020-07-20,407554377569.6411,1526010857040.4053,258375670669.55566,81359575576.78223,6441802654.266357,52828932155.9906,22806651257.572174,313018824.6589966,114821450217.38263,179819567928.3142,284750773379.5166,335333131728.18317,116784857877.34985,264955537216.18652,18240452150.34485,43578080978.393555,13535794670.343216,14326169130.596523,2723147550.7905006,1211550017.5952911,1492116504.7399712,117388787.50705719,156952308251.95312,1546254531746.4448,71419872185.51636
2020-07-21,401929364022.1863,1505457468154.9072,263978647064.20898,79869483047.48535,6330106573.104858,52561372117.118835,22247843688.06839,315960374.3410034,115572510320.62492,186225411128.4256,284364251580.81055,335646868223.0564,117636290884.39941,278359213245.39185,18172542222.976685,43645973987.579346,13654529670.369087,14278729908.597713,2875137029.8419,1279199953.0792236,1565451194.2399712,117905064.89181519,153881272363.28125,1533984601569.0613,71284253666.49628
2020-07-22,403058522583.2062,1527092973083.496,262066726158.1421,77635641228.98918,6397676010.131836,52863057351.989746,22235133283.481598,315681013.6300049,115860713957.32498,185386510691.64276,286797091180.4199,336252024723.53955,119377453147.50671,271875558815.00244,18498507093.429565,44447067890.16724,13896483869.101013,14605798853.76804,2833973137.1047497,1236149994.134903,1555673198.3400192,118070663.82408142,157401351879.8828,1533862990256.1187,71472028277.39716
2020-07-23,384712721517.8833,1460672281402.588,262836811614.99023,74796599053.98372,6208296718.597412,51238155428.69568,21679505046.787262,317570817.0,114969884056.81058,187140522029.11377,288652672273.2544,335355428130.5975,119611553322.21985,272436702827.4536,18091051700.59204,44543732841.64642,13844958174.248154,14318676450.027122,2700982191.9466496,1272247927.120186,1568384648.9598846,116658214.3650055,154045638208.0078,1529003876250.8394,69291670865.82184
2020-07-24,383759713649.6124,1451729661483.7646,260978038146.97266,75356591788.34528,6247982311.248779,50949671229.133606,21809786693.80188,319657835.3410034,114620545987.99095,185691553233.14667,288195072453.3081,332015487309.4791,119305078264.99939,270753423740.38696,17819413381.576538,45207464933.96706,13569402240.050903,14336154127.134853,2697815970.948601,1346001508.718412,1507761223.5799904,113920992.02728271,147410404565.4297,1521107255448.4558,69030858706.09283
2020-07-27,392854863223.72437,1469470047874.2786,257313521118.16406,76516152553.2854,26005385017.39502,51666503038.17749,22499783301.60141,315746735.2369995,114594337800.6218,184090113337.89825,289018700042.7246,329908517455.02374,118189744102.47803,274743284923.55347,18417020742.41638,46758397230.887566,13880800258.78086,14640754207.983501,2643986288.2905006,1352147628.30701,1506783405.3400192,114612603.99341583,153063393066.40625,1549777522863.083,70324485569.19098
2020-07-28,386401321630.87463,1456278618186.9536,258428771095.27588,75141709700.05998,25491336868.286133,50795619304.885864,22175667984.638214,319000493.8959961,115074695200.19702,185767847316.16974,292588006684.8755,329124005479.62396,119215667818.06946,271501473003.38745,17968816612.243652,46453627604.724365,14369181186.44017,14942859350.752785,2552159235.8695507,1253809568.354392,1539050661.2600288,114758722.33772278,150890392968.75,1524144441934.8145,70188853464.31732
2020-07-29,393807968953.4912,1470983555366.6348,264695655601.50146,75973188355.03267,26115170951.84326,51466522945.02258,21992728205.051422,322763701.5780029,114140231800.59604,190421678081.35608,293571820254.5166,328473914697.87885,119811672423.93494,274493914775.8484,18063886339.187622,45979555135.01784,14694023633.27137,15135103310.496082,2593322826.6304493,1272247927.120186,1694520217.9200096,119561035.6349945,146183611352.53906,1506286050185.2417,69813286128.04413
2020-07-30,398573106156.34155,1469830324320.1587,257632123672.48535,76432752469.7937,26485738479.614258,51968520897.56012,22052648931.19812,319296303.81500244,113642373467.98782,187181383384.06818,300687475418.0908,329146402316.28345,120194792511.74927,261027957389.83154,17574941814.422607,44469244492.04439,14252686535.481682,15117625633.388351,2523660982.0652246,1278394046.708784,1588918272.5,118986316.48635864,145425855859.375,1487699058260.498,70074102816.39099
2020-07-31,440299225567.749,1477831810142.0728,256623098052.97852,79257769795.71492,26487608283.996582,50265249520.95032,22192463381.652832,321728404.473999,113653934326.17188,187482791158.4032,284038610040.8198,326725475011.61554,119496619547.27173,262337181255.34058,17478198787.79492,46866758403.09086,13968171538.711845,15110250659.86884,2441333347.57905,1253809568.354392,1622655433.537735,120710473.93226624,141813564208.98438,1449795726844.101,68154548507.30896
2020-08-03,451393620263.56506,1560947124313.7388,255189127990.72266,77935673640.78813,27474528289.79492,50089925219.72656,22634605368.347168,327447137.1329956,113566075073.24219,188311674931.9157,284406936742.72375,330289585067.8185,118172678519.4397,263396943202.9724,17721698187.221436,46155634381.16531,13672453629.756622,14949209753.222557,2900468609.6837997,1309124791.1868238,1727627665.85849,120457207.70931244,146981419360.35156,1469233357337.9517,68248435812.7594
2020-08-04,454408243646.97266,1537518762741.7454,253728595962.5244,78610372061.82889,28017263488.76953,49770356220.09277,23134853298.625946,329057604.8670044,115621331909.17969,188462403607.26578,289822566447.364,329998205235.9066,121348445437.2406,271002763298.03467,17518779020.321533,47577888551.9627,14111548044.781982,15565697209.24879,2890969342.73715,1370585987.072804,1804149382.14151,120126009.84477997,148472870532.22656,1493165801749.4966,67424272648.620605
2020-08-05,456055285244.6747,1534995903834.826,258136659988.40332,80268315583.76376,28164493270.874023,49965939432.9834,22793031730.041504,334611995.8959961,114014019287.10938,191325884878.90607,289064309247.6106,332643141080.8668,120807795158.7677,273371749111.17554,18898639880.812256,47659159431.11517,14001776774.722588,15689003387.509998,3412936485.3814907,1524239123.322804,1861050227.0966988,120739699.45907593,147743163378.90625,1516369539215.622,67904156697.273254
2020-08-06,471966618495.20874,1559577150033.6355,258216322380.06592,80768456223.75,28286138015.74707,50839541332.206726,23109432489.452362,336912653.3410034,113610020996.09375,191928733478.48615,287483002427.6029,330737903451.1385,120394859080.88684,272062586425.78125,19696791189.17993,47483077121.49454,13710540730.750603,15636158446.635452,3925059724.0389442,1419754943.781588,1878709142.2759438,120155235.37158966,148031868286.1328,1559131664326.5532,66443641208.83942
2020-08-07,461236072841.4154,1531679974854.0908,263898961166.38184,79327397248.1168,27946772102.355957,50617259804.992676,22458020791.053772,344241828.6589966,114154559326.17188,196751406596.94153,289302633827.11633,333091559898.43195,122510653668.21289,270815705097.1985,18885108981.80591,46670362203.023544,13932324786.785248,15782098354.336464,4126251120.9602175,1376732106.661402,1894405914.1863213,120194196.54750824,146764932495.1172,1578812410676.0405,67434706584.16748
2020-08-10,467940139863.95264,1501187308112.351,267244875640.86914,78844040569.2145,27860682296.75293,50564892233.428955,21942793977.985382,349336118.28900146,115832109375.0,200142413444.12445,290494067051.2831,331813815345.29913,120748193197.25037,277486387138.3667,19453286249.979004,45979555135.01784,14667139444.462776,15716679558.068893,4404261038.565745,1462777927.4368238,1908140729.9481125,120418246.53339386,146500313134.76562,1586222906537.3994,67413852298.92731
2020-08-11,454023647967.80396,1466081948131.1477,275689230194.0918,77153782572.1144,27074643280.029297,50014928786.849976,21196054245.185852,349467586.5780029,114356580200.19531,202855182565.8697,288609434590.57056,329437762061.34625,118257796304.32129,280354113246.9177,18885108981.80591,42579669746.35942,15043508752.995308,15772035847.848484,4137225444.526801,1432047182.958784,1905197515.0448112,131396352.12135315,144856590356.4453,1624855051669.464,68008491524.124146
2020-08-12,469112846790.67993,1507963392125.3933,273352435363.76953,79196664254.33698,28547523773.19336,50916897320.21332,21583723316.745758,350420712.8670044,115840909423.82812,201423450192.77707,293440130613.7641,335467492661.2908,121152634006.88171,280290608287.8113,18898639880.812256,42660946752.45819,15195850155.880394,15852554326.840725,3888479692.052764,1450485541.7245781,1882633428.8136787,133490668.60771179,150268993579.10156,1657534114831.0088,69990631332.01599
2020-08-13,477414926801.4374,1504431297277.1301,271838802909.85107,79166107662.16324,28554394050.598145,51234782408.25653,21849734421.787262,348350118.6589966,116281900512.69531,198559952395.68176,294133310882.97363,331746484227.3777,121071756351.47095,273424731090.54565,18655132171.72412,43419474957.88124,14790358643.16883,15457503875.918255,4155515286.091708,1339855389.129814,1899311272.35849,133451698.1420517,150248960888.67188,1647815566509.7046,69750705157.85217
2020-08-14,476989425016.9525,1505873442319.6292,271945027267.45605,78840532446.20105,7110365180.015564,50828725838.31787,21911017966.518402,346673954.3930054,116943316528.32031,199464192244.1418,292660307552.7374,332284610912.6747,119411464239.12048,274632671276.09253,18641605427.548584,43243383457.84117,15274255372.147957,15351821891.492764,4170147368.6574535,1339855389.129814,1966022646.537735,142832284.04045105,148781569531.25,1630564697473.6023,69149291120.33844
2020-08-17,475744104860.21423,1515821113788.6147,264775270980.83496,79701811039.36418,7585660820.007324,51220931715.69824,21896037352.06604,339804880.473999,119589121826.17188,195168978599.40894,293526849274.9261,333965739567.86554,120471504111.48071,271072569808.95996,19074501404.530273,46291082782.94628,15274255372.147957,15595899207.139332,4462789368.828727,1272247927.120186,1942477301.5518875,140114542.29068756,151752416235.35156,1646479230080.5664,70295321270.17975
2020-08-18,479708408821.02966,1524543383448.7288,261084215492.24854,82959596228.88057,7538778691.291809,52556658204.11682,22328192839.679718,342352025.28900146,118804179199.21875,192380902979.08124,295714712539.66235,336431400285.30524,120497034944.15283,269737558525.08545,19493869252.392822,45850855564.58267,14590968743.020233,15495245185.40633,4671296981.461056,1173909940.435093,1906178586.679245,139432675.26340485,151235207421.875,1653161018996.5059,69885277566.14685
2020-08-19,480310257021.2555,1515294324959.7349,261694999671.93604,81657035504.06786,7463609001.159668,52179306090.08789,21994996683.254242,340511519.3930054,116775746215.82031,192154801703.32867,294111726054.3642,337103887903.7098,120194792511.74927,266749674671.1731,20210853170.989258,44685976026.87042,14310934444.385162,15110250659.86884,4993202797.907454,1180056060.0236912,1932666959.4481125,138000745.21636963,150321127465.8203,1642591725335.846,70053479490.66162
2020-08-20,490968189445.03784,1550557305886.011,258561533912.6587,82580925303.60599,7465145946.502686,53248158577.690125,22601921965.59906,338720285.8959961,115153017211.91406,189140624807.2484,296451214204.7804,339412630156.5903,120096864282.60803,262681044090.271,19886183611.904297,45532551514.05008,14532724334.66217,15351821891.492764,5000519013.618509,977233967.064907,1848296670.0896225,140406769.68955994,149210541870.1172,1628985138418.579,69906294881.62994
2020-08-21,516268941788.0707,1539284463746.2175,258428771095.27588,82264108930.72311,7798712512.969971,53225186697.34955,22348165837.841034,340873025.84399414,116087875732.42188,188236368433.3333,297729385057.4453,342416176517.1387,120224593492.50793,260710371414.18457,19426232761.62793,44408284439.865456,14454313284.152245,15379500694.492859,4729825311.724037,700658292.507897,1849277741.7240562,141322431.64157867,149190534912.10938,1625826981240.7686,69727563920.59326
2020-08-24,522443708599.39575,1544125909434.1714,265704728233.3374,82833624805.1168,7821310669.898987,53548814755.477905,22189285780.506134,349385415.7630005,115823287597.65625,193586534076.42126,300047269411.9159,343318758991.08923,120318251573.56262,268402516651.15356,19696791189.17993,44157701526.7502,15345947709.15268,15711645014.273403,4514001832.237019,823580830.814907,1993491903.820755,144731776.06773376,151543906420.89844,1637124981846.8477,69349062039.94751
2020-08-25,518157636039.82544,1564214439068.924,266873078636.16943,83811107106.98666,7839602790.83252,54248100621.528625,22269633200.454712,350601478.6300049,115205904418.94531,195922539348.88403,301238721603.4188,343115761294.8738,119756295582.58057,259883858654.02222,19561508513.04492,43927426377.13533,15379549444.618004,15744353096.186588,4700561146.592546,792850159.604392,2040582219.5518875,143153736.96613312,152682527490.23438,1637489495474.9297,69874757586.86066
2020-08-26,525204185677.7649,1598031810756.1062,263128899215.69824,86199351653.27994,7853743629.455566,55541251172.447205,24854849836.92169,352754218.5780029,115267689453.125,192606921627.5587,299787284134.4559,343657302744.5045,118772915750.12207,254353008035.6598,20305551459.766846,44476011704.22909,14855322931.88057,15520407374.61898,4773721559.421273,749827322.484206,2477149179.5,142277045.47977448,154723224340.8203,1638704113820.877,70200668628.31116
2020-08-27,518925750921.70715,1637269264435.8271,271785655471.80176,85151240670.0,7764741431.236267,55013926981.69708,23889763016.281128,356385932.8959961,120497460693.35938,196299286672.7115,299397448473.28735,345191656793.8923,119320582880.02014,252636569326.40076,20156742039.4563,43859705239.718,15137596412.73455,15726742064.556873,4751773261.144472,768265681.25,2359423203.0518875,142725136.1618042,150834296289.0625,1622546678898.7732,69664480273.81897
2020-08-28,518085088050.81177,1654105837253.6323,272901046485.90088,85196318904.27731,8084168924.331665,55382480137.93945,23781724577.293396,359146716.81500244,123734162109.375,198183221597.30933,300610447558.7273,346680976127.7729,119607253155.51758,258675887878.41797,21171343413.730225,45180365450.49679,15646143982.545723,15963270855.061707,4781037426.275963,829726950.403505,2335878045.1863213,143085550.26340485,152137283203.125,1626920308584.5186,69212392881.58417
2020-08-31,535654488627.594,1629681634633.796,266049916259.76562,86427509579.63571,8223589049.339294,55048041783.18024,24039112001.838684,358308609.6069946,121842750026.15193,193963364027.52393,299657282012.05774,346161972122.74475,119444657323.45581,253908060356.14014,21117232282.197266,45566412082.75875,15200326186.62127,15666263044.201584,4748115153.288944,749827322.484206,2309389859.537735,140699006.37817383,150016391259.76562,1608818800979.309,69433172059.44061
2020-09-01,556990904389.3127,1642255513541.4521,265917153442.3828,87633646600.88068,8500671697.616577,55911155615.76843,25264308420.86792,359146716.81500244,129512251157.11714,193737229700.86127,299332333608.07104,341897293033.20465,118571858566.66565,250665881355.28564,21888328717.270264,45390326709.66498,15054705830.938332,15772335946.145313,5168788137.552764,768265681.25,2299579330.3136787,144965561.70272827,155116119824.21875,1607239669005.2795,69275467471.12274
2020-09-02,545451142025.3296,1673905106472.7021,269926905509.94873,88443335149.72847,8823881535.53009,58016081484.79462,25095895560.092926,364290278.84399414,129591228356.53818,196073268024.23407,304379617643.4712,347109750006.9946,123333891690.44495,249140095178.60413,22010080494.398926,45735724116.721535,15198085837.553886,16047628749.544521,4806643832.408292,737535083.3070099,2335878045.1863213,146115000.0,159762751904.29688,1609912235093.3076,69622436585.61707
2020-09-03,501781721647.41516,1570211656214.1902,269077087142.94434,84349814171.21219,8005245133.399963,55047366139.64081,23866158721.33255,358489375.3699951,126835836453.11292,194707439165.81046,299505581257.0329,337452073344.65564,120052204087.06665,248631550769.8059,21049591636.601562,44787554669.52328,15233932589.480484,16224418235.671337,4225017939.921273,743681202.895608,2332205224.152544,140543152.384758,150810223608.39844,1578690799363.0981,68423847296.90552
2020-09-04,502113765703.2471,1548172668423.232,274892582771.3013,82512054505.1874,7763528703.689575,53415718175.468445,23425831517.20047,358768761.15600586,125335302093.842,201384830204.36646,298855722383.73193,335285967806.67975,118653133968.73474,248440867647.17102,21671880036.307617,44259283232.876205,15735754444.695618,16257257939.644535,4301836460.605528,823580830.814907,2386965545.2889824,138507277.66227722,147306136791.9922,1617808855895.691,68455389120.29266
2020-09-08,468324083133.1482,1464422828908.5818,265332931228.6377,78886115116.46722,7327149202.346802,51469563340.95001,23015919237.613678,357914229.81500244,121491784691.68674,193341577256.47678,294480014821.5957,332284811781.1649,118905575517.65442,242719272726.05896,21266044472.39502,44543732841.64642,15693190146.11229,16163801012.153034,4290862137.0389442,626904784.177196,2417279271.1754208,135224561.70272827,139259711401.3672,1594240925112.2285,68161006316.37573
2020-09-09,487003885484.2224,1526783679386.716,267855636314.3921,81860644212.29906,7820420983.314514,52267825788.26904,22705875412.158966,360921501.1040039,122755387452.69455,193569231925.0024,299267332546.87195,337790456403.27875,120813813891.2201,241257113868.71338,21834217585.737305,46345343019.349785,15426596775.033043,16322921552.94373,4437183311.552764,645343142.9429901,2425102174.194912,137494212.77046204,144078789306.64062,1593026093225.7842,70074519449.23401
2020-09-10,471105274228.1647,1484005816786.9038,265093967559.81445,79518983565.28015,7572402018.547058,51552329674.53003,21819774924.545288,357914229.81500244,120052639808.9436,190761672793.1916,296126341670.13855,331495097311.86847,118477682664.48975,235217749431.6101,21333680963.159912,45203191388.92511,14828442243.617393,16103194318.399532,4433525203.697236,626904784.177196,2279400488.8864384,136101253.1890869,143128593896.48438,1581484976764.0686,69201868373.68011
2020-09-11,464920231959.7626,1474322694464.5564,268386758102.417,78044119735.42374,7481831688.88092,51204716270.75195,21881510433.254242,358127843.84399414,119956107316.35806,193493347035.49387,299245747718.2626,333458144893.08185,119008224174.11804,234582026859.28345,22010080494.398926,45019634204.822525,14371421535.507553,16002170438.677895,4283546270.1842546,608466425.411402,2213883606.1559296,137474732.18250275,144022654028.3203,1595577048000.8696,69864242136.19232
2020-09-14,478867843811.63025,1484294615309.707,272104352050.78125,77712277284.44843,7917139094.352722,50970610981.5979,21619584320.640564,361430925.05200195,120500202495.45183,195390320544.11218,300307121918.02246,334744285749.10583,120621281994.6289,233056347747.80273,22131835041.414795,45808264097.401215,15189127941.829773,16542643522.605526,4477421451.394472,620758664.588598,2317537304.305088,138926142.81749725,147514672338.8672,1625097740444.107,70085030371.28448
2020-09-15,479615016333.374,1508646647167.1475,263633412025.45166,79043644361.41292,7990176949.501038,51858718427.88696,22515217611.694336,359787609.05200195,120535291461.96164,191823995144.4911,300307121918.02246,335962814271.3221,126517118234.25293,230576993007.6599,22199472917.12329,45923824431.50313,15921697583.046028,16620937588.78355,4583504137.210217,657635455.3877109,2266688341.422035,151716073.1420517,148440782202.14844,1628256538243.4082,71409764310.45532
2020-09-16,465459807628.05176,1481693465559.7405,264748709014.89258,77089421125.71744,7697104067.802429,51080735681.266785,21964583490.371704,360855754.4219971,119570031395.56389,194252129828.7592,298292601138.9292,334857153753.75995,119949502898.02551,240367142034.53064,22700010924.644287,45747068157.789856,16604988879.567642,16519915025.282513,4733483070.723199,663781574.976309,2265710455.230509,170370087.77046204,145285549829.10156,1628256538243.4082,71451826113.12866
2020-09-17,458029412582.4127,1466229522906.0947,261721514625.54932,75352082436.32364,7665734377.861023,50234512937.16431,21344494107.79953,358325058.81500244,119947362099.50458,192355139794.68582,297902575804.39856,332081613216.4593,119594382674.02649,240303560600.28076,23038212767.6792,45087618800.93062,16103162356.958618,16181483119.695156,4696903038.737019,682219933.742103,2210950134.0940704,159372501.59454346,147033553247.0703,1640040557020.2637,73144541953.65906
2020-09-18,443500666546.96655,1448019858031.251,261163854377.74658,74004191259.23918,7497056980.133057,49020064464.07318,21333598485.774994,358587995.3930054,118718848305.00656,191292817443.38632,297577722237.0929,336617183551.9089,118481990335.84595,236425643732.07092,22997632535.152588,43993070479.75809,15643907134.023758,15747086886.373055,4960280873.776801,651489262.5315881,2141521706.597456,155456615.43273926,146873188793.9453,1630929104331.436,73007863738.06
2020-09-21,456950228625.3357,1463555971447.2925,253091273323.05908,74143438521.07343,7698794001.579285,48312343448.29559,22123009852.06604,350059181.3410034,120280782950.71487,185677682654.3097,296147964433.4204,327410878473.9412,118173946805.95398,231594158300.39978,21171343413.730225,43286014750.17355,14532724334.66217,15176298609.583271,4887120112.091708,608466425.411402,2055469773.3830528,148219052.13546753,145381750488.28125,1594119313799.286,72534740915.87067
2020-09-22,464131533543.22815,1498818836900.3489,250329604568.48145,78363932152.36166,7772908071.517944,49314972474.51782,22296416828.212738,351932560.5780029,121368940879.17365,181656097494.0024,298855722383.73193,325402695742.9756,118969740308.7616,225872609264.37378,21211930570.974854,43136455991.071304,14586489211.73394,15312677490.844952,4729825311.724037,602320305.822804,2063292676.402544,150254926.8579483,146191627001.95312,1606632359832.306,72608335484.69543
2020-09-23,444662967534.6222,1449465467270.345,246266822593.68896,75129939526.98656,7456768064.498901,47611373670.6543,21363106019.039154,344455467.7630005,119333110607.21036,176496272041.97705,295281536515.249,325921659574.3057,116937412482.4524,218625381116.86707,19980881900.681885,40940533930.55174,14089146887.8051,14908589869.282001,4418893121.131491,547005156.257897,2009510054.944912,144439548.6688614,143353096411.1328,1619266803637.7715,72965824578.47595
2020-09-24,449229054454.66614,1468252613717.5754,246054350372.31445,75629078937.9646,7594695963.859558,48066414397.20154,21475229450.454712,342992917.526001,119956107316.35806,177103334632.59036,296602858057.79663,326440623405.63586,118747212310.40955,218180372257.23267,20806088082.34424,41769950904.62752,14075705960.249275,14827763394.66933,4111619038.394472,547005156.257897,1997775793.6720352,142277045.47977448,144395516821.28906,1601773139056.7778,71777755269.0506
2020-09-25,466082565567.9169,1501709593485.6575,248205328971.8628,77515929397.26901,7918059967.041016,48613675269.6228,21920095342.65518,345835847.18499756,120456314262.5406,178241541873.3984,298119201751.2776,328674522059.06067,120578482953.26233,220214702842.7124,20697863049.391113,41756352147.32201,14243729806.606041,15135891953.379936,4261597971.9074535,491690043.3267525,1995820021.2889824,142345232.18250275,144523805810.54688,1615379298893.0513,72608335484.69543
2020-09-28,1956340156527.2368,1513415460199.8262,255348405761.71875,79492439532.10872,8017240015.029907,49275785149.23096,22272810801.60141,350913687.6069946,120438769779.2857,182794255158.44537,298964120710.18445,336545247061.92017,121571093510.05554,224474031841.27808,21509543871.821533,42239051357.41428,14738827114.073608,15575338525.14473,4828591781.828727,540859036.669299,2160101171.2110176,147537185.1081848,148765551098.6328,1652310487197.647,72723996384.8114
2020-09-29,1941534544675.8728,1497662834496.597,253197497680.66406,78761893932.72542,8134559195.518494,49524421971.74072,22401277666.053772,345819423.05200195,120342237286.70016,180366153525.08734,297339378690.251,336430896784.97314,121134697883.98743,217926046520.23315,20724922077.5166,42674156448.67386,14335575950.429428,15431379529.44691,4813959699.262981,516274521.68114454,2042757439.4059296,145813027.66227722,149944224682.6172,1655454871013.4126,73827937560.27222
2020-09-30,1970805025204.834,1533774032989.502,255789892199.70703,80607484375.0,8321998270.988464,49256504829.437256,22755764514.038086,349927713.05200195,122772942745.85904,185186803936.9583,317947020096.58813,340594611330.4138,118852381417.46521,116238931480.40771,21285756611.824036,43293779731.75049,14491630031.321598,15478306363.776352,4975251338.428284,568620001.6736984,2034934536.3864384,144778493.65234375,148047899584.96094,1633135511514.8926,72997361873.24524
2020-10-01,1987481782459.3965,1549306383041.3818,257649798651.12305,82464257812.5,8373663641.929626,50005976404.99878,24006346838.012695,348415865.3410034,125554667589.03104,185263715548.51532,318518920967.10205,337025640415.9546,121079110699.08142,112175816553.11584,21163268617.630005,42870729965.20996,14906126252.75074,15868136295.916557,5194147616.0,547559979.9156189,2121964542.305088,143239935.1196289,153155656665.03906,1633011978337.4785,72808106404.3045
2020-10-02,1923325646706.2988,1503584250427.246,260094268634.0332,80000000000.0,8033999309.539795,48920424625.03052,22893656816.89453,347035460.84399414,123290650935.65814,186109307990.07416,315956753791.8091,334554961653.90015,120398207961.2732,111667903766.63208,21694048996.925354,42502270538.33008,15280290923.243027,16270697641.658638,5246089219.536362,561600008.3684921,2216817264.730509,140835935.1196289,148340541552.73438,1624380564685.5164,72187789915.84778
2020-10-05,1982546756815.155,1534138892715.454,265591597787.4756,81899523437.5,8390884255.409241,49835578498.35205,23694156095.03174,348974586.7630005,124431420694.06245,189261110339.16473,318861945318.6035,339107568966.6748,123284291617.58423,114241201469.42139,22211223624.22943,43075430671.691895,15405759728.025234,16115273867.151215,5839705877.642426,561600008.3684921,2306780742.7110176,142518736.95373535,153195709179.6875,1628942857400.2075,73722810225.29602
2020-10-06,1925708441788.7878,1501542271194.458,262856374832.15332,79358976562.5,8448698584.55658,48766495155.12085,23021537475.402832,345523613.1329956,123404760341.22733,187339291071.89178,319365345471.95435,334600783225.25024,124299145163.7268,113056136804.58069,21394637460.70862,41499244148.254395,15679100772.527462,16028649990.37619,6021500959.284851,554580015.0632858,2231485184.577965,144278461.2121582,148384659790.03906,1618584755290.9087,72713476405.5252
2020-10-07,1958381807246.9788,1530127766357.4219,267441955160.52246,81809664062.5,8588625925.064087,49039400678.19214,24331734827.453613,350502858.6069946,123632946722.63693,191259790992.73682,321858731517.79175,338306872646.3318,127228040137.48169,113428576854.70581,22973372846.603394,41738061126.708984,15914360178.717072,15977693912.850471,6763522047.284851,568620001.6736984,2367408194.4838943,147211344.14672852,150665916186.52344,1633011978337.4785,72208802702.71301
2020-10-08,1956509592006.5002,1535596933242.7979,272939354873.65723,81678078125.0,8511588010.787964,49855749101.71509,24201125140.86914,353559427.3699951,124045344773.26828,194027252926.82648,324031946813.96484,340617420290.37476,128906649362.18262,119387821313.85803,22864494784.355164,42113349342.34619,15991951823.107903,16242672658.803268,6633668215.35556,631799983.2630157,2295046294.9254208,157644695.34301758,152706561572.26562,1639424385916.6719,74900350498.19946
2020-10-09,1990545261511.4595,1573735204162.5977,271384031094.36035,84138242187.5,8464844748.497009,50763850244.20166,24549267183.10547,354430382.84399414,125291403051.02118,194949723496.43707,326937098281.86035,345375878466.7969,129707386235.04639,117627156372.07031,23449709318.16101,42863910400.390625,15455619565.568363,16099992202.596153,6837724439.143433,603720010.0421906,2307758628.902544,158404363.89160156,155954044677.73438,1628696111356.125,75773010630.98907
2020-10-12,2116985852695.816,1614498693832.3975,274709321237.18262,88139007812.5,8749768054.008484,52583408264.00757,24566104869.68994,355630021.5780029,126581327941.86615,197409656176.56708,330528598894.50073,347366204605.10254,130889218940.73486,117254716321.94519,22878100536.346436,42938971733.09326,15524086693.97947,16135662647.334,6544625769.713135,589679981.5893173,2301891498.2661057,160067935.1196289,159983278759.76562,1625243481833.191,77402647353.36304
2020-10-13,2060827552990.7227,1625145349578.8574,270257757284.5459,88156929687.5,8763454634.666443,52666758719.329834,25215971172.546387,348892415.94799805,128318826329.12894,191797954630.85175,329887976982.87964,339404879686.73706,129090783091.73584,115866475137.71057,22891713254.92859,42822962265.01465,15021986250.19479,15712711198.664864,6344280443.929291,561600008.3684921,2292112822.8635616,159702526.0925293,162432915258.78906,1635724903579.4067,76940039981.84204
2020-10-14,2062359158787.0942,1610560982238.7695,268755988311.76758,86110976562.5,8669349095.344543,52544752680.633545,24640739968.322754,346591783.5780029,126309339806.82199,181573833270.07294,329499125251.0071,338810237881.4697,128735328984.83276,115629442653.656,23055032438.2782,43669052574.157715,14999162707.090626,15542008405.09092,6418482128.141418,582659988.284111,2318515003.9838943,157933181.94580078,159578379101.5625,1621914385487.671,75415521537.20856
2020-10-15,2054191218611.5264,1601810175384.5215,272778455255.12695,85469437500.0,8592315299.987793,52276898856.99463,24663039183.10547,347807821.3699951,126827047996.6211,185648072705.26886,329018738935.0891,336728411156.4636,127801846984.86328,116645227495.19348,23422492240.90576,42986720985.4126,14862227283.301285,15391682487.001328,6318309819.072723,568620001.6736984,2392832675.9254208,159596753.17382812,154983816577.14844,1617474985328.9033,74195928518.8675
2020-10-16,1964602764700.5156,1601810175384.5215,272215318350.21973,83781375000.0,8494828127.861023,52687927253.082275,24155615299.25537,348235099.5780029,126985034825.19193,186339892148.97156,330299762434.3872,338810237881.4697,130859266040.03906,115460154684.06677,23340842402.45819,42761555435.180664,14793757820.955921,15422256398.065613,6036341720.715149,554580015.0632858,2350784688.7661057,158375513.3972168,155116119824.21875,1610939471653.2898,74669046812.43896
2020-10-19,1914423373983.2305,1562140565704.3457,267629761541.74805,82104578125.0,8301854990.005493,51419211296.3562,24152429697.143555,343436619.8670044,125440612233.00977,182342564325.33264,324626561080.1697,325616096397.25305,128268595495.60547,113157704698.56262,23327225503.92151,42106517478.94287,14586068013.183117,14968738974.797813,6080862589.713135,554580015.0632858,2240285973.7889824,157837019.74487305,154478702001.95312,1613899036169.0522,74416716753.95966
2020-10-20,1939678194570.343,1565276308395.3857,269158272637.93945,82355453125.0,8392730119.7052,52129360278.07617,23911233612.6709,345194954.94799805,126274229220.49301,185571194577.2171,325930538328.55225,326135045048.06433,128885213660.43091,114105793903.35083,23966886732.10144,41751709480.285645,14711592832.387505,15057911779.781754,6043762101.430298,575639994.9789047,2216817264.730509,162577708.03833008,154338318774.41406,1619201353475.4944,74910861420.24994
2020-10-21,1929113941638.4736,1566370537979.126,266476557449.34082,79902367638.00374,8318460119.247437,53302621349.21265,22256078084.472656,345392144.84399414,126712960210.87108,184879341650.00916,327691928114.31885,324736185398.2577,127467858622.7417,112277392593.38379,24116598770.1416,41949587547.302246,14654536308.561352,15205690092.4067,5513216556.463638,575639994.9789047,2256909666.019491,174097675.59814453,153552502075.1953,1641767138707.3516,74490315851.40228
2020-10-22,1910626790862.976,1551328726488.2698,275889220413.208,79688126558.99542,8217744891.166687,53997315336.4563,22082234482.36084,347742099.7630005,125967098069.39111,191182979831.69556,325370995628.35693,327330868398.1941,129433318695.8313,118033452386.85608,24974016122.817993,41172795873.13336,15142942393.090107,15310152498.411324,5550317752.392929,575639994.9789047,2409456368.1559296,176020882.9345703,150545617114.2578,1645219981770.7825,74521857674.78943
2020-10-23,1898907180185.6384,1561002575815.0596,278383152740.4785,80390575152.74924,8358749034.881592,54881895311.37085,22221036461.242676,349549757.3930054,126230351797.49136,191413530507.0877,327510281037.1399,327691870915.7915,129775929407.50122,115663323057.17468,24987628841.400146,41125193941.99151,15263903203.85394,15478306363.776352,5576288377.249496,589679981.5893173,2414345799.1135616,177222882.9345703,151772448925.78125,1643493613624.1914,74374654951.28632
2020-10-26,1899072045987.1978,1516604273879.4285,271491305346.6797,80456808207.62187,33011537132.263184,53245496297.698975,22219217109.191895,342614961.8670044,124747351111.56577,188646152281.76117,325026028420.25757,324826466154.71704,129596001702.11792,112920704799.6521,23626644006.729126,41023177545.559326,14761805094.003517,15243901528.88784,5364812480.392929,568620001.6736984,2326338093.5161057,168280000.0,147334249462.89062,1638191296317.749,73228656501.77002
2020-10-27,1924656987317.795,1539488917813.6716,266369353756.71387,82445997158.93887,33653370780.944824,53735842062.561035,22250618292.297363,339969222.1040039,125370391060.3518,183341862797.73712,327464233332.8247,322976283061.4403,129797259958.64868,111126159454.3457,24116598770.1416,41927703109.71974,14145590435.599403,14963645086.612793,5487245931.607071,467483823.65385103,2326338093.5161057,168837733.42895508,146885192968.75,1633382150788.7268,71441310662.46033
2020-10-28,1835521662594.4214,1463182314195.3962,258887462695.3125,79346434125.87027,31719722785.949707,50775618583.92334,22128199161.987305,329813516.18499756,122887019721.69946,180420711574.55444,316653037543.48755,312169063929.70276,127536401795.19653,106893756557.4646,22959767094.61212,39887427278.72823,13867148577.777393,14729236283.49147,5490956121.964645,449030532.19229794,2224640167.75,155923441.46728516,145477951147.46094,1603910679430.0078,69969378528.40424
2020-10-29,1903528740880.9663,1477909684120.3616,260576943969.72656,80556406613.68338,32717010498.046875,52324282453.308105,22945992700.74463,331144598.1329956,122781720392.44128,178346538107.59888,316446053212.73804,309529351017.42334,126765617823.02856,111634055948.25745,23789957616.80603,41036768903.61084,14471953798.563683,15092479144.681854,5494666312.32222,424426106.91346276,2208016475.519491,155740727.78320312,148685343139.64844,1619694525252.9146,69738083899.87946
2020-10-30,1796896887039.4592,1461666777154.003,262909976678.4668,76169590263.31555,31486097145.080566,54314910560.85205,21650357109.191895,331785490.3699951,121755027609.87741,179558748889.55286,315364843501.28174,309348889928.03796,125395355234.52759,110448958698.2727,23599418569.56482,42737012553.32539,14335014873.872955,14982173469.985748,5194147616.0,412123912.6057607,2184547766.4610176,160654519.04296875,144816473510.7422,1618954714201.6602,67172703397.94159
2020-11-02,1795411408550.5066,1460656073034.3677,268836449880.98145,75375069225.00061,31603537216.186523,54590851240.08179,22031719686.584473,335745887.94799805,123865813369.75098,182437780434.32843,318585198415.37476,312913624090.4824,128683955403.90015,115087706487.65564,24686137904.22657,44022384212.29828,14768649356.213657,15443089020.093613,5739533214.750504,442879435.0384469,2288112082.4645386,160173708.03833008,146988212719.72656,1643000548617.0195,68371270043.56384
2020-11-03,1822977204055.4658,1490254210352.7048,277310504296.875,76477167045.93643,32705693550.109863,55308042611.38916,22172797591.552734,339558393.1040039,125965535846.7102,187059335071.78253,324841957779.6936,312485016450.2505,130208338735.19897,113123865026.474,25403449565.971054,45341766444.36151,14832553643.151337,15342098219.38834,6288629003.858582,535145965.6730745,2408383501.845154,165347117.0654297,149745184399.41406,1675431477721.2524,68613102765.84625
2020-11-04,1897421442269.7754,1562157254223.167,268836449880.98145,81312792540.87584,34651915397.64404,58675266570.19043,22615598021.118164,338802456.71099854,125242113468.17017,179407245229.40747,323507776121.521,314515600378.7926,125583755074.3103,112514392492.29431,24361323071.350185,44260412255.41414,14214056397.04338,15147894410.562637,6162485362.286865,596657010.5384469,2296984570.3871155,165904850.49438477,154148246240.23438,1654345421362.152,73565096579.74243
2020-11-05,1964767889928.9856,1611969589298.2202,279831225787.3535,83340874558.74619,35570703048.706055,59234846987.457275,23380600838.012695,340905899.18499756,126574289192.1997,186453237930.8415,327510281037.1399,315327825916.3268,128033088185.11963,112311215972.90039,25471112164.07659,46144269482.954216,14485649324.786736,15018428775.135063,6989838705.571716,615110302.0,2384723596.729019,174703480.95703125,160261883691.40625,1690228659678.5737,75236790576.17188
2020-11-06,1962535780791.9006,1615074150257.4146,276103768917.8467,83074189088.81456,36580550193.78662,59141755076.934814,23424744429.56543,343206556.6300049,128603423538.20801,184180320027.0789,329465335569.7632,320945779471.72485,129694527818.29834,110990727449.41711,25877143175.24176,46341498935.3734,14118202884.054684,15015836623.91381,7838183965.341064,615110302.0,2339375304.2322693,178492194.64111328,163501814331.0547,1691831708188.2476,73975144812.39319
2020-11-09,1923348048841.3696,1576595983387.109,313486105783.08105,78868761426.00221,34241193580.62744,59198559549.77417,21411890052.79541,363994494.0,126636074184.41772,210318644919.3423,317412153678.1311,329587124090.8246,129334882708.74023,125042329505.92041,26783919533.51218,44892905332.50389,18052855449.369247,15950604379.656265,8440801007.326569,658168055.4038193,2607521271.6128845,177905610.71777344,163538019848.6328,1721919991272.0488,71430808797.64557
2020-11-10,1917560883037.6128,1523318344083.5884,312467059185.791,76141247323.87057,32078942756.652832,58402035297.821045,21855145320.373535,375464832.6589966,128418144638.06152,209561027618.18393,322633771064.7583,334550778157.1957,130156980175.78125,127816449451.44653,26824527622.65657,44131197820.0401,17993515170.872124,16745545928.612648,8316121838.002899,676621346.8653724,2719905867.922577,178992227.08129883,160708611401.3672,1725619153298.5688,70999734192.276
2020-11-11,1975763569812.851,1563312163359.3005,307801017288.208,78709460631.55823,33706759185.791016,58721662577.36206,22333898785.217285,373640750.8959961,130553177482.60498,207136540053.98837,326797192577.36206,333467770604.40344,132811837653.35083,126498738811.49292,26432036336.041664,44634467268.05251,16754235757.018112,16427052753.275364,9558760624.0,652016884.9231062,2630195323.845154,184781052.1850586,168255055834.96094,1756940205670.5474,71178456096.07697
2020-11-12,1971134226310.2112,1555299209730.5347,304019817453.0029,78029337270.49527,33804093589.782715,58573441476.10474,22152317728.8208,369285973.526001,130773723278.04565,202211945096.09967,326981203129.57764,334595787984.83203,131321718397.52197,122164197780.60913,26418504924.871193,44219601406.446396,15779698006.894543,15994628104.942825,9745780170.67633,621261399.153851,2549357267.6903076,179761506.34765625,166109859619.14062,1722536162375.6409,71725187072.94464
2020-11-13,1971960630733.2915,1563023868690.3167,305923823712.1582,78494208945.30876,8204892296.791077,59562866189.39209,21973469172.546387,373722921.71099854,132811704235.0769,204560631330.00687,331880686880.49316,338205772991.3928,132212389080.0476,125111662546.15784,27257618685.03608,44688869475.07177,17048645226.062859,16326065969.333347,9737468014.670532,664319152.5576704,2625266059.425827,184886825.10375977,168874859814.45312,1746335464287.4146,71578006992.53082
2020-11-16,1989157002916.0918,1568221363576.9646,314558824786.37695,78550649828.50389,8339563592.910767,59622364557.22046,21803266010.559082,383056969.6300049,134487930530.5481,208954897477.0991,327625230047.6074,340349132547.85913,133171542848.9685,132324302717.20886,28421550049.20394,44661662242.426605,18020901555.449715,16693756461.031013,10389957200.0,725830124.0961807,2762296601.7677307,196099084.62524414,171659969897.46094,1777039918474.8076,70747408662.41455
2020-11-17,1974110242112.8691,1548224511621.115,311367621578.9795,78666058112.99702,8282178748.130798,59206620552.24609,21872894419.006348,383155564.5780029,131779465576.17188,208727592486.6653,326360109931.18286,336964859474.80005,131218956214.14185,134092828824.99695,28462149824.968544,43886363371.9113,18020901555.449715,16266514776.219894,9550448467.994202,725830124.0961807,2795814847.6903076,200205117.0654297,171647939990.23438,1760146195919.6472,70158629468.72711
2020-11-18,1951622468952.0874,1527813041401.8289,309061354513.5498,77908408926.75313,8286187641.143799,58500163395.90454,21925685140.86914,378077724.15600586,131532445156.09741,204409078169.64578,321345516934.2041,332497458340.70874,129814414528.656,129030083141.3269,28029050449.209244,41866488368.55201,17484565797.00879,15844441326.798256,9650191961.991302,756585683.1922979,2773140607.425827,204782331.45141602,170573302587.89062,1748925069892.4255,69937832176.39923
2020-11-19,1961709116941.9097,1537512040083.496,309892688809.2041,78198422580.5013,8293286882.400513,59102763403.01514,22056749665.46631,377190319.473999,134205643215.17944,204409078169.64578,320954502021.78955,331978670367.5508,128683955403.90015,129688897729.87366,28570417741.091873,41764481165.823135,18402044689.37195,15823725539.765602,9887083652.011597,818096728.0576704,2856936222.2322693,208772980.25512695,170392184936.52344,1737703516784.2102,70789465936.47003
2020-11-20,1940213521999.954,1522818817906.4375,307237856863.4033,77756381441.99924,8075775362.968445,58356999164.70337,22219217109.191895,373049156.1329956,132547023197.17407,203121132057.69098,320425404084.77783,330218808200.1467,129403380816.65039,128093814197.54028,28759896293.250793,41927703109.71974,18513878650.221798,15637287473.234974,10123974549.341064,848852213.8269255,2989037500.154846,213580980.25512695,170484744458.0078,1752624445459.4421,71062808781.81458
2020-11-23,1882506340623.581,1520791987558.5466,316087335882.56836,77731039699.81586,8108015930.175781,58060572474.06006,21690403686.584473,377206743.6069946,133155754806.51855,207515365204.63943,319183317835.2356,326856347118.5259,127724801634.97925,136485458196.64001,29653146782.603943,39907818912.65715,19492979241.818794,15766758464.34689,11167126347.343964,1107198514.2692552,3121138778.077423,212282818.05419922,171917577172.85156,1766558283188.0952,70863060505.2948
2020-11-24,1904332704876.2969,1547934832583.9727,330702388485.7178,78224514622.00008,7995560312.271118,59281899663.84888,21975288524.597168,384404475.71099854,133535126613.61694,219561737694.17862,318148235945.89233,326856347118.5259,128427057456.20728,145570628108.97827,31277229260.365654,38676858654.406815,20264391192.610115,16012747723.99097,11104785969.991302,1254824992.6154041,2969321006.574173,237736363.89160156,170758447363.28125,1773710288278.0457,69307013823.12775
2020-11-25,1918552801829.5288,1548007281184.2617,327243011407.4707,79905629143.19109,8166480478.286743,59289629746.398926,22071768000.0,383106267.1040039,133949776184.08203,219940529844.68588,318999227165.22217,326424646433.4675,130732965142.82227,141513549579.62036,31859201870.266075,39295738921.47069,19899221504.74626,16287222529.726036,10872051150.664734,1334789402.2691917,2933831054.8838654,259891636.10839844,170440458959.96094,1742512662313.2324,69538308451.65253
2020-11-27,1927812267115.5396,1557850946338.4802,325070854797.3633,80163280396.87607,8182833644.866943,60058925493.53027,22361204690.185547,380509824.81500244,133746836666.10718,219637506024.3232,318838250479.8889,327151652560.62195,129287459786.22437,139363565483.09326,31832127963.418755,39771807265.97347,19524927300.902683,15960964951.014763,10905298981.9971,1279429381.2308083,2863837004.3871155,260843610.71777344,176191873974.60938,1728332078540.4968,71010249642.94434
2020-11-30,1968488460964.4927,1549454753457.8677,316114101525.8789,79478387275.8795,8269374021.530151,58962629157.34863,22331168021.118164,376171471.5780029,133863957749.0921,213349130624.04755,319436349870.3003,328696728874.9501,126637319064.33105,132220290937.4237,31656186364.683495,40003038097.77969,18844807188.59376,15587705886.523094,10967638566.658936,1137954073.3653724,2699203333.425827,329607636.10839844,176175791210.9375,1658044476618.4233,70579165980.33905
2020-12-01,2029171528430.0688,1564944333418.038,321102036740.1123,80783946365.25137,8262277731.895447,60339230179.22974,22962830387.3291,377436806.84399414,133732576151.27869,217364604620.6325,320586440858.4595,334989709336.65344,127601039373.7793,133503330984.1156,31994532608.730347,40948362252.63678,19397121060.961582,15691681142.32763,10169689821.991302,1242522798.307702,2698217668.574173,311558414.67285156,180808257592.77344,1678760894377.5176,70978689705.08575
2020-12-02,2035124338316.1162,1558864419194.4321,327269800570.6787,80368747567.56349,8357612761.497498,61334368431.79321,22908220313.415527,378652869.71099854,131875144932.96835,220167801834.97586,318263225015.2588,336557260437.73975,127876368720.24536,138496654018.4021,32590036629.80124,40778343097.43053,19912917030.969315,15798248549.353416,10003450665.329468,1285580478.3846593,2781027242.4645386,308981311.70654297,181516606835.9375,1681226966805.1147,71641081582.0694
2020-12-03,2032809471994.6138,1550685456750.673,325124456643.67676,79947278411.3112,8268421828.2699585,61229172091.00342,22641537676.02539,379638869.3410034,130806283916.13986,220396542331.66455,315916935246.27686,338511181040.9414,126224362598.41919,139432939254.76074,33009590738.757088,40472300037.26953,20456102886.456024,15878824820.27024,9912019327.338165,1248673895.461553,2760509490.866947,318866558.53271484,182281335815.4297,1687515841206.894,70663289585.68573
2020-12-04,2021400006188.6597,1551554032406.047,328074345703.125,79341411714.12637,8368568001.747131,61293701475.76904,22677490711.30371,380181166.6300049,130464581674.55829,223293509454.59064,316215974926.7578,341396509831.0276,124796049365.61584,144530379970.55054,33916375410.407295,40424691976.99214,21432919723.38205,15923011893.929214,10327617615.338165,1334789402.2691917,2788867630.883053,315404792.6635742,186905799414.0625,1705149481583.5571,71294121524.81079
2020-12-07,2046202775384.3994,1551047469024.091,326840750601.1963,79226508733.25381,8398503942.489624,61067517709.16748,23472528461.242676,376713768.8670044,129763671157.41394,221768787310.934,316699005130.0049,338443013546.52026,126086690414.42871,141825617504.11987,33266734660.14814,41784875864.319824,20396760274.024643,15790446656.189037,10286057628.0,1316336110.8076386,2698904152.902544,323309167.8466797,189055009887.6953,1703546219533.3862,71714671622.2763
2020-12-08,2056619544117.7063,1563496630416.4055,327162573358.1543,79710451791.68628,8240031356.811523,60875940927.52075,23330540880.249023,374988282.05200195,130937687099.69185,220549002995.97992,317550116526.0315,344304534339.64526,126792250968.9331,146472226459.50317,33117861426.007015,41832483924.597206,20565653092.634903,15699477679.807667,11944294701.9971,1396300373.807702,2664678882.25,278335117.0654297,188588133691.40625,1710821651030.5024,72103684424.97253
2020-12-09,2013628743374.1606,1533024495334.074,324615015664.67285,77876804482.1208,7981255571.365356,59751071724.33472,22463143957.76367,373870814.1329956,129903859736.56438,219557926177.57074,313777709925.8423,347825905620.3999,126775051334.3811,148414089241.02783,33104327243.70995,40791940584.61758,20732251653.870033,15774852242.307877,11113098125.9971,1383998179.5,2665656768.4415264,275219538.7878418,182277308691.40625,1737210131466.2935,73859492969.51294
2020-12-10,2037769973948.3794,1523759726798.0872,322523320623.7793,77808810520.69162,8006871518.135071,59407933618.46924,22804005119.750977,373607902.6300049,129297117003.93674,221921214975.10553,311707526117.7063,345894761074.5564,126103890048.98071,152609899021.14868,33645697306.719177,40518075486.02159,20640964483.25615,15577314519.979633,11300117672.673431,1562380143.6154041,2658811751.6135616,279181337.09716797,184253430029.29688,1764215316856.9185,72839639170.45593
2020-12-11,2024045901247.8333,1543591723579.0757,320619337884.5215,78183370657.50053,8032179315.567017,59648233187.98828,22900937697.143555,372030308.2369995,129261953835.80429,217804496537.36917,314007748152.9236,347485188656.5342,126998781777.19116,151881718807.22046,33307342749.292534,40305841909.809814,20061264226.310738,15715074771.530998,11125566360.005798,1550077949.307702,2605029130.1559296,274940662.90283203,182172693530.27344,1862001382717.2852,73113004658.88977
2020-12-14,2013628743374.1606,1550396123805.5703,317240375335.69336,79200669343.56532,8214568894.3862915,58890700609.954834,23774707559.87549,366212980.6300049,128074878521.69083,215136302911.2756,312489596001.4343,338670332256.5552,126568505504.60815,146402852687.8357,32211082296.609997,39408934861.12088,19928895144.89621,15756660321.521122,10680876318.67633,1500869172.0768938,2550268809.019491,268796039.4897461,182317567065.4297,1893815713636.9324,72250873562.62207
2020-12-15,2114492239862.915,1549889098967.5613,322657407559.2041,79405133563.12706,8246511938.095093,59187127300.598145,23654564355.651855,368727252.1040039,128013315995.28586,218338174862.76044,314329761611.9385,342078024097.5857,128908902589.4165,149246297527.31323,32887785869.21009,40422218870.80329,20481206683.329773,16050371406.489521,11832082973.991302,1531624657.846149,2654900206.847456,274815668.548584,188881946484.375,1884814341074.2188,73049925540.73334
2020-12-16,2113334676988.7085,1587165288184.3481,323595992587.2803,81307777785.2474,8173679484.367371,59056382907.71484,23884384281.73828,364668259.5780029,127881405546.87746,218948034020.0937,315755858413.6963,340033360789.6714,128100099163.05542,151534963996.8872,33009590738.757088,41243814166.59123,20147990889.385452,15946405523.132584,11827926895.988403,1488566977.7691917,2607962788.730509,287633798.3093262,189779454760.7422,1912435590798.1873,75531182437.32452
2020-12-17,2128050798194.626,1588178645676.2869,320914277398.68164,81185348842.87447,8234628117.56134,58495799389.434814,24251639936.645508,369220226.84399414,128470555902.56961,219786650174.18753,318010152921.29517,349007288066.4375,129167017279.81567,150772080604.55322,33456213212.30706,42202334350.25775,20319159293.896782,15863226389.625824,12704839537.329468,1580833435.0769572,2634365156.3635616,286364486.6027832,192101754370.1172,1906886954528.656,75415521537.20856
2020-12-18,2094319333023.6357,1582170949324.9434,319332140936.2793,80321585896.30983,8191885679.244995,58015536340.94238,24322178021.118164,367166081.84399414,128338645454.1612,218566898859.37723,319827384812.1643,351029215486.407,128220601755.52368,148171346210.47974,33334416656.139854,41421825714.53668,19497542083.29222,15470737740.506248,13145373500.656036,1525473560.692298,2651966734.785597,289633928.07006836,192077591625.97656,1896158679968.1091,77591889236.4502
2020-12-21,2120279535380.127,1611123048169.3672,331319150756.83594,80435233274.24641,8229074345.588684,58295835856.01807,24070058880.249023,367264701.8670044,128356237831.09671,226724072402.5485,316330943966.6748,347644219363.90796,128031240538.78784,145466600036.6211,33645697306.719177,41572455349.47418,19091292818.56198,15535726292.147339,13452916138.653137,1427055859.5769572,2579604648.714403,305404162.20092773,190073254687.5,1871496674449.1577,75594261555.48096
2020-12-22,2180632352388.7634,1620894610815.3362,326277613696.28906,80443762186.87248,8195744039.535522,57813887184.173584,23998156281.73828,364618962.1040039,126799819737.16129,222683600797.0417,314099723384.8572,346962584589.10986,128564714618.68286,143004580600.73853,32820120499.977955,40675554429.92079,19107268598.55462,15837237931.359032,14832702327.982605,1383998179.5,2518977196.9415264,318770414.67285156,191650960937.5,1859165351378.9368,74248487657.73773
2020-12-23,2165420077216.7053,1599759692869.28,335395290106.2012,79910651554.93498,8029708217.62085,58083090540.6189,23413368271.1792,368497188.8670044,125938084674.79243,229087344700.01138,313616733240.50903,345190430581.2268,127910783010.86426,144842415309.906,33645697306.719177,40928868537.06392,19392418183.432705,15715074771.530998,15019721874.658936,1414753665.2692552,2634365156.3635616,324232273.62060547,191023102709.96094,1863974710448.4558,73197114678.38287
2020-12-24,2182119906292.9993,1612281648953.923,333920357336.4258,79595051163.30861,8020141420.36438,58282397404.815674,23390157644.348145,372260371.473999,126184291608.93517,228401255210.52048,316791020420.8374,346394629254.0359,129029345095.8252,144252950054.1687,33550958030.639717,41408139354.88436,19559332992.759727,15878824820.27024,14786987848.023193,1353242693.7307448,2616763577.9415264,310221791.2597656,194432082495.1172,1855465975811.9202,72997361873.24524
2020-12-28,2275039147463.0127,1628277561568.0232,336119326629.6387,82386539766.25122,7962275461.196899,59619996411.52954,23624527686.584473,375349813.5780029,127696728760.53183,229697253357.56033,318999227165.22217,348030408103.6633,129906947060.39429,144738387237.54883,33334416656.139854,40956262708.34293,19816667916.12397,16055577131.669392,13951634401.329468,1328638305.1153407,2537556661.555088,355792000.0,193285021191.40625,1881731243381.0425,73859492969.51294
2020-12-29,2244747063182.9834,1622414416325.218,335234390487.6709,83340874558.74619,7988971701.622009,59075555580.68848,24159257475.402832,377256066.15600586,126887738450.36163,228782423371.3807,318401247951.50757,350188630343.06177,129631632735.44312,143108608673.0957,33483287119.15439,40894637315.09427,19308962529.219887,15847637331.429005,13490320047.988403,1340940499.4230428,2485729812.480509,352012897.0336914,194802384912.10938,1890856255891.4185,74206453026.77155
2020-12-30,2225607496406.372,1604537032019.8577,336172928475.95215,82433954089.31517,8113961087.226868,58352629987.60986,23873461225.341797,377387509.3699951,126782238153.09506,228553715874.83582,316906149696.3501,354527891048.6301,130629722270.96558,144252950054.1687,35905891894.69617,41346513961.6357,19466604617.741833,15928206907.740402,14209304895.982605,1402451470.961553,2532667230.597456,374995167.8466797,197176959936.52344,1900104694808.96,73806924773.40698
2020-12-31,2208463777978.5156,1621711314453.125,453736890335.083,1660708572143.5547,8057946385.383606,58686014078.01819,24560390029.541016,381035672.8959961,126755860380.5611,234972238023.37646,318850527172.85156,357549635166.38525,132756830493.16406,268367552215.57617,35412750326.15662,41139033996.58203,19952816772.940636,15964093546.537575,12030932440.323326,1420649964.8094177,2503331390.902544,376271815.5670166,195131555667.11426,380801578424.74365,72189330594.44427