Date,AAPL,AMZN,ASML,BAC,BRK-B,FCX,GOOGL,JNJ,JPM,MSFT,MSTR,NEE,NEM,NFLX,NVDA,NVO,O,PG,PLUG,RIG,SPG,TM,URBN,WMT,XOM
2016-01-04,23.73094940185547,31.84950065612793,78.84773254394531,13.122292518615723,130.75,5.913482189178467,37.660736083984375,75.77081298828125,48.4011344909668,47.87419509887695,17.113000869750977,19.909889221191406,14.44105339050293,10.996000289916992,0.7895449995994568,22.359195709228516,30.700960159301758,59.1075439453125,2.0999999046325684,12.550000190734863,114.15963745117188,92.70347595214844,22.75,17.039934158325195,49.65436553955078
2016-01-05,23.13626480102539,31.68950080871582,78.05293273925781,13.122292518615723,131.25,6.057933330535889,37.76437759399414,76.08753967285156,48.48481369018555,48.09259033203125,17.177000045776367,20.104053497314453,14.425389289855957,10.765999794006348,0.8022283315658569,22.62453842163086,31.36682891845703,59.29609298706055,2.059999942779541,12.149999618530273,116.43287658691406,92.45925903320312,22.579999923706055,17.44472312927246,50.077449798583984
2016-01-06,22.683496475219727,31.63249969482422,76.41818237304688,12.842752456665039,131.3300018310547,5.570410251617432,37.65528106689453,75.70296478271484,47.78488540649414,47.21897888183594,16.927000045776367,20.0386905670166,14.535027503967285,11.767999649047852,0.7690563797950745,22.355297088623047,31.552759170532227,58.722900390625,2.0299999713897705,11.520000457763672,116.1479721069336,90.35269927978516,21.920000076293945,17.619388580322266,49.66077423095703
2016-01-07,21.72614860534668,30.39699935913086,74.50342559814453,12.37951946258545,129.47999572753906,5.064830780029297,36.74629211425781,74.82066345214844,45.85250473022461,45.57658386230469,16.10300064086914,20.127113342285156,14.76996898651123,11.456000328063965,0.7385673522949219,21.871431350708008,31.006893157958984,58.210052490234375,1.899999976158142,11.0,113.69666290283203,88.20800018310547,22.209999084472656,18.029727935791016,48.86588668823242
2016-01-08,21.841032028198242,30.352500915527344,72.50737762451172,12.139917373657227,128.3300018310547,4.8842644691467285,36.24592590332031,74.02130889892578,44.825443267822266,45.71635818481445,14.8149995803833,20.217466354370117,14.104303359985352,11.138999938964844,0.722713053226471,21.368057250976562,30.6949462890625,57.29743957519531,1.9199999570846558,10.75,110.45600891113281,86.29224395751953,22.360000610351562,17.61661720275879,47.87872314453125
2016-01-11,22.194683074951172,30.886999130249023,74.3408432006836,12.22776985168457,128.36000061035156,3.8911616802215576,36.35304260253906,73.57640838623047,44.75697326660156,45.690147399902344,15.244999885559082,20.296287536621094,13.32116413116455,11.496999740600586,0.7239324450492859,21.27830696105957,31.354812622070312,57.82540512084961,1.850000023841858,10.34000015258789,110.81810760498047,87.6279296875,21.84000015258789,17.805150985717773,47.2376823425293
2016-01-12,22.51680564880371,30.894500732421875,74.64793395996094,12.22776985168457,128.8000030517578,3.710597038269043,36.961509704589844,74.0816650390625,44.85586929321289,46.1094856262207,15.619000434875488,20.257835388183594,13.32116413116455,11.657999992370605,0.7361280918121338,21.629499435424805,31.450782775878906,57.7047233581543,1.809999942779541,10.279999732971191,110.12366485595703,88.40643310546875,22.049999237060547,17.63880157470703,48.205623626708984
2016-01-13,21.93789291381836,29.090499877929688,72.26355743408203,11.900308609008789,126.25,3.3765530586242676,35.68357849121094,73.16165924072266,43.623409271240234,45.113563537597656,15.034000396728516,20.111740112304688,13.689240455627441,10.656000137329102,0.7136881351470947,21.12222671508789,31.09686279296875,57.20693588256836,1.75,9.800000190734863,109.36986541748047,87.76531219482422,21.020000457763672,17.16746711730957,48.49409866333008
2016-01-14,22.417694091796875,29.649999618530273,74.87373352050781,11.97219181060791,128.07000732421875,3.7918498516082764,36.26973342895508,74.57177734375,44.277679443359375,46.39778518676758,15.253000259399414,20.317426681518555,13.524785041809082,10.706000328063965,0.699297308921814,21.44609832763672,31.342811584472656,57.43320846557617,1.7000000476837158,10.539999961853027,110.19483947753906,88.75753784179688,21.260000228881836,17.483539581298828,50.718482971191406
2016-01-15,21.879323959350586,28.509000778198242,69.96947479248047,11.548892974853516,126.13999938964844,3.9272727966308594,35.233299255371094,73.14657592773438,43.395164489746094,44.54570007324219,14.993000030517578,20.234769821166992,13.861531257629395,10.404000282287598,0.6612470746040344,20.728103637695312,31.306827545166016,56.550785064697266,1.659999966621399,9.859999656677246,109.31053161621094,85.94115447998047,21.170000076293945,17.170242309570312,49.731300354003906
2016-01-19,21.773456573486328,28.724000930786133,72.54352569580078,11.37318229675293,127.76000213623047,3.5751736164093018,35.659271240234375,73.52362823486328,43.372337341308594,44.17006301879883,14.633999824523926,20.7249698638916,12.772971153259277,10.788999557495117,0.6666131019592285,20.75932502746582,31.798702239990234,57.870635986328125,1.5299999713897705,9.289999961853027,110.6340560913086,87.78819274902344,20.790000915527344,17.344911575317383,48.97489547729492
2016-01-20,21.802732467651367,28.588499069213867,77.00524139404297,10.933910369873047,124.83000183105469,3.6744842529296875,35.63349533081055,72.2039794921875,42.23117446899414,44.370994567871094,14.968999862670898,20.2443790435791,12.968756675720215,10.77400016784668,0.6702720522880554,20.63835906982422,31.11485481262207,57.690345764160156,1.5700000524520874,9.079999923706055,107.21536254882812,85.10922241210938,20.950000762939453,16.868040084838867,46.91075897216797
2016-01-21,21.69236183166504,28.750999450683594,78.90192413330078,10.670345306396484,125.62000274658203,3.909217596054077,36.03566360473633,72.34724426269531,42.03335952758789,44.100162506103516,15.022000312805176,20.192476272583008,13.070563316345215,10.234999656677246,0.678077220916748,20.806150436401367,31.504777908325195,58.367431640625,1.7200000286102295,9.720000267028809,108.43804168701172,84.79627990722656,21.43000030517578,17.156383514404297,47.500492095947266
2016-01-22,22.845684051513672,29.819000244140625,81.61148071289062,10.830080032348633,127.04000091552734,3.5571179389953613,36.967464447021484,72.95806884765625,43.326690673828125,45.68141174316406,14.991000175476074,20.49236488342285,13.062729835510254,10.071999549865723,0.6939310431480408,21.36025619506836,32.41658020019531,58.85433578491211,1.8200000524520874,9.770000457763672,111.18012237548828,88.49801635742188,21.649999618530273,17.38095474243164,49.0838508605957
2016-01-25,22.399675369262695,29.826499938964844,81.0334243774414,10.35087776184082,124.12999725341797,3.5571179389953613,36.38031768798828,72.69413757324219,42.34527587890625,45.24460983276367,14.588000297546387,20.457761764526367,13.838037490844727,9.911999702453613,0.6931998133659363,21.563161849975586,32.32658004760742,58.466339111328125,1.75,9.289999961853027,109.89215850830078,86.55937957763672,21.3799991607666,17.59166717529297,47.42356491088867
2016-01-26,22.5235652923584,30.0625,81.45792388916016,10.630413055419922,125.88999938964844,3.7918498516082764,36.38874435424805,76.29869842529297,43.42559814453125,45.57658386230469,14.71500015258789,20.48467254638672,14.488042831420898,9.782999992370605,0.7000290751457214,21.535844802856445,33.112396240234375,59.95747375488281,1.7799999713897705,9.699999809265137,112.8538818359375,87.27681732177734,22.15999984741211,17.744150161743164,49.167171478271484
2016-01-27,21.043617248535156,29.167499542236328,81.02439880371094,10.670345306396484,125.19000244140625,4.198121547698975,35.58488845825195,77.03768157958984,43.395164489746094,44.74664306640625,14.23900032043457,20.517351150512695,15.22419548034668,9.114999771118164,0.6917361617088318,21.703641891479492,33.0404052734375,59.94987487792969,1.850000023841858,9.84000015258789,110.42041015625,88.01717376708984,21.739999771118164,17.730289459228516,48.26332473754883
2016-01-28,21.194541931152344,31.767499923706055,81.11473083496094,10.806121826171875,126.01000213623047,3.990471601486206,37.10830307006836,77.12062072753906,43.5777587890625,45.48048782348633,16.72599983215332,20.819168090820312,15.294672012329102,9.440999984741211,0.6841747164726257,21.27830696105957,33.03379821777344,60.72587203979492,1.7699999809265137,10.029999732971191,110.86555480957031,88.62776947021484,21.90999984741211,17.805150985717773,49.35308837890625
2016-01-29,21.92662811279297,29.350000381469727,82.94815826416016,11.293319702148438,129.77000427246094,4.152978897094727,37.755455017089844,78.75701141357422,45.26670837402344,48.127540588378906,17.250999450683594,21.474685668945312,15.63142204284668,9.184000015258789,0.7144198417663574,21.801191329956055,33.58768081665039,62.1485481262207,1.8700000047683716,10.420000076293945,110.5628433227539,91.61205291748047,22.8799991607666,18.39847183227539,49.904380798339844
2016-02-01,21.72164535522461,28.74049949645996,83.30944061279297,11.149553298950195,128.66000366210938,4.279374122619629,38.22258758544922,78.70421600341797,44.7797966003418,47.795562744140625,17.333999633789062,21.718828201293945,16.093469619750977,9.409000396728516,0.7146636843681335,21.789485931396484,34.105430603027344,61.714874267578125,1.7899999618530273,9.789999961853027,111.54216766357422,91.89445495605469,23.010000228881836,18.714540481567383,48.90435791015625
2016-02-02,21.282390594482422,27.604999542236328,79.9405746459961,10.566516876220703,125.69999694824219,3.9272727966308594,38.72542953491211,77.98027038574219,43.387569427490234,46.30168151855469,17.18899917602539,21.89761734008789,15.717562675476074,9.14900016784668,0.6844186782836914,21.485118865966797,34.448585510253906,61.03017044067383,1.6699999570846558,9.050000190734863,110.46194458007812,90.82592010498047,23.700000762939453,18.537097930908203,47.81462478637695
2016-02-03,21.7036190032959,26.553499221801758,82.17144012451172,10.406783103942871,126.23999786376953,4.378684997558594,37.161861419677734,78.53077697753906,43.676658630371094,45.567840576171875,17.148000717163086,22.059085845947266,17.495288848876953,9.074000358581543,0.6878336071968079,20.174009323120117,34.526851654052734,61.69967269897461,1.6799999475479126,9.350000381469727,111.76175689697266,87.76531219482422,23.81999969482422,18.373512268066406,50.308223724365234
2016-02-04,21.878015518188477,26.812999725341797,82.61400604248047,10.58249282836914,127.44000244140625,5.164138317108154,36.202293395996094,78.34980010986328,44.42984390258789,45.428062438964844,16.784000396728516,21.82263946533203,18.30975341796875,8.970999717712402,0.6880773901939392,19.374069213867188,34.60512924194336,61.39537048339844,1.7200000286102295,10.1899995803833,111.33442687988281,87.23103332519531,23.739999771118164,18.415102005004883,51.173622131347656
2016-02-05,21.2936954498291,25.10650062561035,79.80509185791016,10.342889785766602,126.55999755859375,5.128026962280273,34.899559020996094,75.81604766845703,43.93532943725586,43.820613861083984,15.645999908447266,21.83993911743164,19.116382598876953,8.279000282287598,0.644661009311676,19.081411361694336,33.64788818359375,61.77574920654297,1.6799999475479126,10.279999732971191,109.19770812988281,84.25439453125,23.399999618530273,18.575918197631836,51.33388900756836
2016-02-08,21.517915725708008,24.405000686645508,77.99874877929688,9.799788475036621,126.77999877929688,4.757868766784668,34.919395446777344,76.9170150756836,43.01478576660156,43.165401458740234,15.5,21.947589874267578,19.72723388671875,8.331999778747559,0.6151477694511414,18.347808837890625,33.81644821166992,62.856082916259766,1.6100000143051147,9.550000190734863,108.30741119384766,83.29268646240234,23.889999389648438,18.548185348510742,52.02618408203125
2016-02-09,21.513376235961914,24.103500366210938,76.7433090209961,9.743877410888672,127.72000122070312,4.5141072273254395,34.76367950439453,76.89440155029297,42.756103515625,43.05181884765625,15.196000099182129,22.1744327545166,19.03023910522461,8.61299991607666,0.6217330098152161,18.176111221313477,33.93083572387695,62.87129211425781,1.559999942779541,8.90999984741211,106.20038604736328,81.54486846923828,23.59000015258789,18.24598503112793,51.79979705810547
2016-02-10,21.350311279296875,24.52400016784668,73.82604217529297,9.568174362182617,126.58000183105469,4.496050834655762,35.05278396606445,76.71344757080078,42.2387809753418,43.42748260498047,15.015000343322754,21.864927291870117,19.038068771362305,8.845000267028809,0.6202698349952698,18.695098876953125,34.18368148803711,62.095279693603516,1.6200000047683716,8.779999732971191,108.52410888671875,81.491455078125,24.34000015258789,18.240434646606445,51.32758712768555
2016-02-11,21.221214294433594,25.19099998474121,73.8892593383789,8.913254737854004,125.08999633789062,4.414798259735107,35.02849197387695,76.6908187866211,40.37486267089844,43.410003662109375,14.956999778747559,21.511211395263672,19.609764099121094,8.635000228881836,0.6170987486839294,18.97215461730957,36.19450378417969,60.7867317199707,1.6100000143051147,8.609999656677246,108.69175720214844,80.20155334472656,23.899999618530273,18.11012840270996,51.48930358886719
2016-02-12,21.286893844604492,25.354000091552734,74.09700012207031,9.544206619262695,128.07000732421875,4.992603302001953,35.05477523803711,76.78128814697266,43.73752975463867,44.11762619018555,15.1899995803833,21.467002868652344,20.189289093017578,8.739999771118164,0.6275871992111206,19.04238510131836,36.41120910644531,61.6159782409668,1.6699999570846558,8.859999656677246,109.91354370117188,80.33895111083984,24.809999465942383,18.34856605529785,52.41429901123047
2016-02-16,21.887075424194336,26.05500030517578,75.8491439819336,9.783812522888184,128.55999755859375,5.750973701477051,35.587867736816406,77.1583251953125,44.39179611206055,44.953529357910156,15.236000061035156,21.597721099853516,19.233856201171875,8.904999732971191,0.6583201885223389,19.36626434326172,36.01387405395508,61.98118209838867,1.7400000095367432,8.65999984741211,111.60237884521484,82.59051513671875,25.989999771118164,18.27092933654785,52.537208557128906
2016-02-17,22.22226333618164,26.704999923706055,77.9264907836914,10.031401634216309,130.25999450683594,6.464202880859375,36.298500061035156,77.2940902709961,44.71133804321289,46.12379455566406,15.65999984741211,21.420866012573242,19.4531307220459,9.47599983215332,0.674662172794342,19.779890060424805,36.007869720458984,62.72672653198242,1.8300000429153442,9.130000114440918,112.05754089355469,82.52946472167969,26.670000076293945,18.329158782958984,53.04176330566406
2016-02-18,21.801015853881836,26.25,77.60132598876953,9.775823593139648,130.86000061035156,6.455174922943115,35.581424713134766,78.60620880126953,43.98097610473633,45.92142105102539,14.932000160217285,21.978351593017578,19.633256912231445,9.048999786376953,0.7327133417129517,19.627708435058594,36.393165588378906,62.369171142578125,1.7899999618530273,8.65999984741211,113.34508514404297,82.01046752929688,27.1299991607666,17.777429580688477,53.33283615112305
2016-02-19,21.751182556152344,26.7450008392334,79.4889907836914,9.687972068786621,131.0500030517578,6.247524738311768,35.80953598022461,79.11507415771484,43.98859405517578,45.59585952758789,15.324999809265137,22.059085845947266,19.4531307220459,8.92300033569336,0.742469847202301,19.865737915039062,36.25471496582031,62.224605560302734,1.75,8.329999923706055,113.45889282226562,80.3770980834961,26.81999969482422,17.927143096923828,53.365169525146484
2016-02-22,21.941423416137695,27.975000381469727,79.40770721435547,10.01542854309082,131.99000549316406,7.15937614440918,36.153690338134766,79.56321716308594,44.559165954589844,46.32615280151367,15.460000038146973,22.241710662841797,19.672412872314453,9.192999839782715,0.7688124179840088,20.134984970092773,35.95368194580078,62.4832878112793,1.840000033378601,8.829999923706055,113.44695281982422,81.43038940429688,27.030000686645508,18.19607925415039,53.29401779174805
2016-02-23,21.4454345703125,27.64699935913086,80.00382232666016,9.711930274963379,130.74000549316406,6.536428451538086,35.57051086425781,79.0543212890625,42.695247650146484,45.03271484375,15.258999824523926,22.32245445251465,19.883853912353516,8.911999702453613,0.7707638740539551,20.26375389099121,35.947654724121094,62.23984146118164,1.8200000524520874,8.539999961853027,113.59664154052734,80.61373138427734,26.780000686645508,18.43174171447754,52.543678283691406
2016-02-24,21.764768600463867,27.70199966430664,80.57279968261719,9.687972068786621,131.02999877929688,6.500316619873047,35.74953079223633,79.72273254394531,42.71046447753906,45.191104888916016,15.657999992370605,22.467710494995117,20.03265953063965,9.16100025177002,0.7761298418045044,19.943777084350586,35.839290618896484,62.04963684082031,1.8600000143051147,8.199999809265137,113.29121398925781,79.82756042480469,26.860000610351562,18.609180450439453,52.73125076293945
2016-02-25,21.914243698120117,27.75749969482422,81.21405792236328,9.8397216796875,132.30999755859375,6.428089141845703,36.157161712646484,80.8012924194336,43.372337341308594,45.842220306396484,15.8149995803833,22.43672752380371,20.24410057067871,9.45300006866455,0.7778372168540955,20.298871994018555,36.19450378417969,62.64305877685547,1.9199999570846558,8.229999542236328,114.95012664794922,80.5755615234375,26.5,18.8642578125,53.048221588134766
2016-02-26,21.948223114013672,27.761499404907227,82.02690887451172,10.143218994140625,131.9199981689453,6.707963943481445,35.94590377807617,80.34557342529297,43.775569915771484,45.138301849365234,15.857999801635742,21.793684005737305,19.852523803710938,9.479000091552734,0.7727149724960327,20.283260345458984,35.414669036865234,61.69967269897461,2.0199999809265137,8.649999618530273,114.0278549194336,80.24736022949219,26.68000030517578,18.44005584716797,52.88002395629883
2016-02-29,21.898391723632812,27.625999450683594,82.20755004882812,9.999457359313965,134.1699981689453,6.888529300689697,35.567039489746094,79.91260528564453,42.832183837890625,44.768760681152344,16.089000701904297,21.85179328918457,20.228437423706055,9.340999603271484,0.767696738243103,20.056941986083984,35.360321044921875,61.08344650268555,2.0799999237060547,8.649999618530273,113.62657928466797,79.45358276367188,26.489999771118164,18.39291763305664,51.8450813293457
2016-03-01,22.768083572387695,28.95199966430664,84.70936584472656,10.53456974029541,136.94000244140625,7.00589656829834,36.80431365966797,81.43931579589844,45.038482666015625,46.264564514160156,17.23900032043457,21.80918312072754,19.883853912353516,9.829999923706055,0.8017240762710571,20.73981285095215,35.535484313964844,61.79854965209961,2.069999933242798,9.069999694824219,116.51920318603516,81.21669006347656,26.920000076293945,18.426193237304688,52.57602310180664
2016-03-02,22.817901611328125,29.010499954223633,84.30293273925781,10.751035690307617,136.72999572753906,8.098310470581055,36.67091369628906,81.30259704589844,45.46451187133789,46.59013366699219,16.823999404907227,21.7627010345459,20.549524307250977,9.76099967956543,0.8063751459121704,20.825660705566406,35.66233444213867,62.80282974243164,2.130000114440918,9.84000015258789,116.9563980102539,81.65934753417969,26.989999771118164,18.35687828063965,53.49454116821289
2016-03-03,22.987770080566406,28.874500274658203,85.53126525878906,10.823186874389648,136.83999633789062,8.22470474243164,36.27964401245117,81.00637817382812,45.61665725708008,46.06218719482422,17.077999114990234,21.619367599487305,21.003746032714844,9.793000221252441,0.7992759943008423,20.525197982788086,35.65026092529297,63.0234260559082,2.2200000286102295,10.829999923706055,118.22605895996094,82.86527252197266,27.43000030517578,18.337472915649414,53.300498962402344
2016-03-04,23.329755783081055,28.756999969482422,86.11831665039062,10.855257987976074,137.97000122070312,8.793481826782227,36.21171188354492,80.8924331665039,45.685142517089844,45.78063201904297,16.898000717163086,22.13651466369629,20.447711944580078,10.157999992370605,0.7968279719352722,22.14458465576172,35.130794525146484,63.517940521240234,2.109999895095825,12.710000038146973,118.8907699584961,83.61328125,27.65999984741211,18.514915466308594,53.22933578491211
2016-03-07,23.07155990600586,28.139999389648438,86.74153900146484,10.84724235534668,138.72000122070312,8.901822090148926,35.347843170166016,81.07475280761719,45.601436614990234,44.9007453918457,16.875,22.167499542236328,20.776626586914062,9.548999786376953,0.7916869521141052,22.331886291503906,34.88313674926758,63.22127151489258,1.9800000190734863,12.710000038146973,119.56753540039062,82.3615493774414,28.15999984741211,18.82266616821289,54.63300704956055
2016-03-08,22.881319046020508,28.01300048828125,84.70936584472656,10.47043228149414,137.8000030517578,7.818435192108154,35.38405227661133,80.67977142333984,44.71894073486328,45.44626998901367,16.764999389648438,22.361188888549805,20.2945499420166,9.623000144958496,0.7772439122200012,21.988494873046875,35.420711517333984,63.19078826904297,1.9500000476837158,11.40999984741211,118.39373016357422,80.76636505126953,32.689998626708984,18.8642578125,53.44927215576172
2016-03-09,22.901700973510742,27.973499298095703,84.99839782714844,10.53456974029541,139.1300048828125,8.26081657409668,35.973182678222656,81.15069580078125,44.977603912353516,46.49333953857422,16.823999404907227,22.518077850341797,20.490520477294922,9.800000190734863,0.7767543196678162,21.71144676208496,35.59587860107422,63.114723205566406,1.899999976158142,11.170000076293945,118.44166564941406,81.09457397460938,32.790000915527344,18.861465454101562,53.300498962402344
2016-03-10,22.91302490234375,27.946500778198242,86.65122985839844,10.638794898986816,138.6199951171875,8.667088508605957,36.30841064453125,81.3785629272461,44.589603424072266,45.79822540283203,16.711999893188477,22.407672882080078,21.439006805419922,9.736000061035156,0.7755303978919983,21.824609756469727,35.7891960144043,62.5974006652832,2.0399999618530273,10.960000038146973,118.59136962890625,81.7280502319336,32.65999984741211,18.827938079833984,53.158172607421875
2016-03-11,23.15989112854004,28.480499267578125,88.2859878540039,11.05568790435791,140.64999389648438,8.6219482421875,36.938209533691406,81.81150817871094,45.14497756958008,46.695716857910156,17.05900001525879,22.432857513427734,20.91381072998047,9.765999794006348,0.7887495160102844,22.24993896484375,36.01871871948242,62.194183349609375,2.0399999618530273,11.25,120.56170654296875,83.39192962646484,33.11000061035156,18.760913848876953,53.164642333984375
2016-03-14,23.218778610229492,28.668500900268555,87.59954071044922,10.93542766571045,139.72000122070312,9.001133918762207,37.204505920410156,81.77352142333984,44.977603912353516,46.78369903564453,16.804000854492188,22.43672752380371,20.482685089111328,9.812999725341797,0.7907078862190247,22.339689254760742,36.09119415283203,61.752933502197266,2.0,11.260000228881836,119.23213958740234,83.15531921386719,32.630001068115234,18.813982009887695,53.306976318359375
2016-03-15,23.685331344604492,28.85099983215332,87.23828887939453,10.879308700561523,140.39999389648438,8.369157791137695,37.22087097167969,81.84947967529297,45.038482666015625,47.15325164794922,16.58099937438965,22.390243530273438,20.670812606811523,9.78600025177002,0.7867910265922546,21.937767028808594,36.15763854980469,61.85942459106445,1.9299999475479126,11.039999961853027,119.56155395507812,81.83489990234375,32.04999923706055,19.01787757873535,53.57215118408203
2016-03-16,24.000133514404297,28.713499069213867,87.86148071289062,10.670862197875977,139.8300018310547,9.226837158203125,37.55759048461914,81.5836410522461,44.825443267822266,47.82197189331055,16.738000869750977,22.684648513793945,21.595787048339844,9.9350004196167,0.81029212474823,21.816802978515625,36.77375793457031,61.88225173950195,2.009999990463257,11.220000267028809,120.10053253173828,82.07914733886719,31.81999969482422,18.98994255065918,53.60451126098633
2016-03-17,23.96162986755371,27.972000122070312,88.29500579833984,10.743017196655273,142.39999389648438,9.840757369995117,37.613121032714844,81.07475280761719,44.69610595703125,48.094722747802734,16.898000717163086,22.919010162353516,21.525239944458008,9.972000122070312,0.8034375905990601,21.62559700012207,37.19053649902344,62.954959869384766,2.0399999618530273,11.710000038146973,122.84944152832031,82.37682342529297,32.72999954223633,18.83911895751953,54.4001350402832
2016-03-18,23.988813400268555,27.604000091552734,88.49369812011719,11.05568790435791,142.16000366210938,9.714361190795898,37.46088409423828,81.65200805664062,46.012271881103516,47.065269470214844,17.511999130249023,22.951929092407227,21.783920288085938,10.112000465393066,0.8276728987693787,21.68675422668457,36.9912223815918,63.25929641723633,2.0799999237060547,10.779999732971191,122.74758911132812,81.36170196533203,33.61000061035156,18.699462890625,54.46481704711914
2016-03-21,23.986549377441406,27.698999404907227,88.34919738769531,11.095770835876465,142.1300048828125,9.750472068786621,37.795623779296875,81.48489379882812,45.99705505371094,47.39082717895508,17.55500030517578,22.77181053161621,21.783920288085938,10.105999946594238,0.8301210999488831,21.623214721679688,36.70732116699219,63.388614654541016,2.069999933242798,10.529999732971191,121.57379150390625,81.77384948730469,33.369998931884766,18.984357833862305,54.089656829833984
2016-03-22,24.170001983642578,28.02400016784668,88.72852325439453,11.03164005279541,142.17999267578125,9.922009468078613,37.690982818603516,81.56084442138672,45.829681396484375,47.575592041015625,17.57699966430664,22.669151306152344,21.47036361694336,9.984000205993652,0.8286523222923279,21.68675422668457,36.77375793457031,62.94738006591797,2.0799999237060547,10.0,121.19651794433594,82.88816833496094,32.83000183105469,18.95642852783203,54.41306686401367
2016-03-23,24.036367416381836,28.48150062561035,88.24983215332031,10.91939640045166,140.9600067138672,8.802510261535645,37.5675048828125,82.41154479980469,45.601436614990234,47.48760986328125,16.947999954223633,22.795047760009766,19.581226348876953,9.958999633789062,0.842850923538208,21.44847869873047,37.093894958496094,63.00821304321289,1.9500000476837158,9.270000457763672,120.67546081542969,82.50656127929688,32.119998931884766,18.8419132232666,54.173736572265625
2016-03-24,23.93218994140625,29.147499084472656,87.54537963867188,10.967500686645508,140.11000061035156,9.12752628326416,37.4326171875,82.2672348022461,45.25149154663086,47.69877624511719,17.281999588012695,22.948062896728516,19.91045570373535,9.836000442504883,0.8440746068954468,21.27374839782715,37.12409210205078,63.06147766113281,2.0199999809265137,9.380000114440918,120.63951873779297,81.14798736572266,32.43000030517578,18.99273681640625,54.322505950927734
2016-03-28,23.823482513427734,28.993499755859375,88.03306579589844,10.91939640045166,141.2899932861328,9.15461254119873,37.35525894165039,82.20648193359375,45.190608978271484,47.1092643737793,17.20199966430664,22.773740768432617,20.145620346069336,10.121000289916992,0.8526426553726196,21.238008499145508,37.5167236328125,62.856082916259766,2.009999990463257,9.3100004196167,121.61573028564453,82.95687866210938,32.279998779296875,19.026256561279297,54.4777717590332
2016-03-29,24.38741683959961,29.69300079345703,90.34522247314453,10.759052276611328,141.89999389648438,9.15461254119873,37.9805908203125,82.8976821899414,44.90912628173828,48.13874435424805,17.77899932861328,23.050710678100586,21.125459671020508,10.413000106811523,0.8663514256477356,21.583499908447266,37.975799560546875,62.992984771728516,2.0799999237060547,8.880000114440918,123.93345642089844,84.25945281982422,33.099998474121094,19.001121520996094,54.67829132080078
2016-03-30,24.813201904296875,29.934499740600586,91.3567886352539,10.80715274810791,142.4600067138672,9.290034294128418,38.102088928222656,82.77610778808594,45.42647171020508,48.43790054321289,18.086999893188477,22.951929092407227,20.96868324279785,10.218999862670898,0.8754091858863831,21.543790817260742,37.69645690917969,62.90171432495117,2.069999933242798,8.890000343322754,123.20877075195312,83.67621612548828,33.040000915527344,19.216176986694336,54.671817779541016
2016-03-31,24.684106826782227,29.68199920654297,90.67037963867188,10.839223861694336,141.8800048828125,9.335174560546875,37.83232116699219,82.18367767333984,45.05368423461914,48.59626388549805,17.972000122070312,22.920949935913086,20.83542823791504,10.222999572753906,0.8722265362739563,21.51995849609375,37.87821960449219,62.6202278137207,2.049999952316284,9.140000343322754,124.38257598876953,82.68081665039062,33.09000015258789,19.129596710205078,54.070247650146484
2016-04-01,24.91058349609375,29.924999237060547,90.83293914794922,10.871294021606445,143.7899932861328,8.928906440734863,38.16804122924805,82.93566131591797,45.548194885253906,48.89543914794922,18.274999618530273,22.99260711669922,20.866785049438477,10.569999694824219,0.884956419467926,21.817798614501953,37.72069549560547,63.548370361328125,2.0399999618530273,8.579999923706055,125.22702026367188,80.51891326904297,34.290000915527344,19.288795471191406,53.6627311706543
2016-04-04,25.166507720947266,29.659500122070312,91.7903060913086,10.831208229064941,143.22000122070312,8.504581451416016,37.942405700683594,82.47990417480469,45.37191390991211,48.77225875854492,18.47100067138672,22.994544982910156,20.615942001342773,10.4350004196167,0.8763881921768188,22.139469146728516,37.6661491394043,63.30494689941406,2.0299999713897705,8.550000190734863,125.02336120605469,78.83916473388672,33.560001373291016,19.299968719482422,53.792091369628906
2016-04-05,24.869815826416016,29.30699920654297,89.88459014892578,10.57465648651123,141.1999969482422,8.432355880737305,37.61759567260742,82.75334930419922,44.72812271118164,48.00674057006836,18.309999465942383,22.535507202148438,21.39981460571289,10.494000434875488,0.8751643896102905,21.91707992553711,38.09033966064453,63.26691436767578,2.0,8.640000343322754,123.99927520751953,76.78614807128906,32.11000061035156,19.171485900878906,53.17758560180664
2016-04-06,25.130271911621094,30.104000091552734,91.31163787841797,10.638794898986816,141.6999969482422,8.676117897033691,38.08869171142578,83.11036682128906,45.07301712036133,48.499488830566406,18.233999252319336,22.605236053466797,21.744720458984375,10.482999801635742,0.8763881921768188,22.588218688964844,38.156982421875,63.76138687133789,2.0299999713897705,8.680000305175781,124.96354675292969,77.38494873046875,32.33000183105469,19.28321075439453,53.88913345336914
2016-04-07,24.582195281982422,29.571500778198242,90.3994140625,10.30207633972168,140.80999755859375,7.989974021911621,37.694454193115234,82.99640655517578,43.931053161621094,47.91875076293945,17.90999984741211,22.5045166015625,21.91716766357422,10.444999694824219,0.8673309087753296,22.330087661743164,37.96307373046875,63.3277587890625,2.009999990463257,8.40999984741211,123.84358215332031,76.420654296875,30.6200008392334,19.054180145263672,53.28108215332031
2016-04-08,24.60936737060547,29.729999542236328,90.90519714355469,10.326125144958496,141.05999755859375,8.423322677612305,37.66222381591797,82.8672866821289,44.252952575683594,47.88356399536133,17.8799991607666,22.624603271484375,22.810794830322266,10.380999565124512,0.8729611039161682,22.2625789642334,38.17516326904297,63.297325134277344,2.0,8.670000076293945,124.02928161621094,78.27925109863281,30.440000534057617,19.009498596191406,53.824424743652344
2016-04-11,24.69089698791504,29.796499252319336,90.54393005371094,10.398280143737793,140.99000549316406,8.811537742614746,37.56651306152344,82.7685317993164,44.60549545288086,47.78676986694336,18.07200050354004,22.512266159057617,24.386388778686523,10.267999649047852,0.878346860408783,22.1871280670166,38.17516326904297,62.939762115478516,2.009999990463257,8.869999885559082,123.77769470214844,76.54507446289062,29.93000030517578,18.825151443481445,53.895591735839844
2016-04-12,25.012502670288086,30.15850067138672,91.08583068847656,10.638794898986816,142.39999389648438,9.416430473327637,37.90272903442383,83.24703979492188,45.4332275390625,48.085933685302734,18.264999389648438,22.671091079711914,24.01012420654297,10.697999954223633,0.8773674964904785,22.20301055908203,38.62355422973633,63.01582336425781,2.049999952316284,9.59000015258789,124.63411712646484,78.99469757080078,30.040000915527344,19.216176986694336,54.561851501464844
2016-04-13,25.37487030029297,30.740999221801758,92.16963958740234,11.05568790435791,144.0399932861328,9.768528938293457,38.27912139892578,83.45215606689453,47.35693359375,48.701866149902344,18.707000732421875,22.560680389404297,23.108665466308594,10.96500015258789,0.8993997573852539,22.210956573486328,38.22362518310547,62.73434829711914,2.049999952316284,9.890000343322754,124.3526382446289,81.07882690429688,31.100000381469727,19.313932418823242,54.87233352661133
2016-04-14,25.388460159301758,31.037500381469727,90.6523208618164,11.336289405822754,143.72000122070312,9.687276840209961,38.45169448852539,83.42933654785156,47.97007369995117,48.710662841796875,18.795000076293945,22.496768951416016,22.481571197509766,11.041999816894531,0.9018475413322449,22.139469146728516,37.97517776489258,62.90308380126953,2.119999885559082,9.260000228881836,124.53826904296875,81.6231918334961,30.40999984741211,19.216176986694336,55.26044464111328
2016-04-15,24.87887191772461,31.29450035095215,89.91172790527344,11.22404956817627,143.4499969482422,9.804640769958496,38.6803092956543,83.6875991821289,47.418243408203125,48.965824127197266,18.617000579833984,22.744693756103516,23.02243995666504,11.151000022888184,0.9089471101760864,22.290376663208008,38.18120574951172,63.125526428222656,2.109999895095825,9.720000267028809,124.49036407470703,80.62777709960938,31.43000030517578,19.288795471191406,54.96287536621094
2016-04-18,24.34212303161621,31.767499923706055,89.62268829345703,11.360342025756836,144.3800048828125,9.949095726013184,39.0611572265625,84.25727844238281,47.72480773925781,49.67853546142578,18.825000762939453,22.810544967651367,23.09298324584961,10.84000015258789,0.9050300121307373,22.49687957763672,38.26604461669922,63.53202819824219,2.119999885559082,9.75,125.20902252197266,80.3789291381836,31.049999237060547,19.512239456176758,55.48683547973633
2016-04-19,24.21302604675293,31.395000457763672,90.09233093261719,11.584819793701172,145.9499969482422,10.842886924743652,38.49434280395508,85.58648681640625,48.529563903808594,49.61693572998047,18.934999465942383,22.87445831298828,24.22960662841797,9.434000015258789,0.8888731002807617,22.838403701782227,38.35089874267578,63.877193450927734,2.0999999046325684,10.680000305175781,124.72388458251953,81.42098999023438,31.18000030517578,19.487102508544922,55.76499557495117
2016-04-20,24.26285171508789,31.649499893188477,87.0937728881836,11.969645500183105,146.08999633789062,11.158876419067383,38.42838668823242,86.27009582519531,49.23466110229492,48.913028717041016,18.827999114990234,22.3728084564209,23.869022369384766,9.677000045776367,0.8923003673553467,22.572330474853516,37.3026008605957,62.550254821777344,2.130000114440918,10.760000228881836,122.0050277709961,81.53764343261719,31.25,19.3306884765625,56.1466178894043
2016-04-21,24.000133514404297,31.549999237060547,86.54283905029297,11.945594787597656,144.86000061035156,10.400503158569336,38.6803092956543,86.26251220703125,48.74415969848633,49.0802116394043,18.826000213623047,21.869224548339844,25.23297119140625,9.498000144958496,0.8913212418556213,22.568361282348633,35.769508361816406,61.97499084472656,2.1500000953674316,10.529999732971191,119.35195922851562,81.99647521972656,30.979999542236328,19.124006271362305,56.140167236328125
2016-04-22,23.934459686279297,31.024999618530273,86.58797454833984,12.113956451416016,146.11000061035156,10.535926818847656,36.586116790771484,86.0726318359375,49.02771759033203,45.560665130615234,19.18000030517578,22.16556739807129,24.48044776916504,9.59000015258789,0.8878941535949707,22.556447982788086,35.975555419921875,62.090049743652344,2.2200000286102295,10.789999961853027,121.05877685546875,83.5595703125,31.290000915527344,19.19384002685547,56.61882781982422
2016-04-25,23.798568725585938,31.309999465942383,86.82283020019531,11.993696212768555,146.17999267578125,10.247028350830078,36.80629348754883,86.21694946289062,48.74415969848633,45.85102081298828,18.549999237060547,22.17137908935547,24.386388778686523,9.355999946594238,0.8923003673553467,22.3221492767334,36.55120086669922,62.44287109375,2.1500000953674316,10.260000228881836,121.97509765625,83.47400665283203,30.719999313354492,19.403318405151367,56.48946762084961
2016-04-26,23.633241653442383,30.8439998626709,87.07572174072266,12.097919464111328,147.02000427246094,10.364389419555664,35.97119903564453,85.76117706298828,48.99705505371094,45.261497497558594,18.982999801635742,22.374746322631836,25.060518264770508,9.243000030517578,0.893034815788269,21.929000854492188,36.11491012573242,61.016231536865234,2.140000104904175,10.319999694824219,122.14274597167969,83.45845031738281,31.260000228881836,19.355836868286133,56.683509826660156
2016-04-27,22.154325485229492,30.328500747680664,89.6316909790039,12.041800498962402,147.60000610351562,11.420693397521973,35.77729797363281,85.65483856201172,49.13502502441406,44.821533203125,18.996999740600586,22.640098571777344,25.162416458129883,9.104000091552734,0.9133532643318176,21.932964324951172,36.02403259277344,61.277008056640625,2.130000114440918,11.15999984741211,122.51408386230469,82.71968841552734,31.479999542236328,19.38934898376465,57.22038650512695
2016-04-28,21.477144241333008,30.100000381469727,88.52079772949219,11.857406616210938,146.07000732421875,11.429720878601074,34.96401596069336,85.4345703125,48.74415969848633,43.906471252441406,18.256999969482422,22.558744430541992,25.860074996948242,9.027999877929688,0.8861803412437439,22.254640579223633,36.15717697143555,61.17728805541992,2.049999952316284,11.100000381469727,121.96908569335938,80.06787109375,31.100000381469727,19.246902465820312,56.94224166870117
2016-04-29,21.230281829833984,32.97949981689453,87.247314453125,11.67301082611084,145.47999572753906,12.639504432678223,35.10386657714844,85.1307601928711,48.437591552734375,43.88007354736328,17.93199920654297,22.773740768432617,27.412145614624023,9.003000259399414,0.8697786927223206,22.15535545349121,35.993011474609375,61.453399658203125,2.059999942779541,11.079999923706055,120.47782897949219,79.08799743652344,30.31999969482422,18.6771183013916,57.181583404541016
2016-05-02,21.207632064819336,34.192501068115234,88.02406311035156,11.841370582580566,146.88999938964844,12.233232498168945,35.42768478393555,85.63965606689453,48.8897590637207,44.53118896484375,18.40999984741211,22.866710662841797,26.918306350708008,9.310999870300293,0.8812845349311829,22.179180145263672,36.3638801574707,62.105369567871094,2.049999952316284,11.010000228881836,122.48411560058594,79.68680572509766,30.010000228881836,18.878219604492188,57.65380096435547
2016-05-03,21.55640983581543,33.566001892089844,86.29217529296875,11.51266860961914,144.8300018310547,10.842886924743652,35.13164520263672,85.59408569335938,47.947078704833984,43.80087661743164,18.034000396728516,22.936445236206055,26.51852798461914,9.154000282287598,0.870758056640625,21.726459503173828,36.911067962646484,62.20509719848633,2.009999990463257,10.430000305175781,122.74758911132812,78.89359283447266,29.420000076293945,18.713436126708984,56.9940071105957
2016-05-04,21.332197189331055,33.54499816894531,85.70728302001953,11.328269958496094,144.24000549316406,10.653295516967773,35.276939392089844,85.23711395263672,47.18832778930664,43.88007354736328,18.006999969482422,23.137880325317383,25.3583927154541,9.079000473022461,0.8509289622306824,21.361112594604492,37.92640686035156,62.588592529296875,2.009999990463257,10.140000343322754,124.34063720703125,78.24813842773438,29.1200008392334,18.766498565673828,56.88404083251953
2016-05-05,21.24561309814453,32.954498291015625,84.90302276611328,11.264132499694824,143.8800048828125,10.192855834960938,35.442569732666016,85.7383804321289,46.93540573120117,43.94165802001953,17.982999801635742,23.019729614257812,25.7581729888916,8.937000274658203,0.8560696244239807,21.2618350982666,37.94465637207031,62.358482360839844,1.9299999475479126,10.069999694824219,124.83170318603516,78.75361633300781,27.979999542236328,18.77208709716797,56.94873046875
2016-05-06,21.127126693725586,33.6974983215332,84.38209533691406,11.312236785888672,144.6199951171875,10.644267082214355,35.961769104003906,85.6320571899414,47.21132278442383,44.33761215209961,18.256999969482422,22.950002670288086,26.753686904907227,9.083999633789062,0.8648827075958252,21.186382293701172,38.656005859375,62.9951171875,1.9199999570846558,10.720000267028809,126.25711059570312,79.29021453857422,28.610000610351562,19.062557220458984,57.252750396728516
2016-05-09,21.143075942993164,33.98749923706055,84.98527526855469,11.216029167175293,142.91000366210938,9.497684478759766,36.15765380859375,86.37642669677734,46.91242599487305,44.056053161621094,18.81599998474121,23.027477264404297,24.95077896118164,9.053999900817871,0.8636584877967834,21.78206443786621,38.93568420410156,62.9874267578125,1.9299999475479126,9.960000038146973,127.58663177490234,79.79566955566406,28.959999084472656,19.258079528808594,57.29155731201172
2016-05-10,21.286623001098633,35.153499603271484,85.31429290771484,11.46456241607666,144.77999877929688,9.804640769958496,36.66596221923828,87.09799194335938,47.548526763916016,44.891937255859375,19.049999237060547,23.164995193481445,25.891429901123047,9.288999557495117,0.8803051710128784,21.821779251098633,39.04511260986328,63.26359176635742,1.8600000143051147,10.239999771118164,128.11366271972656,81.51432037353516,28.520000457763672,19.21338653564453,58.2100715637207
2016-05-11,21.07927131652832,35.6614990234375,84.6105728149414,11.384389877319336,142.8699951171875,10.481760025024414,36.22807312011719,86.87012481689453,47.37226104736328,44.9183349609375,18.518999099731445,23.182424545288086,26.557720184326172,9.001999855041504,0.8827532529830933,21.6430721282959,38.467533111572266,63.01047897338867,1.850000023841858,9.979999542236328,121.71752166748047,76.55284118652344,27.030000686645508,18.684450149536133,57.92959213256836
2016-05-12,20.584814071655273,35.89649963378906,83.65094757080078,11.336289405822754,143.30999755859375,9.958122253417969,36.10508728027344,86.76382446289062,47.34160614013672,45.32308578491211,18.44499969482422,23.465206146240234,26.032529830932617,8.77400016784668,0.870758056640625,21.515989303588867,38.99647903442383,63.209896087646484,1.7999999523162842,9.680000305175781,122.19660186767578,78.83916473388672,26.899999618530273,18.808246612548828,58.490562438964844
2016-05-13,20.625823974609375,35.49599838256836,83.44075775146484,11.127843856811523,141.39999389648438,9.398372650146484,35.94441604614258,86.25486755371094,46.904747009277344,44.94472885131836,18.21500015258789,23.38966941833496,26.70665740966797,8.788000106811523,1.0031955242156982,21.476282119750977,38.680320739746094,62.30479431152344,1.7899999618530273,9.25,118.6051025390625,77.60269927978516,25.989999771118164,18.27086639404297,57.83176803588867
2016-05-16,21.391437530517578,35.53300094604492,87.580810546875,11.167926788330078,141.85000610351562,9.96714973449707,36.21567916870117,86.92330932617188,47.25730895996094,45.60466003417969,18.249000549316406,23.52912712097168,27.76488494873047,8.911999702453613,1.0328161716461182,21.790002822875977,38.85663604736328,62.611610412597656,1.809999942779541,9.479999542236328,120.34952545166016,78.4036636352539,26.079999923706055,18.57472038269043,58.42533493041992
2016-05-17,21.30257225036621,34.76350021362305,86.18251037597656,11.232067108154297,140.33999633789062,10.391477584838867,35.714317321777344,86.45997619628906,47.25730895996094,44.75404739379883,17.899999618530273,23.199857711791992,27.866788864135742,8.86299991607666,1.0350196361541748,21.543790817260742,37.99939727783203,61.83692932128906,1.7899999618530273,9.680000305175781,117.98941802978516,78.2403564453125,25.440000534057617,18.31587791442871,58.39923095703125
2016-05-18,21.5463809967041,34.872501373291016,86.38358306884766,11.777233123779297,141.47000122070312,9.515737533569336,35.79316711425781,86.27765655517578,49.08137512207031,45.01986312866211,18.025999069213867,22.858966827392578,26.27552032470703,9.050000190734863,1.0614582300186157,21.567617416381836,37.00836181640625,61.246315002441406,1.7599999904632568,9.569999694824219,116.79423522949219,78.95582580566406,24.59000015258789,17.767250061035156,58.28183364868164
2016-05-19,21.464345932006836,34.92599868774414,85.2777328491211,11.648958206176758,140.7899932861328,9.912981033325195,35.472328186035156,85.71562957763672,48.58319091796875,44.585689544677734,17.884000778198242,22.93450164794922,26.76152992248535,8.954999923706055,1.066109299659729,21.32537269592285,35.901798248291016,61.50712203979492,1.7100000381469727,9.079999923706055,117.01153564453125,77.46270751953125,28.010000228881836,19.46941375732422,58.7775764465332
2016-05-20,21.69677734375,35.13999938964844,87.26093292236328,11.640942573547363,141.8300018310547,10.003263473510742,35.78969955444336,86.16696166992188,48.6751594543457,44.85151290893555,17.92799949645996,23.112695693969727,26.44013786315918,9.24899959564209,1.085204005241394,21.412738800048828,35.9869270324707,61.376712799072266,1.6799999475479126,9.319999694824219,117.78421020507812,78.2403564453125,28.479999542236328,19.655105590820312,58.53622055053711
2016-05-23,21.97247886657715,34.837501525878906,87.46198272705078,11.60085391998291,141.47999572753906,10.274110794067383,35.56852340698242,85.79975891113281,48.6368522644043,44.328739166259766,18.351999282836914,22.8531551361084,26.51852798461914,9.48900032043457,1.0869174003601074,21.349201202392578,35.901798248291016,61.5147819519043,1.7599999904632568,9.050000190734863,118.15841674804688,77.4160385131836,28.299999237060547,19.553823471069336,58.44490051269531
2016-05-24,22.307437896728516,35.209999084472656,89.12533569335938,11.769217491149902,143.7100067138672,10.03034782409668,36.35105895996094,86.20520782470703,49.46458435058594,45.71097183227539,18.93899917602539,23.221158981323242,24.880224227905273,9.788999557495117,1.1133018732070923,21.829713821411133,36.13286590576172,62.105369567871094,1.75,9.220000267028809,119.293212890625,78.26368713378906,28.469999313354492,19.762022018432617,58.490562438964844
2016-05-25,22.699356079101562,35.41749954223633,90.40481567382812,11.961629867553711,144.0800018310547,10.517871856689453,36.60248565673828,86.7100830078125,50.215667724609375,46.18058776855469,18.708999633789062,23.068147659301758,25.381906509399414,10.020000457763672,1.1086385250091553,22.357887268066406,36.102455139160156,62.496543884277344,1.7799999713897705,10.109999656677246,118.36361694335938,79.803466796875,28.809999465942383,19.829538345336914,58.87540054321289
2016-05-26,22.879358291625977,35.74549865722656,90.85265350341797,11.78525161743164,143.0500030517578,10.237998008728027,36.544464111328125,86.36582946777344,49.840126037597656,45.97679901123047,18.80299949645996,23.378379821777344,25.436779022216797,10.281000137329102,1.1204196214675903,22.258604049682617,36.41862106323242,62.29714584350586,1.7899999618530273,9.90999984741211,118.99140167236328,79.53128051757812,28.6299991607666,19.933643341064453,58.575347900390625
2016-05-27,22.86568832397461,35.61199951171875,91.46495056152344,11.929560661315918,143.35000610351562,10.057432174682617,37.07358932495117,86.48824310302734,50.146697998046875,46.3577880859375,19.093000411987305,23.382278442382812,25.052677154541016,10.329999923706055,1.1265554428100586,22.01636505126953,36.54001235961914,62.45822525024414,1.8200000524520874,9.850000381469727,119.37772369384766,78.22479248046875,28.920000076293945,19.90550994873047,58.712345123291016
2016-05-31,22.7540340423584,36.13949966430664,91.37356567382812,11.857406616210938,140.5399932861328,10.003263473510742,37.13557815551758,86.20520782470703,50.024078369140625,46.960289001464844,18.65399932861328,23.436912536621094,25.405418395996094,10.256999969482422,1.146681308746338,22.254640579223633,36.6558952331543,62.15907669067383,1.9199999570846558,9.789999961853027,119.2992935180664,80.41781616210938,28.530000686645508,19.913942337036133,58.066566467285156
2016-06-01,22.435035705566406,35.97200012207031,91.2547607421875,11.953939437866211,141.99000549316406,9.56990909576416,37.11623764038086,86.27405548095703,50.3459587097168,46.827388763427734,18.64699935913086,23.442766189575195,25.601394653320312,10.151000022888184,1.1488902568817139,22.3221492767334,37.11952209472656,62.73434829711914,1.8700000047683716,9.829999923706055,119.67347717285156,80.35559844970703,28.899999618530273,19.835166931152344,58.2100715637207
2016-06-02,22.26641845703125,36.4119987487793,91.51978302001953,12.018293380737305,142.11000061035156,9.624077796936035,36.90845489501953,87.58214569091797,50.43792724609375,46.49954605102539,19.06999969482422,23.37642478942871,25.3583927154541,10.125,1.1569899320602417,22.238752365112305,37.54653549194336,62.857059478759766,1.850000023841858,9.739999771118164,119.15442657470703,80.73664855957031,29.290000915527344,19.961772918701172,57.7469482421875
2016-06-03,22.31199073791504,36.277000427246094,92.1686782836914,11.599987030029297,141.13999938964844,10.03034782409668,36.49139404296875,87.7886962890625,49.54122543334961,45.88817596435547,18.868999481201172,23.76470184326172,27.74921226501465,9.958999633789062,1.1407909393310547,22.473047256469727,38.46152114868164,63.255924224853516,1.909999966621399,9.739999771118164,120.41595458984375,80.4878158569336,29.170000076293945,19.939271926879883,57.642581939697266
2016-06-06,22.473770141601562,36.33649826049805,91.455810546875,11.68043041229248,141.82000732421875,10.517871856689453,36.20376968383789,88.56132507324219,50.0317268371582,46.189449310302734,19.47100067138672,23.754945755004883,27.772724151611328,10.074000358581543,1.1349002122879028,22.671611785888672,38.16875457763672,63.48598861694336,1.9500000476837158,11.170000076293945,119.92097473144531,82.07423400878906,28.559999465942383,19.989912033081055,58.275306701660156
2016-06-07,22.56492042541504,36.1870002746582,92.47940826416016,11.543675422668457,141.41000366210938,10.14771556854248,36.25485610961914,88.53073120117188,49.86311721801758,46.16284942626953,19.38800048828125,23.630069732666016,27.41580581665039,9.98900032043457,1.1371091604232788,22.758981704711914,38.546958923339844,63.14085006713867,1.9199999570846558,11.390000343322754,120.42803192138672,82.03534698486328,28.549999237060547,19.984283447265625,59.16892623901367
2016-06-08,22.544408798217773,36.332000732421875,92.39715576171875,11.608031272888184,142.52999877929688,10.45467472076416,36.84199905395508,88.58428192138672,50.00874328613281,46.10969543457031,19.229999542236328,23.98322868347168,27.75311279296875,9.78600025177002,1.1334278583526611,22.70734977722168,38.74217224121094,63.393985748291016,1.9199999570846558,11.529999732971191,121.59906768798828,82.1597671508789,28.309999465942383,20.054622650146484,59.22111892700195
2016-06-09,22.70618438720703,36.38249969482422,91.89451599121094,11.414965629577637,142.22999572753906,9.840757369995117,36.82167053222656,89.50222778320312,49.625518798828125,45.737545013427734,19.208999633789062,24.19004249572754,28.161022186279297,9.708999633789062,1.1628800630569458,22.58424186706543,39.02886962890625,63.79281997680664,1.850000023841858,11.470000267028809,121.71981048583984,81.26546478271484,27.93000030517578,20.001161575317383,59.142852783203125
2016-06-10,22.519346237182617,35.89550018310547,88.99736785888672,11.125367164611816,141.75999450683594,9.353231430053711,36.3589973449707,89.50990295410156,48.9280891418457,45.6135139465332,18.775999069213867,24.160778045654297,28.074735641479492,9.375,1.1339186429977417,21.984594345092773,39.224063873291016,63.815818786621094,1.7999999523162842,10.75,120.88079833984375,80.25450134277344,26.31999969482422,20.015226364135742,58.692779541015625
2016-06-13,22.179834365844727,35.762001037597656,88.03778076171875,10.940346717834473,140.94000244140625,9.389344215393066,36.29403305053711,89.34159851074219,48.491233825683594,44.42621612548828,18.631999969482422,24.113954544067383,28.153173446655273,9.385000228881836,1.1483994722366333,21.730436325073242,39.1142578125,63.33262252807617,1.7599999904632568,10.970000267028809,121.76805877685547,79.08025360107422,25.959999084472656,19.843605041503906,59.09067916870117
2016-06-14,22.20717430114746,35.96500015258789,86.45667266845703,10.66683578491211,141.3000030517578,9.217808723449707,36.36196517944336,89.59403228759766,47.57918930053711,44.151527404785156,18.549999237060547,24.385156631469727,27.57269859313965,9.411999702453613,1.1506085395812988,20.697925567626953,39.24846267700195,63.930870056152344,1.7300000190734863,11.140000343322754,122.42601013183594,78.6058578491211,25.93000030517578,19.961772918701172,58.986305236816406
2016-06-15,22.13426399230957,35.7130012512207,86.07283782958984,10.731194496154785,140.4499969482422,9.931037902832031,36.30940246582031,89.05094909667969,47.49489212036133,44.02748489379883,18.486000061035156,24.162729263305664,28.4277286529541,9.428999900817871,1.1623895168304443,20.590700149536133,39.285072326660156,63.62407684326172,1.75,10.880000114440918,123.27107238769531,79.694580078125,25.770000457763672,20.009605407714844,58.8101692199707
2016-06-16,22.227684020996094,35.8754997253418,87.34317779541016,10.707058906555176,141.99000549316406,9.732416152954102,35.91565704345703,89.22686004638672,47.686500549316406,44.6477165222168,18.472000122070312,24.35979461669922,27.933536529541016,9.543999671936035,1.1670523881912231,20.475534439086914,39.69378662109375,63.976905822753906,1.75,10.520000457763672,124.47230529785156,79.31353759765625,25.549999237060547,20.06024742126465,59.5015869140625
2016-06-17,21.721830368041992,35.31949996948242,86.50238037109375,10.779458999633789,140.72999572753906,10.057432174682617,34.92384719848633,88.33946228027344,47.73247528076172,44.417354583740234,17.917999267578125,24.408565521240234,27.964920043945312,9.444999694824219,1.146681308746338,20.376256942749023,39.1142578125,63.76217269897461,1.75,11.3100004196167,124.27914428710938,80.28561401367188,25.979999542236328,19.961772918701172,59.175472259521484
2016-06-20,21.669424057006836,35.70050048828125,88.51300811767578,10.892080307006836,141.6699981689453,10.427590370178223,35.01707458496094,89.15035247802734,47.80146408081055,44.364192962646484,18.39699935913086,24.24077606201172,27.71389389038086,9.380000114440918,1.1672979593276978,20.495391845703125,38.88856506347656,63.6931266784668,1.7999999523162842,11.180000305175781,124.92501068115234,82.27642059326172,26.149999618530273,20.00397491455078,59.4363899230957
2016-06-21,21.853986740112305,35.79100036621094,90.01182556152344,10.956436157226562,143.52999877929688,10.481760025024414,35.15345764160156,88.87495422363281,48.24599075317383,45.356563568115234,18.219999313354492,24.246623992919922,27.32168197631836,9.098999977111816,1.1601802110671997,20.709835052490234,39.24235916137695,63.976905822753906,1.7699999809265137,11.390000343322754,125.81233978271484,83.30293273925781,26.280000686645508,20.105260848999023,59.703834533691406
2016-06-22,21.77196502685547,35.529998779296875,90.24945068359375,10.948391914367676,143.94000244140625,10.382447242736816,35.2322998046875,89.08915710449219,48.06203842163086,45.17934799194336,17.961999893188477,24.123703002929688,28.019832611083984,9.00100040435791,1.1591980457305908,20.817058563232422,39.26066207885742,64.09961700439453,1.7300000190734863,11.399999618530273,125.90890502929688,82.82078552246094,26.969999313354492,20.186859130859375,59.4690055847168
2016-06-23,21.897281646728516,36.104000091552734,92.66219329833984,11.294299125671387,145.97999572753906,10.626213073730469,35.450496673583984,89.79293823242188,49.089046478271484,45.99452590942383,18.29400062561035,24.15687370300293,27.760957717895508,9.166000366210938,1.1901239156723022,21.20623779296875,39.34607696533203,64.59050750732422,1.75,12.029999732971191,126.21068572998047,85.50372314453125,26.899999618530273,20.28533172607422,59.87992858886719
2016-06-24,21.282068252563477,34.948001861572266,86.83138275146484,10.457682609558105,139.7100067138672,9.551855087280273,33.979156494140625,88.45423126220703,45.6784782409668,44.151527404785156,17.312000274658203,24.154926300048828,29.172927856445312,8.843999862670898,1.1223825216293335,20.2769718170166,40.10858917236328,63.094852447509766,1.7100000381469727,11.270000457763672,124.64732360839844,80.84552764892578,25.860000610351562,20.24594497680664,58.30794143676758
2016-06-27,20.972177505493164,34.56800079345703,84.5374526977539,9.798046112060547,138.5,9.145581245422363,33.777828216552734,89.15802001953125,44.1533088684082,42.91108322143555,16.71299934387207,24.95098114013672,29.56515121459961,8.532999992370605,1.1103569269180298,20.2174072265625,40.852813720703125,62.30479431152344,1.6399999856948853,10.600000381469727,125.52259063720703,77.96818542480469,25.719999313354492,20.116514205932617,57.96220779418945
2016-06-28,21.325361251831055,35.397499084472656,86.27391815185547,10.21635627746582,140.27999877929688,9.651162147521973,34.27968215942383,90.44317626953125,45.617164611816406,43.805992126464844,16.815000534057617,25.06414794921875,29.157249450683594,8.79699993133545,1.1265554428100586,20.741605758666992,41.60313415527344,63.24825668334961,1.7599999904632568,11.039999961853027,128.62518310546875,77.64935302734375,26.15999984741211,20.119327545166016,59.29939651489258
2016-06-29,21.50992774963379,35.779998779296875,87.83667755126953,10.610527038574219,142.1199951171875,9.723390579223633,34.47456741333008,91.28463745117188,46.904747009277344,44.78063201904297,17.43199920654297,24.925622940063477,29.56515121459961,9.105999946594238,1.1449631452560425,21.051361083984375,41.884559631347656,64.36042785644531,1.8200000524520874,11.619999885559082,129.73582458496094,78.94804382324219,26.969999313354492,20.386615753173828,60.3104362487793
2016-06-30,21.783353805541992,35.78099822998047,90.66984558105469,10.674882888793945,144.7899932861328,10.057432174682617,34.888145446777344,92.7916488647461,47.62518310546875,45.338844299316406,17.50200080871582,25.442665100097656,30.686885833740234,9.14799976348877,1.1537989377975464,21.35713768005371,42.435211181640625,64.943359375,1.8600000143051147,11.890000343322754,130.92491149902344,77.75820922851562,27.5,20.544170379638672,61.14537811279297
2016-07-01,21.849435806274414,36.284000396728516,89.96611785888672,10.538128852844238,143.9600067138672,10.247028350830078,35.22138977050781,92.78398895263672,47.316226959228516,45.329978942871094,17.23900032043457,25.311939239501953,31.643890380859375,9.666999816894531,1.145208477973938,21.55173110961914,42.60649108886719,65.0277328491211,1.8600000143051147,12.75,131.0698699951172,77.48603820800781,27.829999923706055,20.485084533691406,61.210609436035156
2016-07-05,21.644359588623047,36.404998779296875,87.13299560546875,10.248530387878418,142.22999572753906,9.47962760925293,34.955596923828125,93.53366088867188,45.995445251464844,45.338844299316406,17.288000106811523,25.534366607666016,31.67525863647461,9.791000366210938,1.1621438264846802,21.535844802856445,43.72611618041992,65.5339584350586,1.7599999904632568,12.0600004196167,132.9350128173828,77.12830352783203,27.610000610351562,20.577930450439453,60.67573165893555
2016-07-06,21.767406463623047,36.88050079345703,86.7217025756836,10.345062255859375,142.50999450683594,9.831727981567383,35.15792465209961,93.81671142578125,46.48977279663086,45.524898529052734,17.290000915527344,25.538265228271484,32.491065979003906,9.460000038146973,1.1695070266723633,21.37302589416504,43.567054748535156,65.21947479248047,1.7000000476837158,11.899999618530273,131.31126403808594,77.59490966796875,28.170000076293945,20.769254684448242,61.373680114746094
2016-07-07,21.86082649230957,36.82849884033203,86.46582794189453,10.465727806091309,141.91000366210938,9.633106231689453,35.073116302490234,93.71727752685547,46.79098892211914,45.524898529052734,17.384000778198242,25.038785934448242,32.13023376464844,9.510000228881836,1.199940800666809,21.47231101989746,42.30059051513672,65.06607818603516,1.690000057220459,11.960000038146973,130.13421630859375,78.22479248046875,28.059999465942383,20.687665939331055,60.636600494384766
2016-07-08,22.02943992614746,37.29050064086914,88.8511734008789,10.594439506530762,143.64999389648438,10.111601829528809,35.594810485839844,93.97732543945312,47.7564811706543,46.34007263183594,17.82900047302246,25.35095977783203,32.27143859863281,9.706000328063965,1.248046875,21.666898727416992,42.77170181274414,65.78705596923828,1.7300000190734863,12.140000343322754,132.53057861328125,79.3757553100586,29.09000015258789,20.77487564086914,61.01492691040039
2016-07-11,22.097810745239258,37.68899917602539,91.1725082397461,10.626615524291992,143.92999267578125,10.517871856689453,36.06195068359375,94.03855895996094,48.096336364746094,46.59703063964844,18.05500030517578,25.30413055419922,32.20867919921875,9.467000007629395,1.2767632007598877,21.984594345092773,43.1448860168457,65.77173614501953,1.7300000190734863,11.779999732971191,133.84649658203125,82.16754150390625,29.479999542236328,20.83677101135254,61.24323654174805
2016-07-12,22.19805908203125,37.410499572753906,92.19609832763672,10.892080307006836,144.6699981689453,11.64639663696289,36.32526397705078,94.0309066772461,48.81465148925781,47.14635467529297,18.15999984741211,24.84367561340332,31.345800399780273,9.597000122070312,1.2959070205688477,22.060049057006836,42.86957550048828,65.77173614501953,1.7599999904632568,12.84000015258789,133.67745971679688,82.85188293457031,29.690000534057617,20.61450958251953,61.93464660644531
2016-07-13,22.072738647460938,37.131500244140625,92.40630340576172,10.811638832092285,145.92999267578125,11.700568199157715,36.17501449584961,94.09212493896484,48.78376388549805,47.412174224853516,18.158000946044922,25.0075626373291,32.06747055053711,9.642999649047852,1.2954161167144775,21.97268295288086,43.316192626953125,65.87910461425781,1.7400000095367432,12.460000038146973,135.3555450439453,83.87840270996094,29.450000762939453,20.71298599243164,61.889015197753906
2016-07-14,22.510231018066406,37.060001373291016,94.10619354248047,10.980567932128906,145.72999572753906,11.691542625427246,36.48841857910156,94.22978973388672,49.52524185180664,47.61597442626953,18.22100067138672,24.826107025146484,32.64796447753906,9.802000045776367,1.3086696863174438,21.99650764465332,43.034759521484375,65.86376953125,1.7300000190734863,12.40999984741211,134.10604858398438,83.97172546386719,29.15999984741211,20.735488891601562,61.93464660644531
2016-07-15,22.507944107055664,36.77199935913086,92.86324310302734,10.988615036010742,145.97000122070312,11.835989952087402,36.47999572753906,94.09212493896484,49.57158660888672,47.58052444458008,18.72100067138672,24.89244842529297,32.42048263549805,9.83899974822998,1.2934523820877075,21.89325523376465,42.72886276245117,65.97116088867188,1.6799999475479126,12.149999618530273,134.57086181640625,84.62494659423828,29.170000076293945,20.727046966552734,62.0455207824707
2016-07-18,22.747203826904297,36.80350112915039,94.25240325927734,11.350608825683594,146.57000732421875,11.863076210021973,37.35129165649414,94.19920349121094,49.40165710449219,47.81090545654297,18.739999771118164,25.02317237854004,32.65579605102539,9.880999565124512,1.3000792264938354,21.932964324951172,42.81452560424805,65.90978240966797,1.7699999809265137,12.260000228881836,134.17247009277344,84.77271270751953,29.610000610351562,20.77487564086914,61.8498420715332
2016-07-19,22.756311416625977,36.997501373291016,96.5372085571289,11.471272468566895,146.9199981689453,11.240132331848145,37.36170959472656,95.81330108642578,49.32442092895508,47.040035247802734,18.655000686645508,24.991954803466797,32.46754837036133,8.583999633789062,1.3135783672332764,21.801918029785156,43.00419998168945,66.09386444091797,1.7999999523162842,12.09000015258789,134.62515258789062,84.4227523803711,29.209999084472656,20.72423553466797,61.621551513671875
2016-07-20,22.776824951171875,37.2859992980957,98.84941864013672,11.58389663696289,146.1699981689453,11.104706764221191,37.543697357177734,95.7291488647461,49.37847900390625,49.538692474365234,19.04800033569336,24.82025718688965,30.820249557495117,8.791000366210938,1.330758810043335,21.960765838623047,42.70441436767578,65.95474243164062,1.7899999618530273,12.149999618530273,134.75193786621094,84.99824523925781,29.700000762939453,20.76081085205078,61.2692985534668
2016-07-21,22.65605926513672,37.221500396728516,96.40011596679688,11.479321479797363,144.35000610351562,11.619315147399902,37.41129684448242,95.73680114746094,49.193119049072266,49.44120788574219,18.378999710083008,25.025121688842773,31.78508758544922,8.598999977111816,1.306215524673462,21.849573135375977,42.87569046020508,65.90835571289062,1.7799999713897705,12.130000114440918,135.3313751220703,84.65606689453125,29.31999969482422,20.684846878051758,61.21712875366211
2016-07-22,22.480609893798828,37.24300003051758,96.5372085571289,11.567808151245117,144.60000610351562,11.438751220703125,37.65279769897461,95.6449966430664,49.46345138549805,50.12346267700195,18.784000396728516,25.327547073364258,32.3734130859375,8.58899974822998,1.3418033123016357,22.091815948486328,43.077606201171875,66.26394653320312,1.7899999618530273,11.380000114440918,135.99534606933594,85.29374694824219,29.15999984741211,20.693294525146484,61.32150650024414
2016-07-25,22.179834365844727,36.980499267578125,97.31404876708984,11.559762954711914,144.13999938964844,11.176932334899902,37.56551742553711,95.53791046142578,49.33213424682617,50.26523208618164,18.451000213623047,25.26511573791504,31.479164123535156,8.765999794006348,1.3665927648544312,21.960765838623047,43.02250671386719,66.32577514648438,1.8200000524520874,11.09000015258789,135.50039672851562,85.29374694824219,29.969999313354492,20.749555587768555,60.1408576965332
2016-07-26,22.027164459228516,36.77949905395508,99.40692138671875,11.688472747802734,144.33999633789062,11.447778701782227,37.571964263916016,95.73680114746094,49.532962799072266,50.29182052612305,18.520999908447266,25.05829620361328,32.263580322265625,9.140999794006348,1.389909267425537,22.353918075561523,42.89406204223633,65.91607666015625,1.8200000524520874,11.140000343322754,135.51246643066406,85.23152160644531,30.459999084472656,20.74393081665039,59.703834533691406
2016-07-27,23.458112716674805,36.833499908447266,100.12890625,11.768916130065918,144.19000244140625,11.790849685668945,37.78619384765625,95.44610595703125,49.687442779541016,49.786766052246094,18.29800033569336,24.812454223632812,33.197059631347656,9.204000473022461,1.3759193420410156,22.37377166748047,42.57592010498047,65.28993225097656,1.7899999618530273,10.680000305175781,133.8223419189453,85.9858627319336,30.110000610351562,20.62857437133789,59.29939651489258
2016-07-28,23.77484893798828,37.63050079345703,100.6041488647461,11.8091402053833,144.4199981689453,11.682512283325195,37.978111267089844,95.20896911621094,49.50979232788086,49.80449676513672,18.507999420166016,24.86123275756836,33.47160339355469,9.164999961853027,1.3788644075393677,22.453195571899414,43.367408752441406,65.56045532226562,1.7599999904632568,10.739999771118164,135.25294494628906,86.13361358642578,29.790000915527344,20.606067657470703,58.836299896240234
2016-07-29,23.74522590637207,37.94049835205078,100.18372344970703,11.656295776367188,144.27000427246094,11.700568199157715,39.24266052246094,95.79802703857422,49.40938949584961,50.22093200683594,17.48900032043457,25.030977249145508,34.51488494873047,9.125,1.4014447927474976,22.623958587646484,43.85215759277344,66.1634521484375,1.7899999618530273,10.989999771118164,137.04566955566406,86.7868423461914,29.899999618530273,20.530101776123047,58.02091598510742
2016-08-01,24.16448402404785,38.387001037597656,100.25684356689453,11.527586936950684,143.92999267578125,11.267212867736816,39.71872329711914,95.92806243896484,49.2780876159668,50.13233184814453,17.201000213623047,25.071949005126953,34.64040756225586,9.437000274658203,1.3923637866973877,22.65572738647461,44.263240814208984,66.7973403930664,1.7599999904632568,10.25,137.38368225097656,86.49911499023438,29.579999923706055,20.75799560546875,56.00535202026367
2016-08-02,23.80674934387207,38.02899932861328,99.96438598632812,11.366697311401367,143.30999755859375,11.194988250732422,39.678062438964844,95.50730895996094,49.1622314453125,50.13233184814453,16.724000930786133,24.902206420898438,35.973941802978516,9.355999946594238,1.3754286766052246,22.234783172607422,42.95631790161133,67.06790161132812,1.7200000286102295,10.050000190734863,134.97523498535156,85.51927185058594,28.700000762939453,20.57512092590332,56.77506637573242
2016-08-03,24.105239868164062,37.731998443603516,99.11446380615234,11.648250579833984,143.6300048828125,11.18596076965332,39.618553161621094,94.78057861328125,49.942344665527344,50.4778938293457,16.68400001525879,24.991954803466797,35.31501388549805,9.3100004196167,1.3791098594665527,21.980621337890625,42.44706726074219,66.45716857910156,1.7200000286102295,10.449999809265137,134.19052124023438,85.5970230102539,29.139999389648438,20.521665573120117,57.0685920715332
2016-08-04,24.254152297973633,38.03850173950195,100.61328125,11.648250579833984,143.1199951171875,11.122762680053711,39.53573226928711,94.7499771118164,49.86509323120117,50.850032806396484,16.448999404907227,24.86708641052246,35.22873306274414,9.343999862670898,1.4046357870101929,21.921056747436523,42.66794204711914,66.51903533935547,1.7000000476837158,10.829999923706055,132.56678771972656,87.33898162841797,29.15999984741211,20.622949600219727,57.06205749511719
2016-08-05,24.622997283935547,38.29899978637695,100.16544342041016,12.106782913208008,145.64999389648438,11.041507720947266,40.015769958496094,95.04066467285156,51.20905303955078,51.35508346557617,16.631999969482422,24.582223892211914,34.85220718383789,9.70300006866455,1.428443193435669,19.804399490356445,42.066646575927734,66.31031036376953,1.7100000381469727,11.020000457763672,132.6211700439453,90.17744445800781,30.149999618530273,20.75237274169922,57.11424255371094
2016-08-08,24.82689094543457,38.327999114990234,99.84559631347656,12.171138763427734,145.55999755859375,11.095677375793457,39.93147277832031,94.58935546875,51.05457305908203,51.44368362426758,16.444000244140625,24.582223892211914,35.024784088134766,9.51099967956543,1.4416966438293457,18.716289520263672,41.99299621582031,66.29486846923828,1.7400000095367432,11.3100004196167,132.77810668945312,91.30506134033203,30.1200008392334,20.634206771850586,57.786102294921875
2016-08-09,24.927690505981445,38.41550064086914,100.43048095703125,12.219400405883789,147.22000122070312,10.91511344909668,40.04304504394531,94.42102813720703,50.876922607421875,51.56771469116211,16.506000518798828,24.597829818725586,35.29932403564453,9.39900016784668,1.4453785419464111,19.081640243530273,42.29367446899414,66.47266387939453,1.7200000286102295,11.010000228881836,133.17648315429688,91.31283569335938,29.329999923706055,20.690471649169922,57.85786437988281
2016-08-10,24.742124557495117,38.428001403808594,100.06492614746094,11.913714408874512,146.69000244140625,10.851916313171387,40.093135833740234,94.36750030517578,50.421207427978516,51.40824890136719,16.558000564575195,24.656368255615234,35.74644088745117,9.392999649047852,1.4360514879226685,18.77585792541504,42.46546173095703,66.72000885009766,1.7000000476837158,10.260000228881836,132.1804962158203,90.94732666015625,29.829999923706055,20.9482479095459,56.84476852416992
2016-08-11,24.72608757019043,38.5620002746582,101.16163635253906,11.970026969909668,147.74000549316406,10.933168411254883,40.07875442504883,94.6811294555664,50.56023406982422,51.65633010864258,16.613000869750977,24.783184051513672,35.63664245605469,9.58899974822998,1.4652587175369263,18.626323699951172,41.83348083496094,67.0447006225586,1.690000057220459,10.369999885559082,129.5064697265625,91.58500671386719,30.5,20.90576171875,57.04869842529297
2016-08-12,24.783361434936523,38.62799835205078,100.77776336669922,11.994159698486328,147.72000122070312,10.671350479125977,40.02171325683594,94.26040649414062,50.45210266113281,51.33734130859375,16.542999267578125,24.738309860229492,35.43267059326172,9.659000396728516,1.5472341775894165,18.514066696166992,42.115726470947266,67.28434753417969,1.690000057220459,9.899999618530273,129.910888671875,91.6005630493164,30.649999618530273,20.931255340576172,57.792049407958984
2016-08-15,25.081186294555664,38.42449951171875,101.28958129882812,12.082647323608398,147.77999877929688,10.987340927124023,39.96766662597656,93.56428527832031,50.76105880737305,51.49684143066406,16.674999237060547,24.451496124267578,35.23658752441406,9.531000137329102,1.5457618236541748,18.68244743347168,41.71692657470703,67.26888275146484,1.690000057220459,10.430000305175781,130.2211456298828,91.437255859375,31.239999771118164,20.769790649414062,57.76573944091797
2016-08-16,25.05827522277832,38.20199966430664,98.65750885009766,12.203314781188965,147.24000549316406,10.906085014343262,39.73112487792969,92.04961395263672,50.75333023071289,51.21152877807617,16.540000915527344,24.191997528076172,34.74239730834961,9.51200008392334,1.5364350080490112,18.890920639038086,41.0726432800293,66.92874908447266,1.649999976158142,10.109999656677246,128.6943817138672,91.20394897460938,31.239999771118164,20.647981643676758,57.83810043334961
2016-08-17,25.021617889404297,38.23149871826172,96.3727035522461,12.187224388122559,149.0800018310547,10.83385944366455,39.94089126586914,92.79928588867188,50.892364501953125,51.318519592285156,16.402000427246094,24.545146942138672,34.51488494873047,9.63700008392334,1.5008468627929688,18.910961151123047,41.4837532043457,67.22248077392578,1.6699999570846558,10.109999656677246,130.15419006347656,92.69706726074219,36.04999923706055,20.6593074798584,57.96311569213867
2016-08-18,24.989545822143555,38.222999572753906,96.90275573730469,12.195269584655762,148.80999755859375,11.041507720947266,39.80848693847656,92.34794616699219,50.93870162963867,51.35417556762695,16.558000564575195,24.7714786529541,34.85220718383789,9.616000175476074,1.5241634845733643,18.858848571777344,41.60647201538086,67.59353637695312,1.7000000476837158,10.619999885559082,130.3853759765625,92.49485778808594,36.77000045776367,21.047399520874023,58.489376068115234
2016-08-19,25.053693771362305,37.865501403808594,97.54251861572266,12.243535995483398,148.75,10.806777954101562,39.654747009277344,92.34795379638672,50.86919403076172,51.37202072143555,16.663999557495117,24.404666900634766,34.648258209228516,9.586999893188477,1.5280903577804565,18.79470443725586,40.98674011230469,67.49304962158203,1.6699999570846558,10.489999771118164,128.89505004882812,93.02368927001953,37.810001373291016,20.625320434570312,57.75916290283203
2016-08-22,24.858963012695312,37.9739990234375,97.9355239868164,12.211357116699219,148.4499969482422,10.680379867553711,39.5208625793457,91.73958587646484,50.822845458984375,51.41659164428711,16.687999725341797,24.39686393737793,33.98149108886719,9.526000022888184,1.5344715118408203,19.039257049560547,41.3917236328125,67.13746643066406,1.6799999475479126,10.100000381469727,129.2539825439453,93.7702407836914,36.849998474121094,20.594161987304688,57.88414001464844
2016-08-23,24.93685531616211,38.122501373291016,99.1510238647461,12.348114967346191,148.77000427246094,10.81579875946045,39.50300598144531,91.97830200195312,50.7996711730957,51.61274719238281,16.841999053955078,24.246623992919922,33.848140716552734,9.593999862670898,1.546889066696167,19.007183074951172,41.28738784790039,67.56261444091797,1.690000057220459,10.25,128.93763732910156,93.16364288330078,36.83000183105469,20.387372970581055,57.706539154052734
2016-08-24,24.748992919921875,37.86249923706055,97.49681854248047,12.388336181640625,148.41000366210938,10.003263473510742,39.354736328125,91.4161605834961,50.93870162963867,51.666229248046875,16.67799949645996,24.22321128845215,31.2595157623291,9.517999649047852,1.5230374336242676,18.79470443725586,40.913124084472656,67.49304962158203,1.659999966621399,10.010000228881836,130.31846618652344,94.01908874511719,36.7400016784668,20.461027145385742,57.90390396118164
2016-08-25,24.643613815307617,37.96099853515625,97.30489349365234,12.492912292480469,148.63999938964844,10.012292861938477,39.24067687988281,91.30836486816406,51.03139114379883,51.862361907958984,16.832000732421875,24.293455123901367,31.50269317626953,9.732000350952148,1.5129562616348267,18.78267478942871,40.906982421875,67.94912719726562,1.649999976158142,10.069999694824219,131.11529541015625,93.5447006225586,36.779998779296875,20.174909591674805,57.535518646240234
2016-08-26,24.499284744262695,38.45000076293945,97.1586685180664,12.702066421508789,147.91000366210938,9.831727981567383,39.33589172363281,91.67030334472656,51.147254943847656,51.73755645751953,16.746999740600586,23.896554946899414,31.322261810302734,9.758000373840332,1.5252506732940674,18.7987117767334,40.33024597167969,67.7017822265625,1.6699999570846558,10.09000015258789,130.02645874023438,92.24603271484375,37.220001220703125,20.15224838256836,57.41050720214844
2016-08-29,24.4717960357666,38.56449890136719,97.86239624023438,12.74228572845459,149.3000030517578,9.912981033325195,39.46482849121094,92.34795379638672,51.711090087890625,51.79997634887695,16.600000381469727,24.038021087646484,32.090999603271484,9.729999542236328,1.5242677927017212,18.862857818603516,40.72906494140625,68.25833892822266,1.659999966621399,10.109999656677246,131.200439453125,93.5835952758789,37.16999816894531,20.22589874267578,57.78547668457031
2016-08-30,24.283935546875,38.37900161743164,98.2645263671875,13.023838996887207,150.22999572753906,9.533798217773438,39.271419525146484,92.00141143798828,52.13589859008789,51.61274719238281,16.695999145507812,23.817964553833008,30.278974533081055,9.744999885559082,1.5154156684875488,18.89493179321289,40.274871826171875,67.67086029052734,1.559999942779541,9.970000267028809,131.3282012939453,94.28349304199219,36.22999954223633,20.200407028198242,57.574974060058594
2016-08-31,24.306848526000977,38.45800018310547,97.37801361083984,13.044045448303223,150.49000549316406,9.290034294128418,39.16876983642578,91.90132141113281,52.13589859008789,51.2293701171875,16.679000854492188,23.762939453125,29.996580123901367,9.744999885559082,1.508284330368042,18.73055648803711,40.45333480834961,67.49304962158203,1.5499999523162842,9.699999809265137,131.06658935546875,93.80913543701172,35.849998474121094,20.237232208251953,57.324974060058594
2016-09-01,24.451175689697266,38.53099822998047,98.23707580566406,12.91473388671875,150.35000610351562,9.344205856323242,39.24563217163086,91.70110321044922,51.911903381347656,51.34526443481445,16.73200035095215,23.77473258972168,30.930063247680664,9.73799991607666,1.5527905225753784,18.578210830688477,40.4594841003418,68.26607513427734,1.5399999618530273,9.550000190734863,131.40118408203125,94.11238861083984,35.779998779296875,20.633819580078125,57.127628326416016
2016-09-02,24.68027114868164,38.62200164794922,98.57524108886719,12.93089771270752,150.72000122070312,9.46157169342041,39.51689147949219,91.88591003417969,52.128196716308594,51.41659164428711,16.97800064086914,24.193246841430664,31.78508758544922,9.73799991607666,1.5375453233718872,18.361717224121094,40.78567886352539,68.1810302734375,1.5099999904632568,9.630000114440918,131.80873107910156,94.93672943115234,36.099998474121094,20.537508010864258,57.5091667175293
2016-09-06,24.67339515686035,39.44350051879883,98.63921356201172,12.753097534179688,150.42999267578125,9.678248405456543,40.069828033447266,92.21703338623047,52.08955383300781,51.36311340332031,17.062999725341797,24.617652893066406,32.94603729248047,10.008999824523926,1.55205237865448,18.4419002532959,41.345726013183594,68.52118682861328,1.5099999904632568,9.920000076293945,132.70289611816406,93.84022521972656,35.189998626708984,20.679141998291016,58.26569747924805
2016-09-07,24.82459831237793,39.2239990234375,97.17693328857422,12.688443183898926,149.5800018310547,9.56990909576416,40.06833267211914,92.1092300415039,51.873294830322266,51.40768051147461,17.17099952697754,24.572460174560547,33.01664352416992,9.914999961853027,1.5291849374771118,18.397802352905273,41.84425354003906,67.98779296875,1.4199999570846558,9.930000305175781,133.18348693847656,93.8946533203125,35.849998474121094,20.41286277770996,58.04863357543945
2016-09-08,24.17397117614746,39.202999114990234,95.12062072753906,12.817753791809082,149.77999877929688,9.587965965270996,39.81294250488281,92.00141143798828,51.94279861450195,51.202632904052734,17.264999389648438,24.635339736938477,32.62443161010742,9.965999603271484,1.5402498245239258,18.421855926513672,41.493438720703125,67.85636138916016,1.4500000476837158,10.470000267028809,132.0520477294922,94.10462951660156,36.349998474121094,20.347707748413086,58.581478118896484
2016-09-09,23.62643814086914,38.00699996948242,92.95464324951172,12.72077465057373,146.6199951171875,9.271981239318848,39.100833892822266,91.0465316772461,51.47938537597656,50.11491012573242,17.06999969482422,23.747220993041992,30.82807731628418,9.649999618530273,1.4635326862335205,17.656116485595703,39.548641204833984,66.66590881347656,1.3700000047683716,9.829999923706055,127.67848205566406,92.27713012695312,36.08000183105469,19.914297103881836,57.127628326416016
2016-09-12,24.15564727783203,38.574501037597656,94.2615737915039,12.850078582763672,148.97000122070312,10.003263473510742,39.61360168457031,91.7626953125,51.796043395996094,50.86382293701172,17.2450008392334,24.224685668945312,31.65958023071289,9.904999732971191,1.4937771558761597,18.481990814208984,40.33639907836914,68.2197036743164,1.4199999570846558,9.8100004196167,129.12623596191406,93.59136962890625,36.66999816894531,20.37887191772461,57.42365646362305
2016-09-13,24.730669021606445,38.050498962402344,92.9820556640625,12.704605102539062,146.22999572753906,9.163640975952148,39.112728118896484,90.569091796875,51.38668441772461,50.40021896362305,16.993000030517578,23.880836486816406,30.62742805480957,9.609000205993652,1.47213876247406,18.377756118774414,39.10551071166992,67.29207611083984,1.3600000143051147,9.3100004196167,125.86578369140625,92.39376068115234,35.81999969482422,20.242897033691406,56.05534362792969
2016-09-14,25.60580825805664,38.054500579833984,93.2013931274414,12.631868362426758,145.77999877929688,8.84765338897705,39.19901657104492,90.7615966796875,51.28627395629883,50.15949249267578,16.839000701904297,23.990867614746094,30.297748565673828,9.701000213623047,1.485170602798462,18.461944580078125,39.3824462890625,67.26113891601562,1.3700000047683716,9.119999885559082,126.38894653320312,91.33615112304688,35.880001068115234,20.2598876953125,55.65406036376953
2016-09-15,26.47636604309082,38.484500885009766,94.718505859375,12.664201736450195,146.66000366210938,8.829596519470215,39.73311233520508,91.35456848144531,51.471656799316406,50.9886474609375,16.761999130249023,24.114654541015625,30.76869010925293,9.734000205993652,1.5414797067642212,18.538118362426758,39.591712951660156,68.07282257080078,1.440000057220459,9.270000457763672,126.46797943115234,91.89608001708984,36.36000061035156,20.509180068969727,55.96983337402344
2016-09-16,26.327451705932617,38.92599868774414,93.40247344970703,12.518725395202637,145.00999450683594,8.974044799804688,39.571441650390625,91.06193542480469,50.838287353515625,51.04214096069336,16.483999252319336,24.230579376220703,30.030879974365234,9.947999954223633,1.5451672077178955,18.490009307861328,39.67787170410156,68.0650863647461,1.440000057220459,9.15999984741211,126.96683502197266,89.14315795898438,35.88999938964844,20.64231300354004,55.27909851074219
2016-09-19,26.02047348022461,38.755001068115234,94.44435119628906,12.599543571472168,145.24000549316406,9.03724479675293,39.44350051879883,90.60757446289062,51.124080657958984,50.75684356689453,16.424999237060547,24.509584426879883,30.16431999206543,9.805999755859375,1.5655765533447266,18.33365821838379,40.139469146728516,68.31245422363281,1.5,8.960000038146973,127.48990631103516,89.4853286743164,35.880001068115234,20.42136001586914,55.147525787353516
2016-09-20,26.018178939819336,39.01100158691406,95.85176086425781,12.607625007629395,144.9199981689453,8.983076095581055,39.661197662353516,90.83089447021484,51.33262634277344,50.649845123291016,16.655000686645508,24.574432373046875,29.944541931152344,9.824999809265137,1.5513149499893188,18.53411102294922,40.36717224121094,68.47483825683594,1.690000057220459,8.84000015258789,126.9424819946289,90.5662841796875,35.619998931884766,20.387372970581055,54.298885345458984
2016-09-21,26.013587951660156,39.48699951171875,97.52422332763672,12.64803409576416,146.4600067138672,9.515737533569336,39.92155075073242,91.57017517089844,51.626121520996094,51.49684143066406,16.76300048828125,25.118690490722656,32.20509719848633,9.48799991607666,1.5948374271392822,18.45793914794922,41.08723068237305,67.87185668945312,1.6799999475479126,9.140000343322754,128.26856994628906,92.89147186279297,35.7599983215332,20.449687957763672,54.79886245727539
2016-09-22,26.25872230529785,40.23500061035156,99.4251937866211,12.607625007629395,146.52999877929688,9.912981033325195,40.463077545166016,91.99373626708984,52.05093765258789,51.550331115722656,17.030000686645508,25.156023025512695,32.00101089477539,9.583000183105469,1.5987714529037476,18.269506454467773,41.77656173706055,68.79174041748047,1.649999976158142,9.649999618530273,129.8622283935547,93.94131469726562,35.72999954223633,20.472347259521484,54.95674133300781
2016-09-23,25.82115364074707,40.287498474121094,99.22412109375,12.54297161102295,145.0,9.59699535369873,40.41399002075195,91.49317932128906,51.94279861450195,51.202632904052734,17.17799949645996,24.904523849487305,31.051259994506836,9.593999862670898,1.597050428390503,17.992877960205078,41.88117980957031,67.84088897705078,1.6299999952316284,9.100000381469727,129.8622283935547,91.49947357177734,35.65999984741211,20.495014190673828,54.89753341674805
2016-09-26,25.860105514526367,39.95800018310547,99.40692138671875,12.195452690124512,144.17999267578125,9.488653182983398,39.803524017333984,90.69998931884766,50.80740737915039,50.7300910949707,17.086999893188477,24.802358627319336,30.8158016204834,9.456000328063965,1.5820515155792236,17.81247329711914,42.268917083740234,67.91046905517578,1.6399999856948853,9.520000457763672,130.63475036621094,91.06398010253906,35.0099983215332,20.288219451904297,54.640960693359375
2016-09-27,25.908203125,40.80550003051758,100.18372344970703,12.357089042663574,145.33999633789062,9.217808723449707,40.20420837402344,91.80891418457031,51.2553825378418,51.666229248046875,16.9060001373291,24.912384033203125,30.20355796813965,9.706999778747559,1.6361467838287354,17.579946517944336,41.96118927001953,68.30474090576172,1.659999966621399,9.420000076293945,129.52159118652344,92.01272583007812,35.130001068115234,20.489351272583008,54.7593879699707
2016-09-28,26.10523223876953,41.43600082397461,100.40306854248047,12.429824829101562,145.27999877929688,9.849783897399902,40.17098617553711,91.9398422241211,51.52571105957031,51.73755645751953,17.024999618530273,24.851470947265625,30.77655601501465,9.748000144958496,1.6420480012893677,17.53584098815918,42.35505676269531,69.15503692626953,1.7000000476837158,10.020000457763672,129.32693481445312,92.866943359375,34.58000183105469,20.33637237548828,57.16710662841797
2016-09-29,25.699735641479492,41.45249938964844,99.37035369873047,12.252026557922363,143.58999633789062,9.651162147521973,39.80302810668945,90.3072280883789,50.70698928833008,51.175872802734375,16.573999404907227,24.305234909057617,30.650959014892578,9.666999816894531,1.6572933197021484,16.758073806762695,41.7266960144043,68.20423889160156,1.690000057220459,10.630000114440918,126.26728820800781,91.57219696044922,34.43000030517578,20.03611183166504,56.877655029296875
2016-09-30,25.899051666259766,41.865501403808594,100.1471939086914,12.64803409576416,144.47000122070312,9.804640769958496,39.873443603515625,90.96949768066406,51.43303680419922,51.35417556762695,16.743999481201172,24.03409194946289,30.83934783935547,9.854999542236328,1.6848328113555908,16.673885345458984,41.313133239746094,69.37923431396484,1.7100000381469727,10.65999984741211,125.92058563232422,91.62744903564453,34.52000045776367,20.42986297607422,57.41709518432617
2016-10-03,25.77762794494629,41.83700180053711,99.55313110351562,12.631868362426758,143.75999450683594,9.651162147521973,39.690956115722656,91.49317932128906,51.37126159667969,51.193702697753906,16.384000778198242,23.800270080566406,29.905282974243164,10.262999534606934,1.6831120252609253,16.48545265197754,40.35636520385742,68.53665161132812,1.7400000095367432,9.850000381469727,122.77574920654297,90.99586486816406,34.790000915527344,20.398700714111328,57.265785217285156
2016-10-04,25.88759422302246,41.701499938964844,99.58056640625,12.76926326751709,143.1699981689453,9.380317687988281,39.810462951660156,91.5008773803711,51.814697265625,51.033226013183594,17.049999237060547,23.36211395263672,26.883365631103516,10.234000205993652,1.6794230937957764,16.289012908935547,39.313209533691406,68.29698181152344,1.7400000095367432,9.520000457763672,120.96916198730469,91.05113220214844,35.41999816894531,20.325048446655273,56.739505767822266
2016-10-05,25.899051666259766,42.21799850463867,99.44347381591797,13.019798278808594,144.14999389648438,9.633106231689453,39.73311233520508,91.77808380126953,52.66273498535156,51.389854431152344,17.10099983215332,23.291379928588867,27.150232315063477,10.628000259399414,1.6777020692825317,16.64581871032715,38.220664978027344,68.68350982666016,1.7400000095367432,10.079999923706055,119.05306243896484,92.42481994628906,36.04999923706055,20.302387237548828,57.232887268066406
2016-10-06,26.091487884521484,42.08300018310547,99.37950134277344,13.108698844909668,143.8699951171875,9.299062728881836,39.82484436035156,91.44696807861328,52.80276107788086,51.479007720947266,17.277000427246094,23.191165924072266,26.72637939453125,10.506999969482422,1.655817985534668,16.38121795654297,38.0169677734375,68.96954345703125,1.7200000286102295,10.069999694824219,119.51535034179688,91.9274673461914,35.86000061035156,19.64801597595215,57.259220123291016
2016-10-07,26.130434036254883,41.971500396728516,97.22264862060547,13.03596305847168,144.52000427246094,9.145581245422363,39.70732116699219,91.82429504394531,52.98948669433594,51.53248977661133,17.29800033569336,23.920133590698242,26.663593292236328,10.482000350952148,1.6437692642211914,16.3291015625,37.93671417236328,69.572509765625,1.6699999570846558,10.119999885559082,119.71607208251953,91.49324798583984,36.61000061035156,19.461055755615234,57.06184387207031
2016-10-10,26.586336135864258,42.08549880981445,97.78013610839844,13.173349380493164,145.1999969482422,9.199751853942871,40.37480163574219,92.25557708740234,53.401832580566406,51.74647521972656,17.4689998626709,24.124481201171875,26.734224319458008,10.333000183105469,1.6499167680740356,16.268962860107422,38.33793258666992,68.84586334228516,1.690000057220459,10.380000114440918,120.1357650756836,91.91167449951172,36.29999923706055,19.257099151611328,58.18017578125
2016-10-11,26.643604278564453,41.54999923706055,93.86856842041016,13.019798278808594,143.9499969482422,8.910849571228027,40.14668655395508,90.5921859741211,53.14507293701172,50.9886474609375,17.305999755859375,23.804201126098633,26.569400787353516,10.059000015258789,1.6260648965835571,15.948235511779785,37.53550338745117,68.44388580322266,1.649999976158142,10.229999542236328,118.94963836669922,91.04322052001953,35.599998474121094,19.089969635009766,57.719703674316406
2016-10-12,26.88185691833496,41.704498291015625,93.74976348876953,12.955145835876465,144.91000366210938,9.073354721069336,40.25578689575195,90.8463134765625,53.00503158569336,50.917320251464844,17.31599998474121,24.163776397705078,27.095291137695312,9.949999809265137,1.6334419250488281,15.868056297302246,38.06634521484375,68.46707916259766,1.649999976158142,10.079999923706055,120.99951934814453,90.90901947021484,35.959999084472656,19.10979461669922,57.31843185424805
2016-10-13,26.799386978149414,41.4640007019043,91.7482681274414,12.793506622314453,143.22000122070312,8.703200340270996,39.87444305419922,91.06963348388672,52.70161056518555,50.7479133605957,17.23699951171875,24.48797035217285,27.322917938232422,10.02299976348877,1.6068862676620483,15.904134750366211,38.70827865600586,68.21196746826172,1.6399999856948853,9.90999984741211,120.92050170898438,90.5458755493164,35.150001525878906,19.327919006347656,56.94343566894531
2016-10-14,26.948287963867188,41.14799880981445,92.41543579101562,12.93089771270752,144.17999267578125,8.721258163452148,39.90022659301758,90.53056335449219,52.530460357666016,51.193702697753906,17.219999313354492,24.370080947875977,26.86766815185547,10.147000312805176,1.6226229667663574,15.868056297302246,38.29473114013672,68.35883331298828,1.559999942779541,9.699999809265137,119.82555389404297,90.86164855957031,35.540000915527344,19.39023780822754,56.93025588989258
2016-10-17,26.92997169494629,40.647499084472656,92.4520034790039,12.971307754516602,143.8000030517578,8.594861030578613,40.01130294799805,91.2467269897461,52.25817108154297,51.01539611816406,17.184999465942383,24.375978469848633,27.495594024658203,9.979999542236328,1.6132787466049194,16.168737411499023,38.6712646484375,67.89501953125,1.5199999809265137,9.779999732971191,120.12969207763672,91.13008117675781,34.77000045776367,19.325084686279297,56.93025588989258
2016-10-18,26.911643981933594,40.88249969482422,93.52127838134766,13.141024589538574,144.3000030517578,8.77542495727539,40.73780822753906,88.87488555908203,52.670509338378906,51.40768051147461,17.257999420166016,24.58228874206543,28.390403747558594,11.878999710083008,1.6378681659698486,16.26094627380371,38.67744064331055,67.60128784179688,1.5399999618530273,9.899999618530273,120.70758056640625,90.83009338378906,33.2599983215332,19.509214401245117,57.08156204223633
2016-10-19,26.831459045410156,40.884498596191406,95.1297836303711,13.310745239257812,144.86000061035156,9.046274185180664,41.003108978271484,88.24342346191406,53.17619705200195,51.29176330566406,17.013999938964844,24.478145599365234,29.026185989379883,12.187000274658203,1.634425401687622,16.23288345336914,38.603355407714844,66.63531494140625,1.559999942779541,10.460000038146973,120.71976470947266,90.70376586914062,33.59000015258789,19.514877319335938,57.3447265625
2016-10-20,26.817712783813477,40.51599884033203,94.66366577148438,13.383480072021484,144.49000549316406,9.217808723449707,40.744747161865234,88.45906829833984,53.10618591308594,51.04214096069336,16.8439998626709,24.389732360839844,29.04973030090332,12.335000038146973,1.6654075384140015,16.453386306762695,38.547813415527344,66.16014099121094,1.5499999523162842,10.59000015258789,119.98980712890625,91.69061279296875,33.63999938964844,19.469558715820312,57.37104415893555
2016-10-21,26.71232795715332,40.949501037597656,96.19906616210938,13.472383499145508,143.60000610351562,9.064326286315918,40.8652458190918,87.35784912109375,53.28510284423828,53.19080352783203,16.861000061035156,24.307209014892578,28.53168487548828,12.75,1.6607359647750854,16.637805938720703,38.20833206176758,65.6927490234375,1.6200000047683716,10.5,119.55793762207031,91.00375366210938,33.58000183105469,19.35907745361328,56.98291778564453
2016-10-24,26.952884674072266,41.90449905395508,96.21733093261719,13.553200721740723,143.8300018310547,9.190722465515137,41.4444580078125,87.48876190185547,53.580745697021484,54.385501861572266,17.40399932861328,24.438852310180664,28.131383895874023,12.732999801635742,1.7386829853057861,16.361175537109375,38.4552116394043,65.5135726928711,1.6200000047683716,10.109999656677246,119.83775329589844,91.14586639404297,33.7400016784668,19.59986114501953,57.17367935180664
2016-10-25,27.090333938598633,41.75899887084961,95.5410385131836,13.512788772583008,143.4199981689453,9.524768829345703,41.087913513183594,87.75829315185547,53.52630615234375,54.376583099365234,17.229000091552734,24.662841796875,28.720069885253906,12.651000022888184,1.767205834388733,16.168737411499023,38.4552116394043,67.74927520751953,1.5700000524520874,10.029999732971191,119.99585723876953,90.98797607421875,34.040000915527344,19.64801597595215,57.04869842529297
2016-10-26,26.480945587158203,41.12950134277344,94.91043090820312,13.634016036987305,143.94000244140625,9.551855087280273,40.76805114746094,88.22034454345703,53.783042907714844,54.05562210083008,17.18000030517578,24.79645538330078,28.398258209228516,12.696999549865723,1.774336814880371,16.132654190063477,37.844139099121094,68.08423614501953,1.5800000429153442,10.319999694824219,114.5882339477539,91.18534851074219,34.060001373291016,19.71316909790039,57.29209518432617
2016-10-27,26.22665786743164,40.917999267578125,95.09322357177734,13.666341781616211,144.4499969482422,9.651162147521973,40.532501220703125,89.09820556640625,53.86083221435547,53.583099365234375,17.35300064086914,24.584251403808594,27.307214736938477,12.647000312805176,1.7379448413848877,16.41329574584961,36.486175537109375,67.44547271728516,1.559999942779541,10.380000114440918,111.45559692382812,90.67216491699219,33.5,19.781160354614258,57.18026351928711
2016-10-28,26.05253791809082,38.816001892089844,96.38185119628906,13.480463981628418,144.0,9.867838859558105,40.642093658447266,88.81329345703125,53.767486572265625,53.37804412841797,19.14699935913086,24.7041015625,27.77031707763672,12.656999588012695,1.7349944114685059,14.296481132507324,36.25202941894531,67.64801788330078,1.5800000429153442,10.210000038146973,111.24269104003906,90.64060974121094,33.90999984741211,19.826480865478516,55.77247619628906
2016-10-31,26.011302947998047,39.49100112915039,96.52806854248047,13.334988594055176,144.3000030517578,10.093544960021973,40.163047790527344,89.321533203125,53.88417053222656,53.422607421875,19.481000900268555,25.150127410888672,29.073280334472656,12.487000465393066,1.749747395515442,14.248373985290527,36.69179153442383,67.61685943603516,1.5299999713897705,9.609999656677246,113.11625671386719,91.31166076660156,33.45000076293945,19.834980010986328,54.81201934814453
2016-11-01,25.541664123535156,39.27050018310547,94.94697570800781,13.42388916015625,143.6300048828125,10.066461563110352,39.943870544433594,88.82099151611328,53.65855407714844,53.31563186645508,19.503999710083008,24.735546112060547,29.787551879882812,12.329999923706055,1.6978651285171509,14.340579986572266,35.76274108886719,67.65579986572266,1.5299999713897705,9.59000015258789,111.46773529052734,90.57744598388672,33.5,19.631023406982422,55.029109954833984
2016-11-02,25.564573287963867,38.27799987792969,95.07495880126953,13.318822860717773,143.19000244140625,9.587965965270996,39.097862243652344,88.45133972167969,53.43294143676758,52.98575210571289,19.187000274658203,24.301311492919922,29.183168411254883,12.234000205993652,1.6907341480255127,14.124088287353516,35.12477111816406,67.57009887695312,1.4800000190734863,9.289999961853027,109.2962417602539,89.51163482666016,32.86000061035156,19.673507690429688,54.89753341674805
2016-11-03,25.290552139282227,38.35150146484375,93.01861572265625,13.318822860717773,143.63999938964844,9.687276840209961,38.788909912109375,88.58226776123047,53.19953155517578,52.789615631103516,18.895999908447266,24.332752227783203,29.63056182861328,12.21399974822998,1.6710634231567383,13.92363452911377,35.02566909790039,67.46104431152344,1.4800000190734863,9.869999885559082,109.08326721191406,89.3458480834961,32.59000015258789,19.724504470825195,55.035682678222656
2016-11-04,25.062580108642578,37.752498626708984,93.66749572753906,13.375399589538574,142.9499969482422,9.976177215576172,38.73485565185547,88.64387512207031,52.71717071533203,52.34382629394531,19.016000747680664,24.203073501586914,29.66980743408203,12.20300006866455,1.6614737510681152,13.771285057067871,35.53976058959961,66.27696228027344,1.4199999570846558,9.670000076293945,109.66114044189453,87.28528594970703,32.16999816894531,19.591354370117188,54.976470947265625
2016-11-07,25.42410659790039,39.246498107910156,95.73294067382812,13.747160911560059,146.91000366210938,10.192855834960938,39.77277755737305,89.83747863769531,54.36654281616211,53.86840057373047,19.231000900268555,24.493867874145508,28.641571044921875,12.458000183105469,1.7524521350860596,13.695116996765137,36.2025032043457,67.42988586425781,1.2599999904632568,9.729999542236328,110.66484832763672,88.80111694335938,32.599998474121094,19.766992568969727,56.21320724487305
2016-11-08,25.57378387451172,39.38750076293945,95.78778839111328,13.739075660705566,147.7899932861328,10.91511344909668,40.266197204589844,90.13782501220703,54.48323059082031,53.91298294067383,19.0,24.594074249267578,28.304059982299805,12.434000015258789,1.749747395515442,13.578850746154785,36.505985260009766,68.13099670410156,1.2599999904632568,9.850000381469727,111.46773529052734,89.85111999511719,32.959999084472656,19.769824981689453,56.618064880371094
2016-11-09,25.532333374023438,38.59400177001953,94.74590301513672,14.523012161254883,151.27999877929688,11.799878120422363,39.94932174682617,92.64826202392578,56.98838806152344,53.645511627197266,19.187999725341797,23.085067749023438,29.073280334472656,12.218999862670898,1.720240592956543,13.855480194091797,34.449668884277344,66.93913269042969,1.25,10.25,109.96529388427734,88.27213287353516,34.439998626708984,20.140920639038086,57.24192810058594
2016-11-10,24.820796966552734,37.11899948120117,92.67134094238281,15.161484718322754,156.05999755859375,12.458939552307129,38.6946907043457,92.05535888671875,59.63359069824219,52.33491134643555,19.31599998474121,22.607606887817383,27.22087860107422,11.541999816894531,1.6663910150527954,13.574844360351562,33.61970901489258,64.6255111694336,1.350000023841858,10.5,110.88380432128906,87.52214813232422,36.369998931884766,20.223068237304688,57.77287673950195
2016-11-11,24.968172073364258,36.95050048828125,91.62032318115234,15.371606826782227,156.9199981689453,12.585333824157715,38.27119445800781,91.2313232421875,59.664710998535156,52.620208740234375,19.674999237060547,22.308956146240234,24.795490264892578,11.477999687194824,2.1630871295928955,13.410470962524414,33.687828063964844,65.10848236083984,1.4700000286102295,10.369999885559082,111.07846069335938,88.38268280029297,37.869998931884766,20.17774772644043,56.856964111328125
2016-11-14,24.341840744018555,35.95349884033203,90.66071319580078,16.2282772064209,157.92999267578125,12.567277908325195,37.3522834777832,89.79131317138672,61.858673095703125,51.81779098510742,19.211000442504883,22.485790252685547,25.58824920654297,11.338000297546387,2.0566179752349854,13.222040176391602,34.449668884277344,64.65666198730469,1.5099999904632568,10.630000114440918,113.92048645019531,88.24845886230469,39.25,19.96812629699707,56.59815216064453
2016-11-15,24.664220809936523,37.1619987487793,91.41009521484375,16.29292869567871,157.4600067138672,12.630474090576172,38.44028854370117,89.5756607055664,61.7419548034668,52.84105682373047,19.309999465942383,22.60171890258789,26.616487503051758,11.359000205993652,2.119318962097168,13.390424728393555,34.480621337890625,65.1396484375,1.4500000476837158,10.819999694824219,113.085693359375,88.80899810791016,39.369998931884766,20.231565475463867,57.620216369628906
2016-11-16,25.327388763427734,37.324501037597656,92.03157806396484,15.961575508117676,157.0800018310547,12.458939552307129,38.67931365966797,89.60648345947266,60.21710205078125,53.54117202758789,19.648000717163086,22.45631980895996,26.498760223388672,11.519000053405762,2.2530832290649414,13.189971923828125,34.777923583984375,64.80470275878906,1.4800000190734863,10.829999923706055,112.2938461303711,88.87216186523438,39.119998931884766,20.223068237304688,56.91008377075195
2016-11-17,25.318180084228516,37.81999969482422,93.73147583007812,16.2282772064209,158.38999938964844,12.458939552307129,38.98578643798828,89.76819610595703,60.69945526123047,54.429779052734375,19.746999740600586,22.55259132385254,25.6667423248291,11.503000259399414,2.2717700004577637,13.165912628173828,33.985145568847656,64.7112045288086,1.5099999904632568,11.010000228881836,110.90658569335938,89.40111541748047,38.83000183105469,19.59986114501953,56.56498718261719
2016-11-18,25.3435115814209,38.007999420166016,95.58670806884766,16.163625717163086,157.75,12.395743370056152,38.48045349121094,89.45026397705078,60.45828628540039,54.16948318481445,19.667999267578125,22.417015075683594,25.658889770507812,11.520999908447266,2.2956221103668213,12.99753189086914,34.15854263305664,63.877681732177734,1.4800000190734863,11.210000038146973,110.99868774414062,90.0326919555664,37.5099983215332,19.415733337402344,56.59815216064453
2016-11-21,25.728065490722656,39.0,96.04368591308594,16.430316925048828,158.7100067138672,13.099943161010742,38.91834259033203,89.17113494873047,60.72278594970703,54.62725067138672,19.69300079345703,22.46810531616211,25.957170486450195,11.795999526977539,2.2862777709960938,12.929378509521484,34.12139129638672,64.37623596191406,1.4600000381469727,11.65999984741211,110.29277801513672,90.40375518798828,37.16999816894531,19.650854110717773,57.40120315551758
2016-11-22,25.744182586669922,39.26649856567383,96.25387573242188,16.40607261657715,158.66000366210938,13.650666236877441,38.928260803222656,87.41870880126953,61.09621047973633,54.860633850097656,19.85700035095215,22.537399291992188,26.059206008911133,11.803999900817871,2.302751302719116,12.740947723388672,35.056644439697266,64.46971893310547,1.409999966621399,11.529999732971191,111.45905303955078,89.82743072509766,39.0099983215332,19.86330795288086,57.52730941772461
2016-11-23,25.612932205200195,39.00600051879883,96.0528335571289,16.616207122802734,158.11000061035156,14.634737014770508,38.63071823120117,87.67460632324219,61.352970123291016,54.21436309814453,19.820999145507812,22.456220626831055,24.724843978881836,11.769000053405762,2.3140804767608643,12.656755447387695,34.75936508178711,64.40740203857422,1.399999976158142,11.770000457763672,110.95569610595703,90.40375518798828,34.310001373291016,20.064435958862305,57.686588287353516
2016-11-25,25.741884231567383,39.01850128173828,95.17546081542969,16.858665466308594,158.17999267578125,14.445145606994629,38.691715240478516,88.49653625488281,61.329620361328125,54.331050872802734,19.78499984741211,22.721534729003906,25.05451202392578,11.741000175476074,2.3187599182128906,12.861222267150879,35.03807067871094,65.01502227783203,1.440000057220459,11.65999984741211,111.28714752197266,93.00115966796875,33.560001373291016,20.17774772644043,57.81930923461914
2016-11-28,25.691221237182617,38.3385009765625,94.7093505859375,16.40607261657715,156.97000122070312,14.246525764465332,38.96743392944336,87.72113800048828,60.932830810546875,54.40286636352539,19.503000259399414,23.026437759399414,26.255434036254883,11.692999839782715,2.317528009414673,13.045638084411621,34.90180206298828,64.7112045288086,1.399999976158142,11.399999618530273,111.30554962158203,92.88272094726562,32.40999984741211,20.166412353515625,57.38792419433594
2016-11-29,25.665882110595703,38.125999450683594,94.85558319091797,16.397994995117188,157.67999267578125,13.515242576599121,39.1484375,87.21713256835938,61.399662017822266,54.83368682861328,19.523000717163086,23.218494415283203,26.33392333984375,11.75100040435791,2.2963504791259766,13.117806434631348,35.26979446411133,64.57098388671875,1.3799999952316284,11.020000457763672,111.90100860595703,93.39588928222656,32.41999816894531,20.217403411865234,57.00963592529297
2016-11-30,25.449430465698242,37.528499603271484,94.25240325927734,17.132108688354492,157.44000244140625,13.85831356048584,38.47599792480469,86.30213928222656,62.37214660644531,54.08869171142578,19.402999877929688,22.616596221923828,25.462663650512695,11.699999809265137,2.2704927921295166,13.47060489654541,34.461708068847656,64.23600006103516,1.3700000047683716,12.899999618530273,110.27436065673828,93.57746887207031,31.600000381469727,19.951120376586914,57.93876647949219
2016-12-01,25.212257385253906,37.182498931884766,91.3827133178711,17.44036102294922,160.1199951171875,13.569408416748047,37.903228759765625,86.36419677734375,63.632503509521484,53.13725280761719,19.15999984741211,22.36316680908203,25.329221725463867,11.722000122070312,2.1581993103027344,13.450560569763184,33.249595642089844,63.76863098144531,1.4199999570846558,13.369999885559082,108.53723907470703,92.97747039794922,31.65999984741211,20.019113540649414,57.89897537231445
2016-12-02,25.30666732788086,37.016998291015625,91.1907730102539,17.221342086791992,159.38999938964844,13.92151165008545,37.909671783447266,86.81391906738281,63.48466873168945,53.182125091552734,19.194000244140625,22.652240753173828,26.35746955871582,12.081000328063965,2.1781458854675293,13.6029052734375,34.02037811279297,64.18927001953125,1.4299999475479126,13.350000381469727,110.09636688232422,92.2353515625,31.670000076293945,20.07859992980957,57.766231536865234
2016-12-05,25.124757766723633,37.96799850463867,94.06048583984375,17.71616554260254,160.2100067138672,14.327779769897461,38.592037200927734,86.79841613769531,64.77613830566406,54.052799224853516,19.576000213623047,22.769052505493164,26.278976440429688,11.916000366210938,2.262612819671631,13.799352645874023,34.02037811279297,64.64888763427734,1.4700000286102295,13.979999542236328,110.95569610595703,92.81167602539062,33.189998626708984,19.812313079833984,58.05824279785156
2016-12-06,25.318180084228516,38.236000061035156,93.86856842041016,17.975738525390625,161.33999633789062,14.34583568572998,38.49087142944336,86.89149475097656,65.11070251464844,53.81044387817383,19.85700035095215,22.719558715820312,25.956687927246094,12.456999778747559,2.299797296524048,14.136117935180664,33.9333381652832,64.5865707397461,1.5299999713897705,14.25,110.55670928955078,93.06431579589844,33.63999938964844,19.931291580200195,58.111331939697266
2016-12-07,25.56687355041504,38.520999908447266,94.63626098632812,18.308320999145508,164.69000244140625,13.930541038513184,39.249107360839844,86.14705657958984,65.40632629394531,55.08502197265625,19.844999313354492,23.299667358398438,26.42833137512207,12.538999557495117,2.3411684036254883,14.112065315246582,34.46792984008789,65.57588958740234,1.559999942779541,14.550000190734863,112.79102325439453,95.89066314697266,34.38999938964844,20.142423629760742,58.449825286865234
2016-12-08,25.817867279052734,38.36650085449219,94.234130859375,18.616575241088867,164.11000061035156,14.08401870727539,39.43259048461914,86.06177520751953,66.2232437133789,54.76189422607422,20.097999572753906,23.13929557800293,26.62485122680664,12.324000358581543,2.302013635635376,14.019851684570312,34.39333724975586,65.04617309570312,1.5299999713897705,14.84000015258789,112.73580932617188,96.95647430419922,35.34000015258789,20.068241119384766,58.61573791503906
2016-12-09,26.2392635345459,38.43299865722656,93.82286834716797,18.730138778686523,164.86000061035156,14.219441413879395,40.14073181152344,87.04653930664062,66.51109313964844,55.62358093261719,20.097000122070312,23.064064025878906,25.775876998901367,12.288000106811523,2.2611348628997803,14.452838897705078,34.5673828125,65.72390747070312,1.4299999475479126,15.420000076293945,112.59461212158203,97.0906753540039,34.189998626708984,19.994060516357422,59.067012786865234
2016-12-12,26.08958625793457,38.00600051879883,94.04219055175781,18.340768814086914,166.1199951171875,13.867340087890625,40.06386947631836,89.45026397705078,65.91980743408203,55.80308532714844,20.187000274658203,23.25412940979004,25.626522064208984,12.282999992370605,2.2062196731567383,14.292473793029785,34.92168426513672,66.31591796875,1.3700000047683716,15.539999961853027,114.245849609375,96.20645141601562,33.279998779296875,20.447696685791016,60.381103515625
2016-12-13,26.524797439575195,38.71699905395508,95.6324234008789,18.340768814086914,166.6199951171875,13.578436851501465,40.43281936645508,89.8612289428711,65.9431381225586,56.530128479003906,20.444000244140625,23.564983367919922,26.62485122680664,12.378000259399414,2.2451276779174805,14.332564353942871,34.8781852722168,66.35490417480469,1.340000033378601,15.350000381469727,115.04993438720703,97.16172790527344,32.34000015258789,20.484779357910156,61.442996978759766
2016-12-14,26.524797439575195,38.441001892089844,94.7093505859375,18.389440536499023,165.05999755859375,13.226336479187012,40.55928039550781,89.16336059570312,65.91980743408203,56.2608642578125,19.958999633789062,22.972986221313477,24.90332794189453,12.343999862670898,2.375152111053467,14.075984001159668,33.97064971923828,65.72390747070312,1.3700000047683716,14.579999923706055,111.27487182617188,95.57488250732422,32.2599983215332,20.35354232788086,60.11562728881836
2016-12-15,26.66986656188965,38.04999923706055,95.98884582519531,18.786922454833984,165.72999572753906,13.190221786499023,40.44820022583008,89.8612289428711,66.90786743164062,56.17109680175781,20.155000686645508,23.170974731445312,24.298032760620117,12.5,2.4308063983917236,14.236348152160645,33.59145736694336,65.96539306640625,1.3799999952316284,14.920000076293945,110.48920440673828,96.30119323730469,31.219999313354492,20.279359817504883,60.32136535644531
2016-12-16,26.70440673828125,37.88850021362305,97.09468841552734,18.381328582763672,164.75999450683594,12.48602294921875,40.16007995605469,89.8534927368164,66.08318328857422,55.91978454589844,20.040000915527344,23.541227340698242,24.88759994506836,12.42199993133545,2.4726693630218506,14.280445098876953,34.480350494384766,65.96539306640625,1.3200000524520874,15.010000228881836,111.28102111816406,95.52750396728516,30.559999465942383,20.25084114074707,60.51384353637695
2016-12-19,26.858686447143555,38.29999923706055,100.73208618164062,18.235319137573242,165.35000610351562,12.233232498168945,40.291988372802734,89.96204376220703,66.46440887451172,57.10458755493164,20.31800079345703,23.604572296142578,24.98193359375,12.545000076293945,2.502714157104492,14.196256637573242,35.636539459228516,65.98876190185547,1.3600000143051147,15.130000114440918,112.10360717773438,96.19065856933594,30.049999237060547,20.422021865844727,60.00944137573242
2016-12-20,26.930068969726562,38.56100082397461,100.26598358154297,18.42188835144043,166.36000061035156,12.783955574035645,40.425880432128906,89.6828842163086,67.3201904296875,57.032798767089844,20.388999938964844,23.620418548583984,24.88759994506836,12.51200008392334,2.589887857437134,14.288467407226562,35.28220748901367,65.87970733642578,1.3300000429153442,15.130000114440918,112.3183822631836,96.05644989013672,30.399999618530273,20.490493774414062,60.01607894897461
2016-12-21,26.955402374267578,38.529998779296875,100.57672882080078,18.35699462890625,165.9499969482422,12.68464469909668,40.27710723876953,89.4114990234375,67.49134826660156,57.032798767089844,20.0310001373291,23.48182487487793,24.80113410949707,12.649999618530273,2.6061415672302246,14.188238143920898,34.9589958190918,65.65377807617188,1.309999942779541,14.84000015258789,109.36588287353516,95.61433410644531,29.920000076293945,20.325014114379883,59.91651916503906
2016-12-22,26.778091430664062,38.31700134277344,100.51276397705078,18.283992767333984,166.02999877929688,12.458939552307129,40.15214920043945,89.51231384277344,67.60027313232422,57.04175567626953,19.618000030517578,23.541227340698242,24.71466064453125,12.557999610900879,2.637662887573242,14.248373985290527,35.01493835449219,65.8017807006836,1.2599999904632568,14.739999771118164,108.18119049072266,95.25908660888672,28.579999923706055,19.85426902770996,60.30809783935547
2016-12-23,26.831058502197266,38.02949905395508,101.19820404052734,18.33265495300293,165.32000732421875,12.467967987060547,40.05891418457031,89.91551971435547,67.72479248046875,56.76350784301758,20.121999740600586,23.606555938720703,25.516469955444336,12.559000015258789,2.7034130096435547,14.320538520812988,35.06466293334961,66.18348693847656,1.2699999809265137,14.729999542236328,108.00320434570312,95.44856262207031,28.420000076293945,19.839996337890625,60.201900482177734
2016-12-27,27.00145149230957,38.56999969482422,101.91104888916016,18.340768814086914,164.9499969482422,12.42282485961914,40.16454315185547,89.87673950195312,67.7870101928711,56.79941177368164,20.148000717163086,23.610519409179688,25.618663787841797,12.835000038146973,2.8890914916992188,14.260401725769043,35.07710647583008,65.90308380126953,1.2999999523162842,15.220000267028809,108.00933074951172,94.25643157958984,28.639999389648438,19.885650634765625,60.22843551635742
2016-12-28,26.886322021484375,38.60649871826172,101.24388122558594,18.1136417388916,163.75,12.251290321350098,39.89873504638672,89.24864959716797,67.2968521118164,56.53912353515625,19.760000228881836,23.491722106933594,25.768022537231445,12.58899974822998,2.690361738204956,14.204272270202637,34.86574172973633,65.49019622802734,1.2799999713897705,14.90999984741211,106.92900085449219,93.49063110351562,28.729999542236328,19.774375915527344,59.92980194091797
2016-12-29,26.879411697387695,38.25749969482422,101.5911865234375,17.84595489501953,163.0500030517578,12.170036315917969,39.81493377685547,89.55107879638672,66.82229614257812,56.45833969116211,19.850000381469727,23.794652938842773,27.725383758544922,12.532999992370605,2.7440454959869385,14.360629081726074,35.329288482666016,65.70831298828125,1.2200000286102295,14.710000038146973,108.02156829833984,92.40115356445312,28.780000686645508,19.76011085510254,59.962974548339844
2016-12-30,26.66986656188965,37.493499755859375,102.54164123535156,17.927064895629883,162.97999572753906,11.908215522766113,39.29770278930664,89.33396911621094,67.13349914550781,55.77616500854492,19.739999771118164,23.6520938873291,26.78207778930664,12.380000114440918,2.6285510063171387,14.376664161682129,35.859561920166016,65.49800872802734,1.2000000476837158,14.739999771118164,109.05896759033203,92.5274658203125,28.479999542236328,19.72017478942871,59.90325164794922
2017-01-03,26.74585723876953,37.68349838256836,100.94229888916016,18.275876998901367,163.8300018310547,12.440878868103027,40.06932830810547,89.82245635986328,67.86479187011719,56.17109680175781,19.784000396728516,23.50558090209961,27.22228240966797,12.74899959564209,2.512070655822754,14.40071964263916,35.86579895019531,65.59148406982422,1.2100000381469727,15.329999923706055,112.09741973876953,93.59326934814453,28.579999923706055,19.588932037353516,60.32136535644531
2017-01-04,26.71591567993164,37.85900115966797,100.45792388916016,18.616575241088867,164.0800018310547,13.38884162902832,40.05742645263672,89.67513275146484,67.9899673461914,55.91978454589844,19.79400062561035,23.57488441467285,27.48169708251953,12.940999984741211,2.570680856704712,14.504959106445312,36.4023323059082,65.8251724243164,1.2999999523162842,15.449999809265137,112.99364471435547,95.6775131225586,29.09000015258789,19.703048706054688,59.65769577026367
2017-01-05,26.851781845092773,39.022499084472656,101.66429138183594,18.397554397583008,163.3000030517578,13.199254989624023,40.31777572631836,90.6134033203125,67.36414337158203,55.91978454589844,19.961000442504883,23.56102180480957,28.74730682373047,13.180999755859375,2.505422353744507,14.857759475708008,37.38178634643555,66.26139831542969,1.2599999904632568,15.619999885559082,113.19003295898438,95.08539581298828,27.559999465942383,19.745849609375,58.768367767333984
2017-01-06,27.151132583618164,39.79949951171875,101.55462646484375,18.397554397583008,163.41000366210938,13.452038764953613,40.92227554321289,90.17916870117188,67.37199401855469,56.40447998046875,19.91699981689453,23.491722106933594,27.843294143676758,13.107000350952148,2.5389139652252197,14.689373970031738,37.33186721801758,66.23802947998047,1.25,15.770000457763672,114.6816635131836,94.84065246582031,27.420000076293945,19.474809646606445,58.73517990112305
2017-01-09,27.399826049804688,39.84600067138672,102.80667877197266,18.29210090637207,162.02000427246094,13.253425598144531,41.01996994018555,90.16363525390625,67.41890716552734,56.22495651245117,19.863000869750977,23.43232536315918,27.79613494873047,13.095000267028809,2.641848564147949,14.633248329162598,37.057373046875,65.74725341796875,1.25,15.289999961853027,114.11693572998047,94.53274536132812,26.899999618530273,19.603200912475586,57.766231536865234
2017-01-10,27.427452087402344,39.79499816894531,102.95289611816406,18.608461380004883,161.47000122070312,14.0388765335083,40.96194839477539,90.07060241699219,67.61447143554688,56.20701217651367,20.077999114990234,23.477861404418945,27.576030731201172,12.98900032043457,2.6219024658203125,14.436798095703125,36.614444732666016,65.03836822509766,1.2400000095367432,15.140000343322754,113.06116485595703,94.54854583740234,27.59000015258789,19.466249465942383,57.029541015625
2017-01-11,27.574832916259766,39.95100021362305,103.71146392822266,18.713918685913086,162.22999572753906,14.327779769897461,41.15287399291992,88.96178436279297,68.12296295166016,56.718631744384766,20.100000381469727,23.642192840576172,27.017906188964844,13.050000190734863,2.589642286300659,14.280445098876953,36.51461410522461,65.24088287353516,1.2599999904632568,15.75,111.71070098876953,94.66697692871094,27.40999984741211,19.551843643188477,57.61357116699219
2017-01-12,27.459693908691406,40.68199920654297,104.89041900634766,18.592235565185547,161.41000366210938,13.786086082458496,41.13650894165039,88.87647247314453,67.46583557128906,56.19804000854492,20.047000885009766,23.660015106201172,27.096513748168945,12.918000221252441,2.547285795211792,14.136117935180664,37.163421630859375,65.31102752685547,1.2300000190734863,15.84000015258789,112.3858871459961,94.45381164550781,27.020000457763672,19.392072677612305,57.30165481567383
2017-01-13,27.411338806152344,40.856998443603516,105.37479400634766,18.665241241455078,161.89999389648438,13.713862419128418,41.2064323425293,88.86095428466797,67.82568359375,56.2788200378418,20.3799991607666,23.570919036865234,27.143672943115234,13.369999885559082,2.5470399856567383,14.324548721313477,36.85150909423828,65.44346618652344,1.25,15.479999542236328,112.95062255859375,94.58800506591797,27.049999237060547,19.152416229248047,57.30830764770508
2017-01-17,27.63239288330078,40.486000061035156,105.93228149414062,17.88650131225586,159.63999938964844,13.596495628356934,41.03385925292969,89.0703353881836,65.3614273071289,56.1262321472168,20.091999053955078,23.80257225036621,27.62319564819336,13.288999557495117,2.489907741546631,14.512974739074707,37.5128059387207,66.37826538085938,1.25,15.59000015258789,113.76087188720703,93.48274230957031,26.950000762939453,19.52045440673828,57.97860336303711
2017-01-18,27.630090713500977,40.374000549316406,112.38455963134766,18.35699462890625,160.49000549316406,13.759001731872559,41.11121368408203,88.93848419189453,65.66654968261719,56.09928894042969,20.250999450683594,23.764951705932617,27.7175235748291,13.326000213623047,2.5352189540863037,14.448830604553223,37.29445266723633,66.68447875976562,1.2300000190734863,15.300000190734863,114.52204895019531,93.78274536132812,26.979999542236328,19.43201446533203,57.26182174682617
2017-01-19,27.58173370361328,40.45199966430664,111.37010192871094,18.275876998901367,159.41000366210938,13.777058601379395,40.880619049072266,88.55079650878906,65.16587829589844,55.91978454589844,19.899999618530273,23.616456985473633,27.45811653137207,13.840999603271484,2.589642286300659,14.284456253051758,36.920108795166016,66.5038833618164,1.1799999475479126,15.09000015258789,112.28157806396484,94.19326782226562,26.190000534057617,19.292217254638672,56.2331428527832
2017-01-20,27.63239288330078,40.416500091552734,111.54376220703125,18.365100860595703,160.2100067138672,14.00275993347168,41.06906509399414,88.51202392578125,65.45532989501953,56.31472396850586,20.155000686645508,23.61250114440918,27.544588088989258,13.859999656677246,2.5613229274749756,14.244363784790039,37.23830032348633,68.66309356689453,1.1799999475479126,15.3100004196167,113.26984405517578,93.8853759765625,26.260000228881836,19.166683197021484,57.00300216674805
2017-01-23,27.650819778442383,40.89400100708008,111.65341186523438,18.30021095275879,158.80999755859375,14.19235897064209,41.87540054321289,88.32595825195312,65.4865951538086,56.5121955871582,20.510000228881836,23.517465591430664,28.20489501953125,13.73900032043457,2.5879180431365967,14.19224739074707,37.59389877319336,68.27837371826172,1.1399999856948853,14.760000228881836,113.558349609375,93.38798522949219,26.079999923706055,19.015474319458008,56.39241027832031
2017-01-24,27.62548828125,41.12200164794922,112.00070190429688,18.616575241088867,160.72000122070312,15.366023063659668,42.12831115722656,86.65882873535156,66.27674102783203,57.01484298706055,20.29599952697754,23.523401260375977,28.330671310424805,14.01099967956543,2.643080472946167,13.947689056396484,37.29445266723633,68.98501586914062,1.159999966621399,14.920000076293945,113.03042602539062,92.8748550415039,26.639999389648438,19.229446411132812,56.47207260131836
2017-01-25,28.065305709838867,41.82600021362305,112.21089935302734,18.957271575927734,164.25,14.896557807922363,42.57065200805664,87.46525573730469,67.30154418945312,57.15846252441406,20.329999923706055,23.564983367919922,27.473831176757812,13.95199966430664,2.6544079780578613,14.112065315246582,37.19463348388672,68.43539428710938,1.1299999952316284,15.300000190734863,111.96236419677734,93.99590301513672,27.020000457763672,19.083942413330078,56.637969970703125
2017-01-26,28.07912254333496,41.95750045776367,110.70292663574219,19.01405143737793,164.9199981689453,14.300694465637207,42.49775695800781,86.72085571289062,67.86479187011719,57.68803787231445,20.1299991607666,23.511516571044922,26.87641143798828,13.895999908447266,2.700211763381958,14.04390811920166,37.31315994262695,67.9957046508789,1.1299999952316284,15.180000305175781,111.77210235595703,93.9327392578125,26.40999984741211,19.038297653198242,56.81052780151367
2017-01-27,28.081424713134766,41.78850173950195,111.287841796875,18.94915771484375,164.39999389648438,14.779191970825195,41.9051513671875,87.91499328613281,68.005615234375,59.04340362548828,19.95800018310547,24.030261993408203,27.02577018737793,14.244999885559082,2.7524187564849854,14.344590187072754,37.08232116699219,68.08993530273438,1.1200000047683716,14.899999618530273,110.18842315673828,92.12483215332031,25.93000030517578,18.733022689819336,56.75081253051758
2017-01-30,28.007734298706055,41.51900100708008,111.23302459716797,18.616575241088867,164.8000030517578,14.670852661132812,40.853843688964844,87.72113800048828,67.30154418945312,58.4599609375,19.945999145507812,24.244096755981445,27.48955535888672,14.121999740600586,2.7093234062194824,14.308511734008789,37.12054443359375,68.11348724365234,1.059999942779541,13.850000381469727,109.1019287109375,91.63533020019531,26.049999237060547,18.949846267700195,56.31942367553711
2017-01-31,27.943260192871094,41.17399978637695,110.94971466064453,18.365100860595703,164.13999938964844,15.031977653503418,40.67333221435547,87.8141860961914,66.2063217163086,58.02910232543945,20.1299991607666,24.495546340942383,28.519330978393555,14.071000099182129,2.6886379718780518,14.500946044921875,37.33338928222656,68.78084564208984,1.059999942779541,13.970000267028809,112.8033447265625,91.38270568847656,26.540000915527344,19.041149139404297,55.67565155029297
2017-02-01,29.64725685119629,41.61750030517578,110.86743927001953,18.567901611328125,163.61000061035156,15.203518867492676,40.42786407470703,87.79869842529297,66.45664978027344,57.068695068359375,19.650999069213867,24.277748107910156,28.197040557861328,14.07800006866455,2.806102752685547,14.709421157836914,36.506961822509766,68.56890106201172,1.0199999809265137,13.989999771118164,111.42835235595703,90.99586486816406,26.229999542236328,18.895648956298828,55.04515838623047
2017-02-02,29.596601486206055,41.997501373291016,112.17433166503906,18.43000030517578,163.0,15.176431655883789,40.57762145996094,88.06228637695312,66.17503356933594,56.700679779052734,19.149999618530273,24.444063186645508,28.83378028869629,13.920000076293945,2.8415629863739014,13.422493934631348,37.20191955566406,68.90647888183594,0.9200000166893005,13.739999771118164,112.30615997314453,90.41954040527344,26.229999542236328,19.02973175048828,55.38364028930664
2017-02-03,29.72323989868164,40.5099983215332,112.4211196899414,18.892372131347656,163.94000244140625,14.291664123535156,40.670352935791016,88.11659240722656,68.20118713378906,57.15846252441406,19.54800033569336,24.59255599975586,28.89665412902832,14.024999618530273,2.8166916370391846,13.663045883178711,37.452362060546875,68.6316909790039,0.9399999976158142,13.970000267028809,113.76087188720703,90.88534545898438,26.31999969482422,18.972681045532227,55.4433708190918
2017-02-06,30.001873016357422,40.38199996948242,111.70825958251953,18.754467010498047,163.4199981689453,14.445145606994629,40.74425506591797,87.93048858642578,67.88047790527344,57.122554779052734,19.030000686645508,24.523263931274414,29.824249267578125,14.097000122070312,2.8888449668884277,13.522723197937012,37.452362060546875,68.62383270263672,0.9300000071525574,13.539999961853027,111.75983428955078,89.45637512207031,26.190000534057617,18.944149017333984,55.29072189331055
2017-02-07,30.287399291992188,40.625,112.64957427978516,18.57600975036621,162.92999267578125,14.01179313659668,41.12163162231445,87.99252319335938,67.84133911132812,56.934043884277344,18.798999786376953,24.61631202697754,29.336862564086914,14.399999618530273,2.933664560317993,13.382407188415527,37.6589469909668,69.10277557373047,0.8999999761581421,13.470000267028809,109.91217803955078,89.24321746826172,25.989999771118164,19.083942413330078,54.93233871459961
2017-02-08,30.40484046936035,40.98550033569336,113.40812683105469,18.389440536499023,162.8699951171875,14.020819664001465,41.153865814208984,87.93048858642578,67.24681091308594,56.85326385498047,18.749000549316406,25.006366729736328,29.753498077392578,14.473999977111816,2.920858144760132,13.490652084350586,37.87808609008789,69.35404205322266,0.8799999952316284,13.359999656677246,110.8697738647461,89.42478942871094,26.65999984741211,19.346420288085938,54.570674896240234
2017-02-09,30.624553680419922,41.06800079345703,113.8011245727539,18.754467010498047,164.0399932861328,13.894423484802246,41.16279220581055,88.457763671875,68.21684265136719,57.49954605102539,19.000999450683594,24.67967414855957,29.242544174194336,14.413999557495117,2.865943670272827,13.823406219482422,37.92819595336914,69.62100982666016,0.8500000238418579,13.1899995803833,111.71070098876953,88.3589859008789,26.8700008392334,19.708757400512695,54.81178283691406
2017-02-10,30.5551700592041,41.37300109863281,114.10271453857422,18.72202491760254,164.00999450683594,14.264581680297852,41.40032958984375,89.35724639892578,68.06037139892578,57.445682525634766,18.934999465942383,24.84202766418457,29.596281051635742,14.482000350952148,2.797976016998291,13.831424713134766,38.36641311645508,69.0713882446289,1.1799999475479126,13.350000381469727,112.86353302001953,89.12479400634766,27.440000534057617,19.406339645385742,55.267208099365234
2017-02-13,30.825754165649414,41.826499938964844,115.61070251464844,18.981603622436523,165.85000610351562,14.409032821655273,41.60414505004883,89.8534927368164,68.96003723144531,58.09194564819336,19.134000778198242,24.94696044921875,29.384035110473633,14.319999694824219,2.668938159942627,13.867511749267578,38.579288482666016,69.33834075927734,1.100000023841858,13.399999618530273,112.5970458984375,90.10376739501953,27.09000015258789,19.33500862121582,55.58866500854492
2017-02-14,31.22585105895996,41.81949996948242,115.38219451904297,19.516979217529297,166.9499969482422,14.354864120483398,41.65719985961914,90.2256851196289,70.06307983398438,58.30867004394531,19.298999786376953,24.94696044921875,29.156064987182617,14.081999778747559,2.6787872314453125,13.851472854614258,38.05337142944336,68.98501586914062,1.1100000143051147,13.609999656677246,112.1445541381836,90.37217712402344,27.610000610351562,19.588932037353516,55.468135833740234
2017-02-15,31.339162826538086,42.1349983215332,116.30524444580078,19.938793182373047,167.27999877929688,13.87636947631836,41.5228157043457,90.87700653076172,70.86883544921875,58.27254867553711,19.415000915527344,24.80638885498047,29.108898162841797,14.22700023651123,2.6842052936553955,13.939672470092773,37.76539993286133,71.54466247558594,1.0800000429153442,13.369999885559082,110.65708923339844,89.69320678710938,27.31999969482422,19.59749412536621,55.69585037231445
2017-02-16,31.302169799804688,42.207000732421875,116.31440734863281,19.938793182373047,167.74000549316406,13.605522155761719,41.763328552246094,91.55937194824219,70.82190704345703,58.26352310180664,19.26799964904785,24.984582901000977,29.533390045166016,14.201000213623047,2.6411099433898926,14.208281517028809,37.92819595336914,71.28557586669922,1.1399999856948853,13.170000076293945,111.0537338256836,89.48796844482422,26.920000076293945,19.648845672607422,55.119873046875
2017-02-17,31.387733459472656,42.253501892089844,115.95795440673828,19.890125274658203,168.57000732421875,13.46107006072998,41.980525970458984,92.16417694091797,70.58724212646484,58.35382080078125,19.28700065612793,25.117237091064453,29.09317970275879,14.222000122070312,2.640617847442627,14.216300964355469,38.065921783447266,71.5211181640625,1.1100000143051147,13.15999984741211,112.23751068115234,89.76427459716797,27.479999542236328,19.791500091552734,54.758216857910156
2017-02-21,31.614383697509766,42.821998596191406,116.60685729980469,20.10103416442871,168.9199981689453,12.756872177124023,42.11541748046875,92.78450775146484,71.19740295410156,58.236427307128906,19.579999923706055,25.39442253112793,29.431196212768555,14.260000228881836,2.735179901123047,14.180215835571289,38.516700744628906,71.97652435302734,1.159999966621399,13.470000267028809,114.76007843017578,90.23798370361328,27.649999618530273,20.384929656982422,54.845272064208984
2017-02-22,31.709186553955078,42.78049850463867,113.17053985595703,20.10913848876953,169.61000061035156,12.395743370056152,42.21905517578125,92.67596435546875,71.2365493774414,58.119041442871094,19.459999084472656,25.430065155029297,28.299236297607422,14.38599967956543,2.7309887409210205,14.132108688354492,38.27879333496094,71.79592895507812,1.1699999570846558,13.279999732971191,114.4749755859375,90.31692504882812,27.729999542236328,20.459108352661133,54.20232009887695
2017-02-23,31.575063705444336,42.609500885009766,113.12483215332031,19.938793182373047,170.14999389648438,12.170036315917969,42.201210021972656,94.3663101196289,71.29129028320312,58.35382080078125,19.329999923706055,25.574596405029297,28.18917465209961,14.277999877929688,2.4777629375457764,14.344590187072754,39.35561752319336,71.55252075195312,1.2000000476837158,14.3100004196167,114.65469360351562,90.4669189453125,26.299999237060547,20.344980239868164,54.7716064453125
2017-02-24,31.605117797851562,42.262001037597656,111.982421875,19.654878616333008,170.22000122070312,11.962387084960938,42.04301452636719,95.79471588134766,70.66544342041016,58.35382080078125,19.433000564575195,26.12784194946289,28.36212158203125,14.324999809265137,2.501680850982666,14.272424697875977,39.562252044677734,71.48970794677734,1.1299999952316284,13.75,114.22084045410156,89.81951904296875,26.8799991607666,20.65311050415039,54.30278396606445
2017-02-27,31.667583465576172,42.43199920654297,112.32056427001953,19.930683135986328,170.6300048828125,11.980443000793457,42.135257720947266,95.53711700439453,70.7436752319336,58.001644134521484,19.441999435424805,25.910369873046875,26.703474044799805,14.340999603271484,2.574418306350708,14.328558921813965,39.66338348388672,71.36405944824219,1.100000023841858,14.15999984741211,115.48526000976562,90.19059753417969,26.790000915527344,20.4676570892334,54.61086654663086
2017-02-28,31.681453704833984,42.25199890136719,111.2147216796875,20.019912719726562,171.4199981689453,12.097811698913574,41.90019607543945,95.38880157470703,70.89230346679688,57.775882720947266,19.187999725341797,26.13581657409668,26.915712356567383,14.213000297546387,2.5021731853485107,14.16418170928955,38.49496078491211,71.50540161132812,1.0800000429153442,13.819999694824219,114.28904724121094,89.3300552368164,26.030000686645508,20.236568450927734,54.46352005004883
2017-03-01,32.32899856567383,42.65399932861328,112.84151458740234,20.748132705688477,177.27999877929688,12.630474090576172,42.486351013183594,96.67668914794922,73.22358703613281,58.64280700683594,19.378000259399414,25.8185977935791,27.05719757080078,14.265000343322754,2.534473419189453,14.04390811920166,38.06781005859375,71.96866607666016,1.0700000524520874,14.050000190734863,113.12382507324219,90.58533477783203,25.479999542236328,20.099624633789062,55.60207748413086
2017-03-02,32.13704299926758,42.445499420166016,111.10506439208984,20.5284423828125,175.88999938964844,12.016555786132812,42.1441764831543,96.49717712402344,72.08141326904297,57.802982330322266,19.023000717163086,26.123849868774414,26.412607192993164,13.95300006866455,2.4410245418548584,13.887555122375488,38.042667388916016,71.37977600097656,1.0700000524520874,13.899999618530273,112.26850891113281,89.51953887939453,26.93000030517578,20.188066482543945,55.789608001708984
2017-03-03,32.326683044433594,42.49399948120117,112.3936996459961,20.69931411743164,175.67999267578125,11.91724681854248,42.105995178222656,96.62207794189453,72.59773254394531,58.01971435546875,19.0,26.095914840698242,26.78207778930664,13.913999557495117,2.4269704818725586,13.903589248657227,37.904476165771484,71.057861328125,1.0700000524520874,13.529999732971191,111.19007873535156,89.48005676269531,26.059999465942383,19.97978973388672,55.22701644897461
2017-03-06,32.22493362426758,42.330501556396484,111.1324691772461,20.544713973999023,175.39999389648438,11.64639663696289,42.0162353515625,96.55961608886719,71.90931701660156,58.03776550292969,18.795000076293945,26.06399154663086,25.948823928833008,14.194000244140625,2.408231258392334,13.598897933959961,37.48360824584961,70.9557876586914,1.0499999523162842,13.050000190734863,110.81820678710938,89.14059448242188,25.68000030517578,19.937000274658203,55.47481918334961
2017-03-07,32.266563415527344,42.30099868774414,109.6519546508789,20.51216697692871,175.3000030517578,11.456809043884277,42.20864486694336,96.65328216552734,71.51036071777344,58.155147552490234,18.756999969482422,26.06598663330078,25.964563369750977,14.142999649047852,2.4346141815185547,13.37839412689209,37.59038543701172,70.89297485351562,1.0700000524520874,12.779999732971191,109.88231658935547,88.93531036376953,25.40999984741211,19.93415069580078,55.267208099365234
2017-03-08,32.14628219604492,42.525001525878906,110.35565185546875,20.5528564453125,174.97000122070312,11.231100082397461,42.33212661743164,96.86402130126953,71.35387420654297,58.68794250488281,18.916000366210938,25.8245792388916,25.893712997436523,14.031999588012695,2.430175304412842,13.222040176391602,36.246070861816406,70.77520751953125,1.059999942779541,12.399999618530273,108.27090454101562,88.26425170898438,24.75,20.060604095458984,54.269290924072266
2017-03-09,32.07228088378906,42.650001525878906,110.8125991821289,20.62607765197754,175.3699951171875,11.194988250732422,42.5404052734375,98.3080062866211,71.63550567626953,58.45315933227539,18.761999130249023,25.68692398071289,25.6653995513916,14.053000450134277,2.429682731628418,13.410470962524414,35.90056610107422,70.93223571777344,0.949999988079071,11.989999771118164,104.94261169433594,88.57215118408203,24.719999313354492,20.07784652709961,54.69792556762695
2017-03-10,32.17866516113281,42.62300109863281,114.23980712890625,20.59353256225586,174.97999572753906,11.167901992797852,42.71744918823242,98.51094055175781,71.40864562988281,58.63378143310547,18.69700050354004,25.948278427124023,25.933073043823242,14.08899974822998,2.443983316421509,13.586870193481445,36.05134201049805,71.50540161132812,1.0099999904632568,12.260000228881836,104.2298812866211,88.94322204589844,25.170000076293945,20.14682388305664,54.65774917602539
2017-03-13,32.19255065917969,42.72949981689453,113.4995346069336,20.585397720336914,175.38999938964844,11.33944034576416,42.8746452331543,98.87781524658203,71.47122192382812,58.43509292602539,18.885000228881836,26.02808380126953,25.996061325073242,14.35200023651123,2.5112955570220947,13.562814712524414,36.32146072387695,71.6938705444336,1.0,12.609999656677246,104.55213165283203,89.52743530273438,24.209999084472656,20.103715896606445,54.530487060546875
2017-03-14,32.143978118896484,42.62649917602539,113.31674194335938,20.601673126220703,174.72999572753906,11.077620506286621,42.94060134887695,99.1666030883789,71.58854675292969,58.16419219970703,18.86199951171875,26.05002784729004,25.507949829101562,14.319000244140625,2.5095713138580322,13.522723197937012,36.27119445800781,71.45045471191406,1.0299999713897705,12.40999984741211,103.64724731445312,88.49319458007812,23.860000610351562,20.32501220703125,54.24249267578125
2017-03-15,32.48393249511719,42.64849853515625,115.21771240234375,20.487762451171875,174.6699981689453,11.637371063232422,43.06357955932617,100.65740966796875,71.76068115234375,58.47121810913086,19.00200080871582,26.31537628173828,26.846324920654297,14.524999618530273,2.5285561084747314,13.566824913024902,37.20719909667969,71.76451110839844,1.0299999713897705,12.979999542236328,105.36407470703125,89.40111541748047,24.09000015258789,20.284780502319336,54.918941497802734
2017-03-16,32.53715133666992,42.67100143432617,115.3273696899414,20.520309448242188,174.0800018310547,11.574175834655762,43.1434211730957,100.26715850830078,71.69023895263672,58.37188720703125,19.104999542236328,25.91636085510254,25.830724716186523,14.439000129699707,2.5596237182617188,13.703133583068848,37.100406646728516,71.79592895507812,1.1200000047683716,12.529999732971191,104.99217224121094,89.40111541748047,23.969999313354492,20.244537353515625,54.9658203125
2017-03-17,32.37526321411133,42.615501403808594,116.89017486572266,20.227392196655273,172.82000732421875,11.520004272460938,43.26094436645508,99.95491790771484,70.93925476074219,58.5795783996582,19.18600082397461,25.98219108581543,25.854347229003906,14.51099967956543,2.6153483390808105,13.63899040222168,37.60295867919922,71.45045471191406,1.2000000476837158,12.470000267028809,104.13689422607422,88.58793640136719,23.610000610351562,20.086467742919922,54.918941497802734
2017-03-20,32.71521759033203,42.8484992980957,117.22830963134766,19.885658264160156,172.07000732421875,11.492916107177734,43.039772033691406,99.96273803710938,70.43074798583984,58.63378143310547,19.242000579833984,25.914363861083984,26.421188354492188,14.583000183105469,2.698688268661499,13.723180770874023,37.351688385009766,71.6231689453125,1.2200000286102295,12.220000267028809,104.19265747070312,88.42215728759766,23.18000030517578,20.112337112426758,54.918941497802734
2017-03-21,32.3405647277832,42.15999984741211,115.4461669921875,18.73027992248535,169.47000122070312,11.348468780517578,42.15856170654297,99.32270050048828,68.36549377441406,57.983577728271484,18.798999786376953,26.305402755737305,26.79121208190918,14.241999626159668,2.611403226852417,13.502677917480469,37.71602249145508,71.59963989257812,1.190000057220459,12.210000038146973,104.71949005126953,87.9405746459961,22.579999923706055,20.089344024658203,54.805076599121094
2017-03-22,32.705955505371094,42.40299987792969,117.82234191894531,18.665184020996094,169.3000030517578,11.610284805297852,42.141700744628906,98.54995727539062,68.47499084472656,58.724063873291016,18.69499969482422,26.417131423950195,26.641624450683594,14.265000343322754,2.6646621227264404,13.590880393981934,37.6531982421875,71.44259643554688,1.2000000476837158,12.279999732971191,102.51305389404297,87.49846649169922,22.709999084472656,20.18993377685547,54.758216857910156
2017-03-23,32.59033203125,42.36899948120117,118.09654235839844,18.77096176147461,169.88999938964844,11.583200454711914,41.63835906982422,98.26899719238281,68.36549377441406,58.5795783996582,18.641000747680664,26.353281021118164,26.46842384338379,14.184000015258789,2.640497922897339,13.555304527282715,37.48987579345703,71.26984405517578,1.2799999713897705,12.270000457763672,103.8517837524414,87.2458267211914,23.0,20.07784652709961,54.82517623901367
2017-03-24,32.52557373046875,42.28049850463867,120.85657501220703,18.811634063720703,168.66000366210938,11.565144538879395,41.41470718383789,97.94116973876953,68.28724670410156,58.678924560546875,18.61400032043457,26.49492835998535,26.35820198059082,14.20199966430664,2.649867534637451,13.714776992797852,37.351688385009766,71.11283111572266,1.3600000143051147,12.260000228881836,104.09353637695312,87.91687774658203,22.940000534057617,20.006004333496094,54.40324020385742
2017-03-27,32.581085205078125,42.340999603271484,121.27698516845703,18.73841094970703,167.44000244140625,11.023453712463379,41.581825256347656,98.19093322753906,68.2481460571289,58.78727722167969,18.694000244140625,26.155763626098633,26.696733474731445,14.406000137329102,2.6691009998321533,13.97647762298584,37.106689453125,71.04999542236328,1.399999976158142,12.050000190734863,102.9779052734375,88.2090072631836,23.209999084472656,20.02036476135254,54.41664505004883
2017-03-28,33.256385803222656,42.79999923706055,122.27315521240234,19.10455322265625,168.30999755859375,11.348468780517578,41.68696212768555,98.0816650390625,69.31206512451172,58.95885467529297,18.77400016784668,26.18769645690918,25.980314254760742,14.517000198364258,2.65529203414917,13.947855949401855,36.99362564086914,71.26200866699219,1.5,12.229999542236328,104.15547180175781,88.74586486816406,23.350000381469727,20.210052490234375,54.81178283691406
2017-03-29,33.33039093017578,43.715999603271484,121.46892547607422,18.998775482177734,166.58999633789062,11.483892440795898,42.145172119140625,97.50407409667969,69.05390930175781,59.12139129638672,18.7810001373291,26.04603385925293,26.129892349243164,14.647000312805176,2.6466622352600098,13.980569839477539,37.106689453125,71.13639831542969,1.4800000190734863,12.399999618530273,105.27730560302734,88.59075164794922,24.40999984741211,20.33076286315918,54.93234634399414
2017-03-30,33.28644561767578,43.81700134277344,121.2130126953125,19.421876907348633,167.36000061035156,12.016555786132812,42.12582778930664,97.3011245727539,69.64847564697266,59.338130950927734,18.82900047302246,25.56322479248047,25.925199508666992,14.805999755859375,2.6974544525146484,13.81700325012207,37.15145492553711,70.82229614257812,1.4600000381469727,12.350000381469727,105.38887023925781,88.43807983398438,24.459999084472656,20.575044631958008,56.05751419067383
2017-03-31,33.22400665283203,44.32699966430664,121.3683853149414,19.194055557250977,166.67999267578125,12.061697959899902,42.04252243041992,97.21525573730469,68.717529296875,59.47358322143555,18.780000686645508,25.61110496520996,25.948822021484375,14.781000137329102,2.6858675479888916,14.017369270324707,37.529693603515625,70.54751586914062,1.3799999952316284,12.449999809265137,106.62222290039062,87.28097534179688,23.760000228881836,20.715883255004883,54.92564392089844
2017-04-03,33.23326110839844,44.57550048828125,120.8017349243164,19.194055557250977,166.8699951171875,11.95335865020752,42.486351013183594,97.32453155517578,68.46720123291016,59.193634033203125,18.743000030517578,25.680932998657227,26.680997848510742,14.692000389099121,2.6723053455352783,14.05008602142334,37.6431884765625,70.4140396118164,1.3200000524520874,12.460000038146973,107.88041687011719,87.20063018798828,23.200000762939453,20.64402198791504,54.9658203125
2017-04-04,33.480716705322266,45.34149932861328,121.31352996826172,19.07200813293457,166.86000061035156,12.224205017089844,42.2790641784668,97.31671905517578,68.69535064697266,59.35619354248047,18.625,25.844526290893555,26.91718101501465,14.550000190734863,2.4849135875701904,14.74113941192627,37.64949035644531,70.59461212158203,1.2999999523162842,12.539999961853027,105.7111587524414,86.79080963134766,22.489999771118164,20.69576072692871,55.166744232177734
2017-04-05,33.30726623535156,45.4640007019043,119.750732421875,18.852317810058594,165.8300018310547,12.133920669555664,42.097564697265625,97.410400390625,67.81413269042969,59.20266342163086,18.410999298095703,26.06399154663086,27.011653900146484,14.362000465393066,2.466421365737915,14.5939302444458,37.66841125488281,70.64173126220703,2.25,12.4399995803833,105.54381561279297,85.28819274902344,22.010000228881836,20.592296600341797,55.273895263671875
2017-04-06,33.22400665283203,44.91400146484375,119.70504760742188,18.925548553466797,166.47000122070312,12.24226188659668,41.90863037109375,97.60552215576172,68.04231262207031,59.35619354248047,18.349000930786133,25.888423919677734,26.901426315307617,14.37399959564209,2.4844210147857666,14.458993911743164,37.93320083618164,70.1941909790039,2.140000104904175,12.619999885559082,105.2401123046875,84.77392578125,22.309999465942383,20.52906608581543,55.59539031982422
2017-04-07,33.149993896484375,44.74399948120117,119.8878173828125,18.844188690185547,166.1699981689453,12.070725440979004,41.759849548339844,97.50407409667969,67.8062744140625,59.31104278564453,18.280000686645508,25.722827911376953,27.011653900146484,14.310999870300293,2.473818063735962,14.475345611572266,37.98991775512695,70.0606918334961,2.0299999713897705,12.430000305175781,105.24630737304688,85.1033706665039,22.329999923706055,20.95154571533203,55.427940368652344
2017-04-10,33.11069107055664,45.35200119018555,118.7271499633789,18.73027992248535,166.35000610351562,12.20615005493164,41.740020751953125,97.05135345458984,67.57025146484375,59.175575256347656,18.479000091552734,25.82258415222168,27.247835159301758,14.385000228881836,2.4106969833374023,14.659356117248535,38.29883575439453,70.26483917236328,2.450000047683716,12.75,106.28755187988281,85.15962219238281,22.389999389648438,20.997533798217773,55.675758361816406
2017-04-11,32.7545280456543,45.11800003051758,118.6357650756836,18.648908615112305,165.6999969482422,12.296430587768555,41.64976501464844,96.95769500732422,67.45220184326172,59.13042449951172,18.566999435424805,25.800643920898438,27.657230377197266,14.4350004196167,2.4193267822265625,14.72887134552002,38.71491241455078,70.50823974609375,2.640000104904175,12.529999732971191,107.44034576416016,85.49711608886719,22.81999969482422,21.10387420654297,55.48151779174805
2017-04-12,32.79384994506836,44.811500549316406,117.90462493896484,18.42922019958496,165.11000061035156,11.628342628479004,41.72811508178711,97.87873077392578,67.19258117675781,58.90467834472656,18.392000198364258,26.03804588317871,27.617868423461914,14.383000373840332,2.399354934692383,14.782031059265137,38.69601058959961,70.90867614746094,2.319999933242798,12.069999694824219,107.39695739746094,84.7257080078125,22.850000381469727,21.106748580932617,55.56858444213867
2017-04-13,32.62039566040039,44.23350143432617,117.32884979248047,18.176986694335938,162.89999389648438,11.483892440795898,41.664642333984375,97.55867767333984,66.40577697753906,58.651817321777344,18.160999298095703,26.089927673339844,27.16123390197754,14.291999816894531,2.354480266571045,14.6184663772583,38.74015426635742,70.68882751464844,2.240000009536743,11.720000267028809,107.74402618408203,83.71324920654297,22.420000076293945,21.023395538330078,54.7113151550293
2017-04-17,32.800785064697266,45.0994987487793,118.96475982666016,18.559404373168945,164.35000610351562,11.510976791381836,42.4060173034668,98.12849426269531,67.55450439453125,59.13042449951172,18.42300033569336,26.117860794067383,27.23208999633789,14.725000381469727,2.446695566177368,14.757493019104004,38.96711730957031,70.97148895263672,2.2899999618530273,11.779999732971191,108.1965103149414,85.2721176147461,22.719999313354492,21.121122360229492,54.63765335083008
2017-04-18,32.65509033203125,45.18899917602539,119.4034423828125,18.47804069519043,163.69000244140625,11.258185386657715,42.3494873046875,95.08441925048828,67.00376892089844,59.049156188964844,18.541000366210938,26.323362350463867,27.019527435302734,14.336000442504883,2.4481751918792725,14.798382759094238,39.12470626831055,71.2934341430664,2.25,11.640000343322754,108.29570770263672,84.62928009033203,22.790000915527344,21.236072540283203,54.282684326171875
2017-04-19,32.534820556640625,44.959999084472656,115.96711730957031,18.5024471282959,162.75999450683594,11.149848937988281,42.474449157714844,94.7331771850586,66.45296478271484,58.73308563232422,18.5939998626709,26.235576629638672,26.38968849182129,13.97599983215332,2.457791566848755,14.847455978393555,39.07426834106445,70.8899154663086,2.2200000286102295,11.270000457763672,108.10974884033203,84.06678771972656,23.1299991607666,21.28780746459961,53.907630920410156
2017-04-20,32.941856384277344,45.10300064086914,118.8551025390625,18.77096176147461,164.97999572753906,11.294300079345703,42.6514892578125,95.12344360351562,67.31059265136719,59.14849090576172,18.81100082397461,26.109874725341797,26.507789611816406,14.118000030517578,2.4967494010925293,14.884257316589355,39.1309928894043,70.67630767822266,2.2200000286102295,11.380000114440918,108.29570770263672,85.17569732666016,23.489999771118164,21.497608184814453,54.25589370727539
2017-04-21,32.902549743652344,44.92649841308594,118.8368148803711,18.47804069519043,163.41000366210938,11.041507720947266,42.5954475402832,95.03758239746094,66.50017547607422,59.96123123168945,18.759000778198242,26.538829803466797,26.86994171142578,14.286999702453613,2.5071048736572266,14.671622276306152,38.92926788330078,70.1145248413086,2.119999885559082,11.300000190734863,106.59123992919922,85.6417465209961,23.239999771118164,21.5378475189209,54.04157257080078
2017-04-24,33.219390869140625,45.37049865722656,121.97157287597656,19.226604461669922,165.77999877929688,11.041507720947266,43.58626174926758,95.91958618164062,68.8448257446289,60.98163604736328,19.066999435424805,26.48495864868164,26.539287567138672,14.383000373840332,2.538418769836426,14.941503524780273,37.8764533996582,70.85034942626953,2.1700000762939453,11.369999885559082,104.70713806152344,85.97119140625,23.440000534057617,21.491863250732422,54.32286834716797
2017-04-25,33.42520523071289,45.38100051879883,122.68441009521484,19.511381149291992,167.52999877929688,11.826964378356934,44.077693939208984,96.341064453125,69.44280242919922,61.33381652832031,19.06800079345703,26.518875122070312,25.893712997436523,15.215999603271484,2.5825538635253906,15.162315368652344,37.71885681152344,71.20638275146484,2.309999942779541,11.460000038146973,104.14929962158203,87.36133575439453,23.309999465942383,21.569459915161133,54.73810958862305
2017-04-26,33.228641510009766,45.464500427246094,121.05766296386719,19.438156127929688,167.6300048828125,12.188093185424805,44.09257888793945,96.40351104736328,69.57659149169922,61.25254440307617,19.301000595092773,26.500917434692383,25.964563369750977,15.017000198364258,2.564802408218384,15.276806831359863,37.32797622680664,69.41830444335938,2.3399999141693115,11.449999809265137,102.28993225097656,88.31755065917969,23.700000762939453,21.678672790527344,54.51707458496094
2017-04-27,33.25407028198242,45.91899871826172,121.50545501708984,19.242874145507812,166.5500030517578,11.745709419250488,44.206626892089844,96.58302307128906,68.9313735961914,61.64988708496094,19.249000549316406,26.638582229614258,25.909460067749023,15.307999610900879,2.6047463417053223,15.857457160949707,37.61331558227539,69.3787612915039,2.3299999237060547,11.0600004196167,104.0439224243164,87.915771484375,23.149999618530273,21.681547164916992,54.42331314086914
2017-04-28,33.22169876098633,46.2495002746582,121.696533203125,18.990642547607422,165.2100067138672,11.510976791381836,45.847076416015625,96.37226104736328,68.45143127441406,61.821468353271484,19.017000198364258,26.64656639099121,26.61800765991211,15.220000267028809,2.5717062950134277,15.816568374633789,36.91737365722656,69.09394073486328,2.240000009536743,11.029999732971191,102.42625427246094,86.89527893066406,22.8799991607666,21.606826782226562,54.68452453613281
2017-05-01,33.89931106567383,47.4114990234375,122.6287612915039,19.210330963134766,165.44000244140625,11.321381568908691,46.258670806884766,96.27082061767578,68.49864959716797,62.679351806640625,19.135000228881836,26.54281997680664,25.728382110595703,15.53499984741211,2.6294028759002686,15.661185264587402,37.2147216796875,68.9040298461914,2.299999952316284,10.65999984741211,104.50257110595703,87.02384185791016,22.81999969482422,21.621192932128906,54.959129333496094
2017-05-02,34.11438751220703,47.34700012207031,124.59474182128906,19.14523696899414,166.0500030517578,11.483892440795898,46.47041702270508,96.55180358886719,68.05802917480469,62.58003234863281,18.801000595092773,26.738340377807617,25.988187789916992,15.645000457763672,2.5514864921569824,15.918790817260742,37.35390090942383,68.21571350097656,2.2699999809265137,10.420000076293945,104.61414337158203,87.77918243408203,23.280000686645508,21.70453453063965,54.952423095703125
2017-05-03,34.01032638549805,47.05149841308594,123.83787536621094,19.340513229370117,166.72999572753906,10.851916313171387,47.03377151489258,96.26303100585938,68.45143127441406,62.38134002685547,18.784000396728516,26.606664657592773,25.736255645751953,15.559000015258789,2.5704734325408936,16.80612564086914,36.58835983276367,68.38188171386719,2.2100000381469727,10.760000228881836,102.63078308105469,87.48186492919922,23.450000762939453,21.773515701293945,55.38776397705078
2017-05-04,33.88774871826172,46.87649917602539,124.65930938720703,19.405607223510742,166.33999633789062,10.544957160949707,47.344696044921875,96.74694061279297,68.53011322021484,62.13752746582031,18.91699981689453,26.80217933654785,25.413469314575195,15.725000381469727,2.560610294342041,17.022842407226562,35.291351318359375,68.39769744873047,2.140000104904175,10.34000015258789,102.52540588378906,87.71489715576172,23.040000915527344,21.94020652770996,54.67782974243164
2017-05-05,34.44972610473633,46.70750045776367,125.3792495727539,19.31610107421875,166.5500030517578,10.653295516967773,47.124515533447266,96.40351104736328,68.45143127441406,62.30910873413086,19.094999313354492,26.800180435180664,25.76774787902832,15.65999984741211,2.560856819152832,16.724340438842773,35.82282638549805,68.43724822998047,2.2899999618530273,11.180000305175781,101.9676513671875,88.31755065917969,23.59000015258789,21.986183166503906,54.93234634399414
2017-05-08,35.38636016845703,47.45199966430664,123.00716400146484,19.4951114654541,165.02000427246094,10.535926818847656,47.541568756103516,96.2005615234375,68.53011322021484,62.25492477416992,19.152000427246094,26.92388153076172,25.728382110595703,15.637999534606934,2.5339808464050293,16.59349250793457,35.228065490722656,68.47679901123047,2.259999990463257,11.140000343322754,100.92639923095703,88.54254150390625,23.270000457763672,21.876976013183594,55.515010833740234
2017-05-09,35.613006591796875,47.64099884033203,124.5670166015625,19.511381149291992,163.4600067138672,10.49981689453125,47.443382263183594,96.1693344116211,68.25473022460938,62.34523391723633,18.788000106811523,26.688467025756836,25.791364669799805,15.746000289916992,2.538172483444214,16.31543731689453,34.77254104614258,68.3581314086914,2.0899999141693115,10.960000038146973,100.69086456298828,87.15242004394531,23.239999771118164,22.049423217773438,55.12656021118164
2017-05-10,35.444175720214844,47.4474983215332,123.49635314941406,19.649696350097656,163.72000122070312,10.581069946289062,47.350643157958984,95.85713958740234,68.78976440429688,62.58903121948242,18.711000442504883,26.768264770507812,25.94094467163086,16.027999877929688,2.9906251430511475,16.4953556060791,35.16480255126953,68.42933654785156,2.1500000953674316,11.170000076293945,102.66799926757812,85.02301788330078,23.690000534057617,22.191186904907227,55.37671661376953
2017-05-11,35.75072479248047,47.38100051879883,123.82860565185547,19.58460807800293,163.27000427246094,10.544957160949707,47.402713775634766,96.1615219116211,68.57732391357422,61.821468353271484,18.704999923706055,26.862031936645508,26.35820198059082,15.854000091552734,3.119086980819702,16.421751022338867,34.44354248046875,68.1761703491211,2.059999942779541,11.079999923706055,100.2694091796875,85.85066223144531,23.010000228881836,22.026277542114258,55.84995651245117
2017-05-12,36.25,48.067501068115234,125.01004028320312,19.527650833129883,163.32000732421875,10.391477584838867,47.36552429199219,96.50497436523438,68.38850402832031,61.749210357666016,18.5310001373291,27.043588638305664,26.57077980041504,16.08099937438965,3.1533594131469727,16.60167121887207,34.62704086303711,68.19198608398438,2.069999933242798,10.619999885559082,97.60430145263672,85.54531860351562,21.610000610351562,21.904756546020508,55.80938720703125
2017-05-15,36.157100677490234,47.89849853515625,125.28694152832031,19.576473236083984,163.8000030517578,10.608153343200684,47.567848205566406,99.1197509765625,68.71893310546875,61.794368743896484,18.707000732421875,27.159305572509766,26.66524314880371,16.00200080871582,3.3116564750671387,16.61393928527832,34.35497283935547,68.30274963378906,2.069999933242798,10.800000190734863,97.87384033203125,85.505126953125,20.950000762939453,22.072568893432617,55.97841262817383
2017-05-16,36.10367965698242,48.30350112915039,126.6899185180664,19.519514083862305,163.61000061035156,10.626213073730469,47.835140228271484,99.72856903076172,68.9313735961914,63.03862762451172,18.766000747680664,27.113414764404297,26.57077980041504,15.940999984741211,3.373298406600952,16.703901290893555,33.66531753540039,68.2315444946289,2.0399999618530273,10.6899995803833,96.60155487060547,85.91494750976562,20.459999084472656,21.73116683959961,55.80938720703125
2017-05-17,34.89149475097656,47.237998962402344,122.58261108398438,18.36412811279297,161.25999450683594,10.31925106048584,46.72234344482422,98.86997985839844,66.30349731445312,61.28577423095703,18.389999389648438,27.22314453125,26.972288131713867,15.319999694824219,3.1491682529449463,16.34405517578125,34.013301849365234,68.24736785888672,1.7599999904632568,10.390000343322754,96.6829833984375,85.0069580078125,19.600000381469727,21.734054565429688,55.43079376220703
2017-05-18,35.423282623291016,47.92449951171875,123.68096923828125,18.5024471282959,161.6199951171875,10.192855834960938,47.13542175292969,99.1041488647461,66.0595703125,61.49466323852539,18.413000106811523,27.32090950012207,26.224369049072266,15.569999694824219,3.2810823917388916,16.53624153137207,34.0512809753418,67.93881225585938,1.940000057220459,10.460000038146973,96.52629852294922,85.79441833496094,19.399999618530273,22.434221267700195,55.26852798461914
2017-05-19,35.54403305053711,47.992000579833984,124.46552276611328,18.754684448242188,163.24000549316406,10.590099334716797,47.341224670410156,99.1275405883789,66.70476531982422,61.47649383544922,18.378000259399414,27.39073944091797,26.47630500793457,15.70199966430664,3.356858015060425,16.703901290893555,34.29168701171875,68.2315444946289,1.899999976158142,10.520000457763672,98.94556427001953,86.4292221069336,19.450000762939453,22.790090560913086,55.39023208618164
2017-05-22,35.7599983215332,48.53350067138672,123.87478637695312,18.74654769897461,165.1300048828125,10.680379867553711,47.8083610534668,99.33049774169922,66.64181518554688,62.16673278808594,18.52199935913086,27.602214813232422,26.515666961669922,15.715999603271484,3.428439140319824,16.969688415527344,34.24742889404297,68.20780181884766,1.940000057220459,10.5,98.77635192871094,86.38101959228516,19.139999389648438,22.7264404296875,55.63360595703125
2017-05-23,35.71589660644531,48.57699966430664,123.5978775024414,19.03131866455078,165.47999572753906,10.725520133972168,48.12970733642578,99.53343200683594,67.47581481933594,62.3756217956543,18.209999084472656,27.72391700744629,26.01968002319336,15.795000076293945,3.3822810649871826,16.961509704589844,34.253726959228516,68.10491943359375,1.909999966621399,10.609999656677246,98.55699920654297,86.84707641601562,18.809999465942383,22.709077835083008,55.82968521118164
2017-05-24,35.60905838012695,49.01750183105469,123.21021270751953,19.006916046142578,164.92999267578125,10.743578910827637,48.47981643676758,99.52564239501953,67.43647003173828,62.457374572753906,18.198999404907227,27.96133804321289,26.499923706054688,15.774999618530273,3.4202935695648193,17.039199829101562,34.582740783691406,68.43724822998047,1.8700000047683716,10.4399995803833,100.14266204833984,86.23638153076172,18.799999237060547,22.610708236694336,55.63360595703125
2017-05-25,35.73213577270508,49.66899871826172,124.5024185180664,18.91741180419922,165.3000030517578,10.563013076782227,49.18647766113281,100.20134735107422,67.15321350097656,63.22933578491211,18.149999618530273,28.269338607788086,26.318851470947266,16.30500030517578,3.412642002105713,17.116893768310547,34.89274597167969,68.72207641601562,1.8799999952316284,9.649999618530273,100.71927642822266,86.22030639648438,18.81999969482422,22.65700340270996,55.26852798461914
2017-05-26,35.671756744384766,49.78900146484375,123.86554718017578,18.909276962280273,165.69000244140625,10.535926818847656,49.25639343261719,99.7220687866211,67.16108703613281,63.538143157958984,18.07699966430664,28.2713565826416,26.85419464111328,16.243000030517578,3.5010056495666504,17.043289184570312,34.91173553466797,69.03064727783203,1.899999976158142,9.5600004196167,98.56324005126953,86.05960083007812,19.06999969482422,22.604923248291016,55.13331604003906
2017-05-30,35.68568801879883,49.834999084472656,123.1363754272461,18.640771865844727,165.11000061035156,10.535926818847656,49.400203704833984,99.87135314941406,66.01239013671875,63.94681167602539,18.284000396728516,28.259300231933594,26.743980407714844,16.32200050354004,3.5757951736450195,17.141427993774414,34.931419372558594,69.1493148803711,1.850000023841858,9.260000228881836,97.13426208496094,86.68634796142578,19.010000228881836,22.610708236694336,54.829105377197266
2017-05-31,35.47437286376953,49.73099899291992,121.8257827758789,18.29383659362793,165.27999877929688,10.373418807983398,48.94993209838867,100.76707458496094,64.63548278808594,63.429161071777344,18.236000061035156,28.41802215576172,26.885683059692383,16.30699920654297,3.562960147857666,17.325437545776367,34.88697052001953,69.69523620605469,1.8600000143051147,9.09000015258789,96.67675018310547,86.41316986083984,18.8700008392334,22.740909576416016,54.423458099365234
2017-06-01,35.5718994140625,49.79750061035156,123.50556182861328,18.473426818847656,166.66000366210938,10.337307929992676,49.00944519042969,101.18346405029297,65.35144805908203,63.66530227661133,18.5939998626709,28.51044464111328,26.783340454101562,16.298999786376953,3.5632073879241943,17.578962326049805,35.27438735961914,69.72686004638672,1.8600000143051147,9.229999542236328,97.04024505615234,87.10420227050781,19.59000015258789,23.09099006652832,54.558658599853516
2017-06-02,36.09904479980469,50.33649826049805,124.32703399658203,18.32648468017578,166.2899932861328,10.192855834960938,49.39773178100586,102.20488739013672,65.02098846435547,65.17292022705078,18.832000732421875,28.673198699951172,26.79121208190918,16.51799964904785,3.5454354286193848,17.98786735534668,35.934906005859375,70.09082794189453,1.9299999475479126,9.029999732971191,95.66764831542969,87.88363647460938,18.93000030517578,23.0360164642334,53.74739074707031
2017-06-05,35.74607467651367,50.56700134277344,122.9056625366211,18.29383659362793,166.52000427246094,10.310224533081055,49.78254318237305,102.42491149902344,65.13903045654297,65.64517211914062,18.413000106811523,28.500394821166992,26.641624450683594,16.506000518798828,3.653299570083618,17.869287490844727,35.16641616821289,70.20950317382812,1.850000023841858,9.069999694824219,95.42949676513672,86.58993530273438,18.600000381469727,23.22118377685547,54.16655731201172
2017-06-06,35.866817474365234,50.150001525878906,122.40721893310547,18.146894454956055,166.1300048828125,10.698434829711914,49.425498962402344,102.79419708251953,65.27279663085938,65.8631362915039,18.281999588012695,28.514461517333984,27.91103172302246,16.517000198364258,3.636760711669922,17.713895797729492,35.19818115234375,70.25696563720703,1.8600000143051147,9.100000381469727,95.94966125488281,86.62208557128906,18.190000534057617,22.836381912231445,54.90345001220703
2017-06-07,36.080474853515625,50.503501892089844,123.67170715332031,18.448936462402344,166.5,10.581069946289062,49.66452407836914,102.73131561279297,66.02025604248047,65.74508666992188,18.25200080871582,28.64707374572754,27.997756958007812,16.56100082397461,3.680696964263916,17.476730346679688,35.325191497802734,70.23321533203125,2.069999933242798,8.59000015258789,97.31602478027344,86.40511322021484,18.229999542236328,22.90003776550293,54.70065689086914
2017-06-08,35.99222946166992,50.51350021362305,124.61316680908203,18.750974655151367,166.94000244140625,10.888028144836426,49.80238342285156,102.57417297363281,66.8385009765625,65.345458984375,18.461000442504883,28.42003059387207,27.611419677734375,16.58799934387207,3.9477639198303223,17.48082160949707,34.86156463623047,69.50534057617188,2.140000104904175,8.420000076293945,96.87724304199219,84.99890899658203,16.350000381469727,22.836381912231445,54.50458526611328
2017-06-09,34.59656524658203,48.91550064086914,120.01668548583984,19.322402954101562,170.0,11.158876419067383,48.10838317871094,103.34416961669922,68.41997528076172,63.86509323120117,18.07900047302246,28.176916122436523,27.043746948242188,15.803000450134277,3.6925442218780518,17.517620086669922,35.128326416015625,69.7506332397461,2.0399999618530273,8.8100004196167,97.5228500366211,84.96675872802734,17.6200008392334,22.9781436920166,55.52544403076172
2017-06-12,33.769866943359375,48.24549865722656,119.13983154296875,19.412195205688477,170.5,11.140820503234863,47.696292877197266,103.57203674316406,68.43572235107422,63.3746452331543,18.118999481201172,28.012168884277344,27.1068172454834,15.144000053405762,3.701676845550537,17.775236129760742,35.65544891357422,69.81389617919922,2.140000104904175,8.899999618530273,100.11762237548828,85.53728485107422,18.170000076293945,22.92606544494629,56.06629943847656
2017-06-13,34.04154968261719,49.03950119018555,121.77035522460938,19.40403938293457,171.47000122070312,11.158876419067383,48.127227783203125,103.72915649414062,68.66389465332031,64.16481018066406,18.211999893188477,28.1186580657959,27.1856632232666,15.272000312805176,3.736974000930786,17.955154418945312,35.744361877441406,69.67149353027344,2.109999895095825,9.15999984741211,99.53472900390625,86.30868530273438,17.959999084472656,23.007078170776367,56.08658218383789
2017-06-14,33.7094841003418,48.82350158691406,120.12743377685547,19.3958683013916,171.4499969482422,10.91511344909668,47.999786376953125,104.31848907470703,68.52224731445312,63.81968688964844,18.34000015258789,28.35976219177246,26.586444854736328,15.220000267028809,3.7448720932006836,17.99195671081543,36.16989517211914,69.97216033935547,2.0799999237060547,8.6899995803833,100.0549087524414,85.7381820678711,18.239999771118164,23.117029190063477,55.4848747253418
2017-06-15,33.50745391845703,48.208499908447266,117.7553482055664,19.216283798217773,170.5500030517578,10.382447242736816,47.61546325683594,104.53058624267578,68.11310577392578,63.4836311340332,18.281999588012695,28.504425048828125,26.0502872467041,15.175999641418457,3.7609145641326904,17.41539764404297,36.14448547363281,70.71588134765625,2.049999952316284,8.5600004196167,100.73808288574219,84.99890899658203,18.18000030517578,22.830596923828125,55.613346099853516
2017-06-16,33.03835678100586,49.385501861572266,119.64747619628906,19.126482009887695,170.47999572753906,10.310224533081055,47.5380973815918,105.55987548828125,67.8062744140625,63.57445526123047,18.260000228881836,28.699316024780273,25.89260482788086,15.23799991607666,3.742403745651245,17.664827346801758,35.99205780029297,70.93739318847656,2.2300000190734863,8.619999885559082,100.44349670410156,84.29179382324219,18.09000015258789,21.76877212524414,56.444881439208984
2017-06-19,33.9835090637207,49.75849914550781,121.32731628417969,19.5183162689209,171.5500030517578,10.463702201843262,48.36130142211914,105.33988189697266,69.2933349609375,64.3646011352539,18.23900032043457,28.60890007019043,25.924142837524414,15.34000015258789,3.8830952644348145,17.86110496520996,35.70627212524414,71.09563446044922,2.25,8.5600004196167,99.63502502441406,84.13107299804688,18.139999389648438,21.843997955322266,55.95137023925781
2017-06-20,33.674644470214844,49.62950134277344,118.59527587890625,19.175460815429688,170.5500030517578,10.14771556854248,48.05234909057617,105.45774841308594,68.86060333251953,63.49272537231445,18.31399917602539,28.522504806518555,25.89260482788086,15.204999923706055,3.877417802810669,17.652563095092773,35.67450714111328,70.91365051269531,2.190000057220459,8.199999809265137,99.64128875732422,83.42396545410156,17.600000381469727,21.855575561523438,55.647125244140625
2017-06-21,33.874359130859375,50.11149978637695,120.3858642578125,18.88158416748047,169.6199951171875,10.12062931060791,48.528411865234375,105.99989318847656,68.54586791992188,63.81968688964844,18.44700050354004,28.341670989990234,26.137025833129883,15.503000259399414,3.9361636638641357,17.873374938964844,35.19818115234375,70.73167419433594,2.1500000953674316,7.789999961853027,99.51593017578125,84.01859283447266,17.270000457763672,22.0580997467041,55.0589485168457
2017-06-22,33.81862258911133,50.064998626708984,120.0074462890625,18.718324661254883,168.32000732421875,10.337307929992676,48.430721282958984,106.89558410644531,68.4671859741211,63.81058120727539,18.459999084472656,28.448158264160156,26.412979125976562,15.48900032043457,3.9090120792388916,17.857019424438477,34.81711196899414,70.43895721435547,2.2100000381469727,7.869999885559082,99.73529815673828,84.76587677001953,17.469999313354492,21.84978485107422,54.81557846069336
2017-06-23,33.96956253051758,50.1870002746582,124.27165222167969,18.628524780273438,167.22000122070312,10.617182731628418,48.90034103393555,107.19412994384766,68.34127044677734,64.67339324951172,18.4950008392334,28.75959014892578,26.65740394592285,15.802000045776367,3.796952486038208,18.1718807220459,35.109256744384766,70.74750518798828,2.25,8.09000015258789,99.59111785888672,84.56501770019531,17.760000228881836,21.653045654296875,55.17388153076172
2017-06-26,33.86274337768555,49.69900131225586,123.47789764404297,18.685670852661133,167.49000549316406,10.671350479125977,48.20607376098633,107.12342834472656,68.6402816772461,64.05577850341797,18.483999252319336,28.978588104248047,26.625858306884766,15.75,3.7554845809936523,18.151430130004883,35.87138748168945,70.70001983642578,2.180000066757202,8.149999618530273,100.5625991821289,84.35609436035156,18.059999465942383,21.843997955322266,54.923744201660156
2017-06-27,33.37739562988281,48.8390007019043,122.17646026611328,18.99587059020996,167.35000610351562,10.581069946289062,47.015907287597656,106.07843780517578,69.27760314941406,62.856971740722656,18.51099967956543,28.58479118347168,26.07394790649414,15.102999687194824,3.618002414703369,17.78750228881836,35.56017303466797,70.10664367675781,2.1500000953674316,8.069999694824219,101.76594543457031,84.00251770019531,18.18000030517578,21.99155616760254,54.835853576660156
2017-06-28,33.86506652832031,49.51649856567383,124.59474182128906,19.493833541870117,169.88999938964844,10.824830055236816,47.656612396240234,105.1434555053711,70.67020416259766,63.39284133911133,18.882999420166016,28.333635330200195,26.0502872467041,15.340999603271484,3.745612144470215,17.69345474243164,36.08097839355469,69.91676330566406,2.130000114440918,8.199999809265137,102.6622085571289,84.62124633789062,18.190000534057617,22.136215209960938,55.11979675292969
2017-06-29,33.365787506103516,48.79650115966797,119.61981964111328,19.853015899658203,169.3000030517578,10.906085014343262,46.50661849975586,104.21630859375,71.7166748046875,62.20306396484375,18.90999984741211,28.1226749420166,25.411649703979492,15.008999824523926,3.6204705238342285,17.341793060302734,35.55311965942383,68.8249282836914,2.059999942779541,8.3100004196167,101.8975830078125,83.8418197631836,18.440000534057617,21.968406677246094,54.558658599853516
2017-06-30,33.44474411010742,48.400001525878906,120.27510070800781,19.80403709411621,169.3699951171875,10.842886924743652,46.10295867919922,103.94131469726562,71.9133529663086,62.60269546508789,19.16699981689453,28.154823303222656,25.53780746459961,14.940999984741211,3.568143606185913,17.538068771362305,35.17702102661133,68.95149230957031,2.0399999618530273,8.229999542236328,101.3836441040039,84.38822174072266,18.540000915527344,21.89607810974121,54.578956604003906
2017-07-03,33.3239860534668,47.68299865722656,119.68438720703125,20.146886825561523,171.8000030517578,11.014425277709961,45.59614944458008,104.42061614990234,73.37696075439453,61.91244888305664,18.65399932861328,28.052349090576172,25.14357566833496,14.616999626159668,3.4390523433685303,17.4072208404541,35.731651306152344,69.41830444335938,2.049999952316284,8.670000076293945,103.52713775634766,85.1998062133789,19.079999923706055,21.803491592407227,55.50517272949219
2017-07-05,33.460994720458984,48.56999969482422,121.35503387451172,20.34280776977539,171.85000610351562,10.987340927124023,46.23090362548828,105.00201416015625,74.11268615722656,62.73891067504883,18.45199966430664,27.891616821289062,25.76645278930664,14.76099967956543,3.530872344970703,17.34588050842285,35.19613265991211,69.3629379272461,2.009999990463257,8.279999732971191,99.17119598388672,87.20865631103516,19.1299991607666,21.791921615600586,54.66008377075195
2017-07-06,33.145164489746094,48.25699996948242,121.11503601074219,20.171377182006836,170.1999969482422,10.734549522399902,46.0042724609375,104.1220474243164,73.8753662109375,62.27571105957031,18.261999130249023,28.04230499267578,25.45107650756836,14.625,3.54148530960083,17.14960289001465,34.50762939453125,69.12557220458984,2.069999933242798,8.039999961853027,97.63568115234375,86.3408203125,17.989999771118164,21.8353214263916,54.16655731201172
2017-07-07,33.481903076171875,48.9379997253418,122.65643310546875,20.269338607788086,171.13999938964844,10.743578910827637,46.6548957824707,104.13774108886719,74.24720001220703,63.08401107788086,18.499000549316406,28.22514533996582,25.253965377807617,15.017999649047852,3.6224443912506104,17.178234100341797,34.8646354675293,69.34709167480469,2.0299999713897705,7.880000114440918,98.17463684082031,87.16045379638672,18.40999984741211,21.794815063476562,54.234153747558594
2017-07-10,33.686256408691406,49.82350158691406,124.42855834960938,20.318317413330078,170.25,11.303329467773438,47.160221099853516,103.35990142822266,73.72504425048828,63.5562858581543,18.37700080871582,28.335643768310547,25.648191452026367,15.267000198364258,3.793743848800659,17.22321128845215,34.16975784301758,68.9040298461914,2.0299999713897705,8.039999961853027,97.42256927490234,86.95955657958984,17.75,21.187227249145508,54.19358825683594
2017-07-11,33.79539489746094,49.70650100708008,125.36080169677734,20.08158302307129,169.24000549316406,11.357499122619629,47.28568649291992,103.10846710205078,73.44023132324219,63.56537628173828,18.43400001525879,28.279390335083008,25.979333877563477,15.432999610900879,3.8475520610809326,17.21503257751465,34.35465621948242,68.65087890625,2.0299999713897705,8.09000015258789,96.482421875,86.9515151977539,17.559999465942383,21.256669998168945,54.491058349609375
2017-07-12,33.84415817260742,50.32550048828125,126.48684692382812,19.87750244140625,169.9199981689453,11.077620506286621,47.986392974853516,103.89415740966797,73.18706512451172,64.618896484375,18.76799964904785,28.285411834716797,26.152788162231445,15.875,4.0111985206604,17.525798797607422,34.85189437866211,68.80120086669922,2.059999942779541,8.069999694824219,97.47270965576172,88.28540802001953,17.6200008392334,21.392654418945312,54.73444366455078
2017-07-13,34.315582275390625,50.03150177001953,126.31147003173828,20.097909927368164,169.69000244140625,11.267212867736816,48.045406341552734,103.60344696044922,73.6538314819336,65.18197631835938,18.57900047302246,28.2452335357666,25.971450805664062,15.821000099182129,3.9647951126098633,17.423582077026367,35.1451416015625,68.59547424316406,2.0899999141693115,8.3100004196167,99.05840301513672,88.26129150390625,18.489999771118164,21.713804244995117,54.7412109375
2017-07-14,34.610496520996094,50.09049987792969,129.1450958251953,19.763216018676758,169.47000122070312,11.375551223754883,48.445098876953125,104.18489074707031,72.98139953613281,66.09928131103516,18.472999572753906,28.46222686767578,26.255285263061523,16.11199951171875,4.071425914764404,17.574872970581055,35.85914611816406,68.91197204589844,2.0799999237060547,8.329999923706055,100.73808288574219,88.55057525634766,18.329999923706055,22.087039947509766,54.95077896118164
2017-07-17,34.731266021728516,50.50199890136719,129.42196655273438,19.608116149902344,170.16000366210938,11.736681938171387,48.397987365722656,103.8313217163086,72.301025390625,66.61695098876953,18.582000732421875,28.32359504699707,26.59432029724121,16.170000076293945,4.054147720336914,17.61985206604004,36.00575256347656,69.26800537109375,2.0799999237060547,8.359999656677246,101.61553192138672,88.6550521850586,18.469999313354492,22.095712661743164,54.66682815551758
2017-07-18,34.85200500488281,51.22249984741211,132.21861267089844,19.510154724121094,170.30999755859375,11.736681938171387,48.94298553466797,105.64628601074219,72.04785919189453,66.5715560913086,18.875,28.428068161010742,26.578554153442383,18.360000610351562,4.096354007720947,17.66073989868164,36.06951904296875,70.13040161132812,2.069999933242798,8.350000381469727,100.17401123046875,88.38987731933594,17.84000015258789,22.04652976989746,54.491058349609375
2017-07-19,35.0703010559082,51.34349822998047,139.0303497314453,19.640764236450195,171.1999969482422,11.835989952087402,49.23160171508789,106.2355728149414,72.15070343017578,67.08013153076172,18.981000900268555,28.490358352661133,26.712594985961914,18.38599967956543,4.075126647949219,17.4072208404541,36.43925857543945,70.44935607910156,2.130000114440918,8.890000343322754,100.44976806640625,88.1488037109375,18.149999618530273,21.951051712036133,54.66008377075195
2017-07-20,34.91239929199219,51.435001373291016,141.9746551513672,19.542814254760742,171.3300018310547,11.772793769836426,49.202842712402344,107.30416107177734,72.15070343017578,67.40709686279297,18.93199920654297,28.82790184020996,26.744117736816406,18.360000610351562,4.134366512298584,17.807947158813477,36.541259765625,70.64867401123047,2.119999885559082,8.75,100.9135971069336,88.26129150390625,18.1299991607666,21.994449615478516,54.66682815551758
2017-07-21,34.89613723754883,51.28350067138672,142.40846252441406,19.428524017333984,171.33999633789062,11.745709419250488,49.284664154052734,106.31414794921875,71.90543365478516,67.01656341552734,18.847999572753906,29.0067138671875,27.114694595336914,18.854000091552734,4.149174690246582,17.562604904174805,36.53488540649414,70.65664672851562,2.440000057220459,8.510000228881836,100.64407348632812,87.83541107177734,17.950000762939453,22.03206443786621,54.16655731201172
2017-07-24,35.31877899169922,51.9474983215332,141.9008026123047,19.5183162689209,171.3699951171875,11.700568199157715,49.50632858276367,104.50701141357422,72.2139892578125,66.843994140625,19.190000534057617,28.761592864990234,26.728357315063477,18.791000366210938,4.101043701171875,17.133251190185547,36.44562911987305,70.31377410888672,2.369999885559082,8.510000228881836,100.3056640625,87.915771484375,17.469999313354492,22.246158599853516,53.997528076171875
2017-07-25,35.4697265625,51.993499755859375,140.9685821533203,19.983623504638672,172.94000244140625,13.424958229064941,48.05432891845703,103.61918640136719,73.4164810180664,67.37982940673828,19.250999450683594,28.75356101989746,28.573322296142578,18.69700050354004,4.081298351287842,17.239564895629883,36.61137390136719,71.07925415039062,2.319999933242798,8.770000457763672,101.26455688476562,88.49432373046875,18.420000076293945,22.71776008605957,54.267940521240234
2017-07-26,35.636932373046875,52.63999938964844,142.62998962402344,19.763216018676758,173.02000427246094,13.596495628356934,47.86985778808594,102.88847351074219,72.72823333740234,67.25272369384766,19.1560001373291,29.23175048828125,29.141006469726562,18.908000946044922,4.128442287445068,17.170053482055664,36.92375946044922,71.20685577392578,2.3299999237060547,8.539999961853027,102.64342498779297,89.00859069824219,18.639999389648438,22.827695846557617,54.335567474365234
2017-07-27,34.96348571777344,52.29999923706055,141.4393310546875,19.681583404541016,173.0500030517578,13.090913772583008,47.23509979248047,102.79419708251953,72.42757415771484,66.44440460205078,18.917999267578125,29.062973022460938,28.73101043701172,18.26799964904785,3.992192506790161,16.965600967407227,36.94286346435547,72.30724334716797,2.25,8.670000076293945,104.24788665771484,89.7317886352539,19.290000915527344,23.082307815551758,54.64656066894531
2017-07-28,34.71733474731445,51.00199890136719,140.78399658203125,19.616281509399414,174.0,13.181195259094238,47.523719787597656,103.59561920166016,72.2139892578125,66.33540344238281,13.99899959564209,29.157407760620117,29.21985626220703,18.40399932861328,4.057601451873779,17.239564895629883,36.5986328125,71.9324722290039,2.299999952316284,8.6899995803833,100.6064682006836,90.20588684082031,19.3799991607666,23.09099006652832,53.814979553222656
2017-07-31,34.53851318359375,49.388999938964844,138.75341796875,19.68975067138672,174.97000122070312,13.199254989624023,46.88747787475586,104.2791748046875,72.6253662109375,66.02660369873047,13.451000213623047,29.352304458618164,29.306568145751953,18.166000366210938,4.0111985206604,17.33770179748535,36.50905990600586,72.41888427734375,2.259999990463257,8.649999618530273,99.34043884277344,90.67194366455078,19.59000015258789,23.143068313598633,54.11246871948242
2017-08-01,34.84505081176758,49.80950164794922,139.29798889160156,19.959138870239258,176.2899932861328,13.08188533782959,46.940032958984375,104.11414337158203,73.59845733642578,65.91763305664062,13.628000259399414,29.4487361907959,29.156782150268555,18.202999114990234,4.060070514678955,17.3009033203125,36.94416046142578,72.64215087890625,2.309999942779541,8.59000015258789,103.15107727050781,91.74064636230469,19.579999923706055,23.290616989135742,54.20034408569336
2017-08-02,36.491493225097656,49.794498443603516,139.39027404785156,20.07341957092285,177.85000610351562,12.973546028137207,46.99359893798828,103.83918762207031,73.66175079345703,65.62700653076172,13.593000411987305,29.482891082763672,29.070043563842773,18.073999404907227,4.057601451873779,17.296812057495117,36.53466033935547,72.59429931640625,2.240000009536743,8.630000114440918,101.13923645019531,91.75672149658203,19.079999923706055,23.299297332763672,54.491058349609375
2017-08-03,36.126914978027344,49.34600067138672,140.4517059326172,19.893829345703125,178.99000549316406,12.973546028137207,46.62960433959961,104.77417755126953,73.17916107177734,65.52713012695312,13.355999946594238,29.643634796142578,28.84928321838379,17.92300033569336,4.109188556671143,17.37451171875,36.49627685546875,72.45079040527344,2.25,9.25,101.50271606445312,90.58354949951172,18.760000228881836,23.39767074584961,54.416683197021484
2017-08-04,36.31734848022461,49.37900161743164,141.1623992919922,20.383621215820312,179.9199981689453,13.009659767150879,46.90186309814453,104.64057159423828,74.09688568115234,66.00843811035156,13.572999954223633,29.484909057617188,28.502363204956055,18.027000427246094,4.127208232879639,17.19867706298828,36.75859832763672,72.29927825927734,2.25,9.069999694824219,103.11974334716797,91.31475830078125,19.280000686645508,23.284835815429688,54.22737503051758
2017-08-07,36.87931442260742,49.61349868774414,142.5284423828125,20.375459671020508,178.0399932861328,13.271478652954102,46.89986801147461,104.38917541503906,74.38166046142578,65.7541275024414,13.213000297546387,29.553220748901367,28.518131256103516,18.132999420166016,4.254077911376953,17.035114288330078,36.75859832763672,72.91327667236328,2.380000114440918,8.75,104.27298736572266,91.70850372314453,18.709999084472656,23.516292572021484,54.19358825683594
2017-08-08,37.17424774169922,49.492000579833984,141.33782958984375,20.326480865478516,176.42999267578125,13.06382942199707,46.822513580322266,103.92562103271484,74.11268615722656,66.10835266113281,13.14900016784668,29.605457305908203,28.179100036621094,17.836000442504883,4.203478813171387,16.826570510864258,36.662628173828125,73.02488708496094,2.1700000762939453,8.569999694824219,102.84395599365234,91.78083801269531,18.920000076293945,23.605987548828125,54.058372497558594
2017-08-09,37.401817321777344,49.10049819946289,141.73468017578125,20.19586753845215,178.05999755859375,13.172164916992188,46.618690490722656,104.67988586425781,73.9940185546875,65.81773376464844,13.0600004196167,29.58335304260254,28.462940216064453,17.577999114990234,4.248154640197754,18.225034713745117,36.777809143066406,73.29600524902344,2.140000104904175,8.319999694824219,102.41778564453125,90.88085174560547,18.299999237060547,23.760290145874023,54.22737503051758
2017-08-10,36.21051025390625,47.84600067138672,138.61495971679688,19.68975067138672,176.36000061035156,12.77492618560791,45.80095672607422,104.56989288330078,72.93391418457031,64.85504150390625,12.77400016784668,29.679807662963867,28.73101043701172,16.913999557495117,4.0662384033203125,18.053295135498047,36.48347854614258,73.15248107910156,2.0,8.180000305175781,101.00133514404297,90.30230712890625,17.190000534057617,23.483701705932617,53.90657043457031
2017-08-11,36.71406936645508,48.39950180053711,139.54721069335938,19.47750473022461,175.33999633789062,12.603389739990234,46.123291015625,104.57775115966797,72.32474517822266,65.844970703125,12.901000022888184,29.571306228637695,28.801965713500977,17.139999389648438,3.849526882171631,18.732080459594727,36.137969970703125,72.83351135253906,2.059999942779541,8.350000381469727,98.95809936523438,90.09339141845703,17.760000228881836,23.408000946044922,53.38776397705078
2017-08-14,37.266597747802734,49.165000915527344,140.8578338623047,19.934648513793945,177.2899932861328,12.77492618560791,46.56167221069336,104.87629699707031,73.1712417602539,66.83490753173828,12.892000198364258,29.74810218811035,28.399864196777344,17.100000381469727,4.156580924987793,18.535804748535156,36.675411224365234,73.08071899414062,2.130000114440918,8.390000343322754,100.49361419677734,90.82460021972656,17.729999542236328,23.49534797668457,53.401432037353516
2017-08-15,37.674583435058594,49.137001037597656,140.7193603515625,19.975465774536133,177.47000122070312,12.612419128417969,46.51951599121094,104.7977523803711,73.36111450195312,66.85315704345703,12.869000434875488,29.947023391723633,28.202754974365234,16.850000381469727,4.121531009674072,18.609413146972656,36.451473236083984,73.51927947998047,2.0899999141693115,7.909999847412109,99.82806396484375,91.02549743652344,16.81999969482422,23.515731811523438,53.27171325683594
2017-08-16,37.523048400878906,48.909000396728516,141.8362274169922,19.746891021728516,178.5399932861328,13.334674835205078,46.82648468017578,105.41844177246094,72.85478973388672,67.24578094482422,12.871999740600586,30.133865356445312,28.486600875854492,16.99799919128418,4.076361656188965,18.97742462158203,36.860958099365234,73.71065521240234,2.0799999237060547,7.579999923706055,100.11967468261719,90.3103256225586,19.760000228881836,23.576866149902344,52.88262939453125
2017-08-17,36.802669525146484,48.028499603271484,139.0487518310547,19.29791259765625,177.16000366210938,12.820067405700684,46.002784729003906,104.53058624267578,71.71556854248047,66.1044692993164,12.746000289916992,29.858613967895508,28.423513412475586,16.608999252319336,3.985527753829956,18.731201171875,36.592247009277344,73.41561126708984,2.0399999618530273,7.28000020980835,99.64423370361328,89.55500030517578,18.940000534057617,23.20421028137207,52.05665588378906
2017-08-18,36.71874237060547,47.923500061035156,140.5347900390625,19.281585693359375,177.55999755859375,12.77492618560791,45.92939376831055,104.2084732055664,71.78677368164062,66.1866455078125,12.593000411987305,30.123836517333984,28.250064849853516,16.65399932861328,3.986269235610962,18.665098190307617,36.37468338012695,73.73458099365234,2.119999885559082,7.480000019073486,97.3496322631836,89.77999877929688,19.270000457763672,23.090654373168945,52.31605529785156
2017-08-21,36.651123046875,47.66450119018555,139.91639709472656,19.085670471191406,178.33999633789062,13.298558235168457,45.66606903076172,104.85272216796875,71.6997299194336,65.87622833251953,12.520999908447266,30.228315353393555,28.86505889892578,16.676000595092773,3.9282643795013428,18.780780792236328,37.03372573852539,74.04557037353516,2.109999895095825,7.320000171661377,97.9835205078125,90.57552337646484,18.889999389648438,23.207109451293945,52.13856506347656
2017-08-22,37.25029754638672,48.345001220703125,142.4822998046875,19.453012466430664,180.4499969482422,13.605522155761719,46.63457107543945,105.83488464355469,72.43549346923828,66.79840087890625,12.61400032043457,30.306673049926758,28.7783260345459,16.93400001525879,4.01571798324585,19.065834045410156,36.713802337646484,73.98973083496094,2.1600000858306885,7.519999980926514,97.1277847290039,90.696044921875,19.459999084472656,23.2973690032959,52.38431930541992
2017-08-23,37.29691696166992,47.900001525878906,141.5869903564453,19.3958683013916,179.97999572753906,13.804142951965332,46.742671966552734,104.3420639038086,72.52252960205078,66.39666748046875,12.564000129699707,30.26278305053711,29.156782150268555,16.9060001373291,4.096007823944092,18.743595123291016,37.174503326416016,73.71065521240234,2.130000114440918,7.630000114440918,99.8788070678711,90.67996215820312,19.549999237060547,23.279909133911133,52.295570373535156
2017-08-24,37.131385803222656,47.622501373291016,141.63314819335938,19.461179733276367,178.42999267578125,13.984705924987793,46.460506439208984,104.41275024414062,72.40382385253906,66.36927795410156,12.564000129699707,30.1960391998291,29.03062629699707,16.812999725341797,4.080938816070557,18.84687614440918,36.790584564208984,73.57511138916016,2.1700000762939453,7.699999809265137,99.30197143554688,90.1737289428711,20.0,22.808244705200195,52.104434967041016
2017-08-25,37.2689323425293,47.26300048828125,142.34384155273438,19.40403938293457,179.60000610351562,13.804142951965332,46.14362716674805,104.12019348144531,72.69657897949219,66.48796081542969,12.576000213623047,30.355812072753906,29.164663314819336,16.594999313354492,4.046844959259033,19.057575225830078,37.13611602783203,73.7664794921875,2.1600000858306885,7.96999979019165,100.81060028076172,90.67194366455078,21.6200008392334,22.89267921447754,52.37065505981445
2017-08-28,37.644283294677734,47.30099868774414,142.25155639648438,19.36322021484375,178.6999969482422,14.020819664001465,46.02609634399414,104.16761016845703,72.46713256835938,66.49708557128906,12.630999565124512,30.513551712036133,30.1975154876709,16.711999893188477,4.075503826141357,19.334367752075195,36.60504150390625,73.73458099365234,2.1700000762939453,8.010000228881836,99.40972900390625,90.21390533447266,21.190000534057617,22.71799659729004,52.200008392333984
2017-08-29,37.97998809814453,47.702999114990234,143.2022247314453,19.248937606811523,178.6199951171875,13.731916427612305,46.403968811035156,104.53926086425781,72.07159423828125,66.69795989990234,12.670000076293945,30.481189727783203,29.99252700805664,16.881000518798828,4.0688323974609375,19.21455955505371,36.56026840209961,73.61498260498047,2.1600000858306885,8.229999542236328,99.0420913696289,90.06124877929688,20.770000457763672,22.933439254760742,52.18635559082031
2017-08-30,38.08256912231445,48.37950134277344,142.88841247558594,19.585342407226562,180.35000610351562,13.14508056640625,46.794742584228516,103.6378402709961,72.23770904541016,67.5744857788086,12.572999954223633,30.460981369018555,30.008296966552734,17.4689998626709,4.093043804168701,19.2310848236084,36.555110931396484,73.25614929199219,2.130000114440918,8.100000381469727,99.53016662597656,90.22998809814453,20.290000915527344,22.866477966308594,51.947444915771484
2017-08-31,38.23411560058594,49.029998779296875,144.27291870117188,19.601747512817383,181.16000366210938,13.343703269958496,47.3704833984375,104.66574096679688,71.90543365478516,68.26839447021484,12.899999618530273,30.43873405456543,30.229063034057617,17.47100067138672,4.1859331130981445,19.67313575744629,36.96611785888672,73.57511138916016,2.140000104904175,8.15999984741211,99.42242431640625,90.78443145751953,20.440000534057617,22.729637145996094,52.104434967041016
2017-09-01,38.245765686035156,48.912498474121094,145.16822814941406,19.765850067138672,180.72999572753906,13.605522155761719,47.20931625366211,103.6062240600586,72.54625701904297,67.51057434082031,12.850000381469727,30.367944717407227,30.48136329650879,17.474000930786133,4.2111310958862305,19.51614761352539,37.15879440307617,73.78239440917969,2.190000057220459,8.5600004196167,100.27179718017578,90.82460021972656,21.100000381469727,22.81698989868164,52.26826477050781
2017-09-05,37.78647994995117,48.26350021362305,142.88841247558594,19.125864028930664,176.97999572753906,13.352730751037598,46.6881217956543,102.71272277832031,70.8136978149414,67.20927429199219,12.831000328063965,30.388164520263672,30.55233383178711,17.45199966430664,4.098726272583008,19.40873146057129,37.454219818115234,73.9339370727539,2.109999895095825,8.789999961853027,99.4414291381836,91.2987060546875,21.8700008392334,23.233320236206055,52.684669494628906
2017-09-06,37.746856689453125,48.38999938964844,144.42977905273438,19.207908630371094,176.7899932861328,13.596495628356934,46.71490478515625,103.32157897949219,71.28836822509766,67.01752471923828,12.819000244140625,29.981674194335938,30.260604858398438,17.924999237060547,4.096253395080566,19.764022827148438,37.36429977416992,73.9339370727539,2.140000104904175,8.779999732971191,100.61408996582031,91.3870849609375,22.010000228881836,23.31484031677246,53.776859283447266
2017-09-07,37.59531784057617,48.9734992980957,148.47251892089844,18.846891403198242,173.99000549316406,13.731916427612305,47.10517501831055,104.5234375,70.03839111328125,67.87578582763672,12.836000442504883,30.23244285583496,31.222505569458008,17.899999618530273,4.1152777671813965,20.03668785095215,37.70468521118164,74.13328552246094,2.1700000762939453,8.699999809265137,101.92620086669922,91.82904052734375,21.979999542236328,23.326488494873047,53.947509765625
2017-09-08,36.982177734375,48.29499816894531,147.4203338623047,18.781251907348633,175.5,12.856178283691406,46.68464660644531,103.56669616699219,69.95137786865234,67.54711151123047,12.824999809265137,29.98369598388672,30.99386978149414,17.642000198364258,4.043882846832275,19.817726135253906,38.10285568237305,74.02960205078125,2.130000114440918,8.470000267028809,101.14019775390625,92.38348388671875,21.6200008392334,22.965469360351562,53.80416488647461
2017-09-11,37.651275634765625,48.89799880981445,150.24462890625,19.16688346862793,177.8699951171875,12.99160099029541,46.77788162231445,105.32997131347656,71.03522491455078,68.25928497314453,12.819999694824219,30.618711471557617,30.13445472717285,18.173999786376953,4.1750640869140625,20.115177154541016,38.17992401123047,74.94660186767578,2.1700000762939453,8.489999771118164,101.62194061279297,93.39595031738281,21.790000915527344,23.023696899414062,54.09769058227539
2017-09-12,37.50205612182617,49.12900161743164,148.9248046875,19.650976181030273,178.6300048828125,12.91034984588623,46.94450378417969,104.87136840820312,71.90543365478516,68.18622589111328,12.85200023651123,30.159643173217773,30.236940383911133,18.514999389648438,4.190131664276123,20.044950485229492,37.83955764770508,74.56388092041016,2.1700000762939453,8.789999961853027,99.86610412597656,93.6450424194336,22.459999084472656,23.178001403808594,54.26835632324219
2017-09-13,37.219970703125,49.97999954223633,147.74334716796875,19.96276092529297,178.9199981689453,12.585333824157715,47.1324462890625,104.7290267944336,72.11117553710938,68.67012786865234,13.220999717712402,29.967514038085938,29.92490577697754,18.36400032043457,4.208907604217529,20.102783203125,37.75606155395508,74.59576416015625,2.3499999046325684,9.210000038146973,101.69164276123047,93.70130920410156,23.540000915527344,23.25078773498535,54.45265579223633
2017-09-14,36.90058517456055,49.61050033569336,148.99862670898438,19.88892364501953,178.57000732421875,12.513106346130371,46.62118148803711,106.0969467163086,71.96874237060547,68.26839447021484,13.010000228881836,30.244583129882812,30.067094802856445,18.26300048828125,4.184944152832031,20.098651885986328,38.14780044555664,74.59576416015625,2.2300000190734863,9.220000267028809,103.79612731933594,94.09503936767578,22.770000457763672,23.198381423950195,54.67109298706055
2017-09-15,37.27359390258789,49.339500427246094,149.9031524658203,20.0037899017334,179.88999938964844,12.531164169311523,46.38115692138672,106.31040954589844,72.48297119140625,68.76143646240234,12.680999755859375,30.353796005249023,29.901206970214844,18.235000610351562,4.449530601501465,19.90861701965332,38.468936920166016,74.37248229980469,2.25,9.239999771118164,104.44267272949219,94.56912994384766,22.760000228881836,23.40218162536621,54.65744400024414
2017-09-18,36.99150848388672,48.70949935913086,154.1304931640625,20.266353607177734,181.47000122070312,12.756872177124023,46.10642623901367,107.04581451416016,73.51144409179688,68.6244888305664,12.595000267028809,29.99177360534668,29.845895767211914,18.461999893188477,4.633331775665283,20.10691261291504,38.250579833984375,74.27681732177734,2.4700000286102295,9.289999961853027,102.38258361816406,94.48876953125,22.68000030517578,23.291547775268555,54.67109298706055
2017-09-19,37.0054931640625,48.49300003051758,155.3303680419922,20.39763832092285,183.00999450683594,13.072856903076172,46.45901870727539,106.91927337646484,74.31839752197266,68.88014221191406,12.585000038146973,29.914934158325195,30.090808868408203,18.56800079345703,4.628391265869141,20.098651885986328,37.76249313354492,75.09014129638672,2.4100000858306885,9.350000381469727,101.24796295166016,96.47351837158203,23.09000015258789,23.30611228942871,54.75983428955078
2017-09-20,36.38534164428711,48.660499572753906,152.4690704345703,20.56173324584961,183.82000732421875,12.80201244354248,46.9886360168457,105.337890625,74.84052276611328,68.42359161376953,12.529999732971191,29.676294326782227,29.727405548095703,18.551000595092773,4.591085910797119,20.288692474365234,37.46705627441406,75.27355194091797,2.740000009536743,9.770000457763672,101.35569763183594,96.72261810302734,23.3700008392334,23.437124252319336,54.985103607177734
2017-09-21,35.76055908203125,48.23249816894531,153.00439453125,20.64378547668457,183.16000366210938,12.621445655822754,46.9891357421875,104.17554473876953,75.1806869506836,67.7571029663086,12.451000213623047,29.684375762939453,29.569408416748047,18.878000259399414,4.4655866622924805,20.26803970336914,37.19092559814453,73.8701171875,2.4700000286102295,9.079999923706055,101.15287017822266,96.46549224853516,22.739999771118164,23.29445457458496,54.53457260131836
2017-09-22,35.410858154296875,47.755001068115234,153.17979431152344,20.528911590576172,181.86000061035156,12.693673133850098,46.776390075683594,103.89088439941406,75.02249908447266,67.93970489501953,12.47599983215332,29.599443435668945,29.932796478271484,18.735000610351562,4.422108173370361,20.334135055541992,36.9725456237793,73.5511703491211,2.569999933242798,9.319999694824219,100.66480255126953,96.9315414428711,22.8700008392334,23.154708862304688,54.555057525634766
2017-09-25,35.098453521728516,46.989498138427734,149.5339813232422,20.315584182739258,182.52000427246094,12.540192604064941,46.33107376098633,103.7169189453125,74.46078491210938,66.88970947265625,12.395999908447266,29.69247055053711,30.517404556274414,17.854999542236328,4.224471569061279,20.156494140625,37.20374298095703,73.9339370727539,2.5999999046325684,10.029999732971191,101.72335815429688,97.20474243164062,23.43000030517578,23.044082641601562,55.278629302978516
2017-09-26,35.7022705078125,46.93000030517578,150.31854248046875,20.35660743713379,181.86000061035156,12.630474090576172,46.48727798461914,103.53504943847656,74.12850189208984,66.88970947265625,12.454000473022461,29.870439529418945,29.99600601196289,17.937999725341797,4.2481889724731445,19.879697799682617,37.46705627441406,73.87809753417969,2.5999999046325684,10.239999771118164,103.64397430419922,97.49403381347656,23.940000534057617,23.113950729370117,55.21719741821289
2017-09-27,35.95638656616211,47.54349899291992,154.08433532714844,20.848909378051758,183.27000427246094,12.639504432678223,47.6015739440918,102.5941162109375,75.29936981201172,67.42839813232422,12.732999801635742,29.57718849182129,29.395610809326172,18.19700050354004,4.341323375701904,19.95406150817871,36.80556869506836,72.45874786376953,2.6500000953674316,10.430000305175781,101.48883056640625,97.62259674072266,24.43000030517578,23.084836959838867,55.5858154296875
2017-09-28,35.73490905761719,47.81999969482422,157.3609161376953,20.88172721862793,183.2100067138672,13.018688201904297,47.845062255859375,102.37271881103516,75.45759582519531,67.44666290283203,12.772000312805176,29.726844787597656,29.71949577331543,18.06999969482422,4.340088844299316,19.859039306640625,37.13311004638672,72.4747085571289,2.619999885559082,10.59000015258789,102.42692565917969,97.5467529296875,23.93000030517578,22.985849380493164,56.10460662841797
2017-09-29,35.93073654174805,48.067501068115234,158.01626586914062,20.791473388671875,183.32000732421875,12.675614356994629,48.28691101074219,102.7997055053711,75.5604476928711,68.01274871826172,12.770999908447266,29.63786506652832,29.632606506347656,18.135000228881836,4.416425704956055,19.892091751098633,36.8636589050293,72.54647064208984,2.609999895095825,10.760000228881836,102.0593032836914,97.196044921875,23.899999618530273,22.750017166137695,55.96125793457031
2017-10-02,35.85847091674805,47.95949935913086,157.55474853515625,21.021209716796875,185.41000366210938,12.946463584899902,47.97697067260742,103.75646209716797,76.61263275146484,68.122314453125,12.906000137329102,29.676294326782227,29.92490577697754,17.701000213623047,4.422108173370361,20.20606231689453,36.78630828857422,73.17640686035156,2.75,10.329999923706055,101.22261047363281,97.31023406982422,23.989999771118164,22.840272903442383,55.72233963012695
2017-10-03,36.01466751098633,47.85499954223633,157.33328247070312,21.21813201904297,185.6699981689453,13.217308044433594,48.20558166503906,104.4522705078125,77.01612091064453,67.802734375,12.927000045776367,29.706626892089844,30.201398849487305,17.91900062561035,4.431248664855957,20.26803970336914,36.7734489440918,73.45549774169922,2.7899999618530273,10.279999732971191,100.81060028076172,98.1502914428711,23.110000610351562,23.064453125,55.811065673828125
2017-10-04,35.78153610229492,48.272499084472656,158.00706481933594,21.09505844116211,185.8300018310547,13.117999076843262,47.94275665283203,105.07695007324219,76.23289489746094,68.19537353515625,13.098999977111816,30.046384811401367,30.082895278930664,18.44499969482422,4.468305587768555,20.358924865722656,36.83789825439453,73.69470977783203,2.7699999809265137,10.289999961853027,101.31764221191406,98.66413116455078,23.030000686645508,23.026611328125,55.83154296875
2017-10-05,36.22681427001953,49.04249954223633,155.54266357421875,21.439666748046875,187.1199951171875,13.316620826721191,48.85570526123047,105.31412506103516,77.2594223022461,69.36404418945312,13.116000175476074,29.882572174072266,29.98020362854004,19.43899917602539,4.465834140777588,20.21845817565918,36.760536193847656,73.38372039794922,2.8499999046325684,10.539999961853027,102.21775817871094,98.55809020996094,23.59000015258789,23.119770050048828,55.98855972290039
2017-10-06,36.205841064453125,49.479000091552734,156.39178466796875,21.505306243896484,187.42999267578125,12.937432289123535,49.274742126464844,105.337890625,77.1241455078125,69.39143371582031,13.13599967956543,29.82392692565918,30.067094802856445,19.802000045776367,4.478928565979004,20.292821884155273,36.40602111816406,73.62294006347656,2.9700000286102295,10.3100004196167,101.57125091552734,99.39817810058594,23.1299991607666,23.000402450561523,55.77693557739258
2017-10-09,36.331722259521484,49.54949951171875,157.03787231445312,21.209938049316406,187.5,12.92840576171875,49.20879364013672,105.51972198486328,76.71833801269531,69.65621948242188,13.211999893188477,29.9108829498291,30.240894317626953,19.687000274658203,4.579970359802246,20.330005645751953,36.438228607177734,73.45549774169922,2.869999885559082,10.510000228881836,101.90084838867188,99.23503875732422,22.950000762939453,23.44584846496582,55.99539566040039
2017-10-10,36.345726013183594,49.36000061035156,157.997802734375,21.275571823120117,188.0,13.009659767150879,48.985130310058594,105.87555694580078,77.29124450683594,69.65621948242188,13.234999656677246,30.13941764831543,29.940696716308594,19.507999420166016,4.667422771453857,20.173019409179688,36.48982238769531,73.05680847167969,2.9100000858306885,10.520000457763672,103.26363372802734,101.20067596435547,23.190000534057617,24.493974685668945,56.15238571166992
2017-10-11,36.49725341796875,49.75,159.58534240722656,21.193519592285156,187.4600067138672,13.027714729309082,49.870323181152344,108.04999542236328,77.06047821044922,69.77493286132812,13.213000297546387,30.309295654296875,30.082895278930664,19.4950008392334,4.717080116271973,20.400238037109375,36.528472900390625,72.92919921875,2.7899999618530273,10.609999656677246,104.63916015625,100.77655792236328,23.0,24.95980453491211,56.38447570800781
2017-10-12,36.36903762817383,50.04650115966797,160.2406768798828,20.88172721862793,186.3000030517578,13.099943161010742,49.870323181152344,108.19230651855469,76.38409423828125,70.41404724121094,13.357000350952148,30.47714614868164,30.32779884338379,19.586000442504883,4.71930456161499,20.26803970336914,36.58006286621094,73.47940826416016,2.869999885559082,10.5,104.29684448242188,100.47476959228516,22.190000534057617,25.06753158569336,56.26841735839844
2017-10-13,36.59983444213867,50.14699935913086,162.7235107421875,21.193519592285156,187.3699951171875,13.316620826721191,49.980411529541016,107.87602233886719,76.2806396484375,70.75187683105469,13.5,30.44681167602539,30.485790252685547,19.948999404907227,4.807250499725342,19.63594627380371,36.65740966796875,74.1891098022461,2.799999952316284,10.859999656677246,105.41883087158203,100.62974548339844,22.540000915527344,25.21892738342285,56.254791259765625
2017-10-16,37.27359390258789,50.31700134277344,162.9912109375,21.529926300048828,187.9600067138672,13.786086082458496,50.05380630493164,107.63090515136719,77.85623931884766,70.8979721069336,13.583000183105469,30.64298439025879,30.011798858642578,20.26799964904785,4.889762878417969,20.37544822692871,36.67674255371094,74.26882934570312,2.7699999809265137,11.050000190734863,104.79759216308594,100.66236877441406,22.940000534057617,24.962717056274414,56.52783203125
2017-10-17,37.411155700683594,50.45650100708008,162.7604522705078,21.49710464477539,187.38999938964844,13.479129791259766,50.13562774658203,111.32350158691406,77.68116760253906,70.84318542480469,13.58899974822998,30.875545501708984,30.296192169189453,19.947999954223633,4.885316371917725,20.371318817138672,36.79922103881836,73.9977035522461,2.6700000762939453,10.789999961853027,105.9195785522461,100.5726547241211,23.329999923706055,25.0325984954834,56.630218505859375
2017-10-18,37.2456169128418,49.849998474121094,158.5054168701172,21.72684669494629,187.85000610351562,13.38884162902832,50.22191619873047,111.23656463623047,77.9756088256836,70.86144256591797,13.600000381469727,30.849271774291992,29.909101486206055,19.554000854492188,4.881118297576904,20.710081100463867,36.283565521240234,73.97379302978516,2.549999952316284,10.3100004196167,104.26518249511719,101.34747314453125,23.770000457763672,25.10246467590332,56.49369812011719
2017-10-19,36.36437225341797,49.330501556396484,162.465087890625,21.808895111083984,187.2100067138672,13.370790481567383,49.68138122558594,112.31188201904297,78.07106018066406,71.13536071777344,13.555999755859375,31.118242263793945,29.893306732177734,19.51300048828125,4.886553764343262,20.93730354309082,36.231990814208984,73.58013916015625,2.5299999713897705,10.170000076293945,104.91807556152344,100.37689971923828,23.719999313354492,25.154874801635742,56.48002624511719
2017-10-20,36.42731857299805,49.14550018310547,161.7266845703125,22.29298973083496,189.0399932861328,13.38884162902832,49.84156036376953,112.5965576171875,79.18512725830078,71.95710754394531,13.699999809265137,31.17690086364746,29.85379981994629,19.416000366210938,4.864319324493408,20.88359832763672,35.80010986328125,70.89690399169922,2.700000047683716,9.949999809265137,104.41095733642578,100.89888763427734,24.6299991607666,25.45766258239746,56.73261260986328
2017-10-23,36.40865707397461,48.314998626708984,164.3572235107422,22.284788131713867,189.38999938964844,13.370790481567383,48.87306213378906,113.56123352050781,79.04987335205078,71.97537231445312,13.687999725341797,31.22138214111328,29.52199935913086,19.246999740600586,4.857401371002197,20.73900604248047,35.75498580932617,70.13370513916016,2.6600000858306885,9.930000305175781,104.86737060546875,100.1322021484375,24.700000762939453,25.80994415283203,56.82135009765625
2017-10-24,36.625484466552734,48.79499816894531,164.68951416015625,22.711442947387695,189.77999877929688,13.74997329711914,49.01935577392578,111.99560546875,80.3071517944336,72.00274658203125,13.704000473022461,31.189027786254883,29.33240509033203,19.601999282836914,4.908293724060059,20.788578033447266,35.42623519897461,69.87664794921875,2.7100000381469727,10.15999984741211,103.8721694946289,101.03754425048828,24.829999923706055,25.614879608154297,56.97834014892578
2017-10-25,36.464622497558594,48.64550018310547,163.701904296875,22.670421600341797,188.7100067138672,13.271478652954102,49.16664123535156,112.56492614746094,80.38673400878906,71.79275512695312,13.78499984741211,31.116226196289062,29.03220558166504,19.37700080871582,4.784275054931641,20.710081100463867,35.110416412353516,69.7802505493164,2.6700000762939453,10.130000114440918,103.75172424316406,99.78150939941406,24.889999389648438,25.760456085205078,56.77356719970703
2017-10-26,36.6977653503418,48.621498107910156,164.12644958496094,22.76067352294922,188.61000061035156,13.26244831085205,49.16465377807617,112.1300277709961,80.95965576171875,71.91143798828125,14.095999717712402,31.02115821838379,28.289623260498047,19.520999908447266,4.834426403045654,20.185409545898438,34.44649124145508,70.29438781738281,2.690000057220459,10.170000076293945,103.80242919921875,101.0130844116211,25.020000457763672,25.80121612548828,56.97834014892578
2017-10-27,38.012630462646484,55.04750061035156,165.15098571777344,22.809911727905273,188.58999633789062,12.756872177124023,51.25983428955078,112.1063232421875,80.98353576660156,76.52230834960938,14.086000442504883,31.51664161682129,28.281719207763672,19.95400047302246,4.986852645874023,20.44981575012207,34.7623291015625,69.92485046386719,2.75,10.329999923706055,99.30197143554688,101.32301330566406,25.139999389648438,25.670194625854492,57.142181396484375
2017-10-30,38.86823654174805,55.54249954223633,164.22801208496094,22.645803451538086,187.85000610351562,12.585333824157715,51.23305892944336,110.69884490966797,80.69705200195312,76.59536743164062,13.581000328063965,31.419584274291992,28.621410369873047,19.836999893188477,5.035768508911133,20.59853744506836,34.917030334472656,69.30622863769531,2.7300000190734863,10.390000343322754,99.986572265625,101.4535140991211,24.549999237060547,25.315004348754883,57.02614212036133
2017-10-31,39.40911102294922,55.263999938964844,166.8308563232422,22.473501205444336,186.94000244140625,12.621445655822754,51.228599548339844,110.23233032226562,80.0604476928711,75.94711303710938,13.22599983215332,31.360933303833008,28.566125869750977,19.64299964904785,5.109138488769531,20.56962013244629,34.73065948486328,69.36248779296875,2.8499999046325684,10.5,98.45894622802734,101.13542938232422,24.520000457763672,25.419815063476562,56.89645004272461
2017-11-01,38.90787124633789,55.183998107910156,167.43080139160156,22.58837127685547,187.1699981689453,12.982577323913574,51.70268249511719,110.68305969238281,80.3071517944336,75.94711303710938,13.454000473022461,31.019147872924805,28.194820404052734,19.799999237060547,5.1187744140625,20.528305053710938,34.89892578125,69.8043212890625,2.819999933242798,10.479999542236328,99.57455444335938,101.48612213134766,24.940000534057617,25.60323143005371,57.25142288208008
2017-11-02,39.192291259765625,54.71099853515625,168.21533203125,22.867341995239258,188.61000061035156,12.847149848937988,51.72102355957031,110.64350891113281,80.84031677246094,76.741455078125,13.39900016784668,30.307273864746094,28.818918228149414,19.93199920654297,5.087647438049316,20.50765037536621,35.53955078125,69.49907684326172,2.890000104904175,10.619999885559082,101.01341247558594,102.20386505126953,24.850000381469727,25.853620529174805,57.019317626953125
2017-11-03,40.21575927734375,55.58000183105469,170.36590576171875,22.826309204101562,187.27000427246094,12.77492618560791,52.06915283203125,110.76212310791016,80.69705200195312,76.8236083984375,13.368000030517578,30.87151527404785,28.47132110595703,20.000999450683594,5.155585289001465,20.631591796875,35.70781707763672,69.5552978515625,2.869999885559082,10.880000114440918,98.2497329711914,102.45670318603516,24.719999313354492,26.10982894897461,56.7804069519043
2017-11-06,40.623741149902344,56.03300094604492,170.6796875,22.768878936767578,186.67999267578125,13.217308044433594,51.706642150878906,110.50910186767578,80.19573211669922,77.12493133544922,13.430000305175781,30.711753845214844,28.732019424438477,20.01300048828125,5.178805351257324,20.532438278198242,35.75957107543945,69.12952423095703,3.1500000953674316,11.239999771118164,98.24340057373047,102.4648666381836,24.979999542236328,25.82451057434082,57.16948699951172
2017-11-07,40.75429153442383,56.15850067138672,169.38754272460938,22.301191329956055,186.3000030517578,13.136055946350098,52.18816375732422,110.51703643798828,78.58036041259766,76.94232177734375,13.371000289916992,31.445865631103516,28.47132110595703,19.589000701904297,5.23809814453125,20.53657341003418,36.38079833984375,69.87664794921875,3.059999942779541,11.180000305175781,100.81690216064453,103.9574203491211,24.31999969482422,25.897293090820312,57.053443908691406
2017-11-08,41.08769226074219,56.64400100708008,167.5323028564453,21.981203079223633,184.60000610351562,13.41592788696289,52.48074722290039,111.74259948730469,77.69708251953125,77.20709228515625,13.439000129699707,31.330585479736328,28.684619903564453,19.643999099731445,5.167195796966553,20.767919540405273,36.348453521728516,70.35865783691406,2.5799999237060547,11.449999809265137,99.53651428222656,104.38155364990234,24.190000534057617,26.2786922454834,56.97834014892578
2017-11-09,41.00374221801758,56.45650100708008,164.30181884765625,21.73504638671875,184.49000549316406,13.289535522460938,51.95658493041992,110.9755859375,77.68912506103516,76.77796936035156,13.33899974822998,31.397319793701172,28.34491729736328,19.389999389648438,5.07233190536499,20.296955108642578,36.40669631958008,70.51932525634766,2.509999990463257,11.520000457763672,102.21775817871094,102.32621002197266,24.969999313354492,26.290332794189453,57.31967544555664
2017-11-10,40.8680534362793,56.26750183105469,165.76937866210938,21.7514591217041,183.67999267578125,13.009659767150879,51.779544830322266,110.35095977783203,77.5936508178711,76.5771255493164,13.350000381469727,31.379135131835938,28.060518264770508,19.20199966430664,5.339633464813232,20.61919403076172,36.413169860839844,70.82460021972656,2.549999952316284,11.579999923706055,103.79612731933594,101.53507232666016,25.399999618530273,26.470848083496094,57.140541076660156
2017-11-13,40.70426940917969,56.458499908447266,165.07717895507812,21.66120147705078,184.39999389648438,13.027714729309082,51.63325500488281,110.50910186767578,77.8721694946289,76.63189697265625,13.222000122070312,31.706758499145508,28.210615158081055,19.507999420166016,5.252920150756836,20.557222366333008,36.6720085144043,71.49944305419922,2.4200000762939453,11.239999771118164,101.6156005859375,102.49748229980469,24.950000762939453,26.491226196289062,57.10608673095703
2017-11-14,40.08892059326172,56.84199905395508,166.45240783691406,21.529926300048828,183.33999633789062,12.458939552307129,51.65507507324219,110.29559326171875,77.40265655517578,76.741455078125,13.317999839782715,32.03437042236328,28.660911560058594,19.570999145507812,5.29121208190918,20.59027671813965,36.82084655761719,71.3949966430664,2.2799999713897705,10.710000038146973,101.74237823486328,101.8449935913086,25.100000381469727,26.520341873168945,56.65827178955078
2017-11-15,39.56013870239258,56.33449935913086,164.2095184326172,21.981203079223633,181.80999755859375,12.305459022521973,51.395713806152344,109.98722839355469,78.134765625,76.14500427246094,13.223999977111816,31.82404899597168,28.502920150756836,19.211999893188477,5.187453746795654,20.520042419433594,36.5425910949707,70.8808364868164,2.25,10.470000267028809,102.20406341552734,100.85810852050781,25.68000030517578,26.153493881225586,55.94868087768555
2017-11-16,40.032772064208984,56.864498138427734,167.79075622558594,21.95658302307129,182.0500030517578,12.296430587768555,51.9937744140625,109.80537414550781,78.35755920410156,76.34688568115234,13.342000007629395,31.809894561767578,28.51081657409668,19.551000595092773,5.227720260620117,20.862937927246094,36.55554962158203,71.70027160644531,2.309999942779541,10.229999542236328,102.51826477050781,101.43718719482422,26.450000762939453,29.00379753112793,55.500858306884766
2017-11-17,39.810489654541016,56.49399948120117,166.44317626953125,21.841712951660156,181.05999755859375,12.513106346130371,51.36992645263672,109.11744689941406,78.09496307373047,75.61278533935547,13.37600040435791,31.557104110717773,28.605619430541992,19.31999969482422,5.221546649932861,21.032323837280273,36.549076080322266,71.04151153564453,2.319999933242798,10.350000381469727,103.85211944580078,100.55634307861328,27.899999618530273,28.377836227416992,55.28040313720703
2017-11-20,39.770713806152344,56.31549835205078,167.55076599121094,21.940174102783203,181.6300048828125,12.594359397888184,51.308937072753906,109.0621109008789,78.78727722167969,75.73206329345703,13.458999633789062,31.532838821411133,28.700414657592773,19.40999984741211,5.2887420654296875,21.247148513793945,36.316097259521484,70.9129867553711,2.380000114440918,10.170000076293945,101.966796875,101.3719482421875,28.270000457763672,28.380748748779297,55.49397277832031
2017-11-21,40.510066986083984,56.9744987487793,171.09506225585938,21.93197250366211,183.17999267578125,12.77492618560791,52.08451843261719,109.38629150390625,78.72361755371094,76.82405853271484,13.699999809265137,31.59148597717285,28.732019424438477,19.62299919128418,5.337409496307373,21.37934684753418,36.5878791809082,71.27448272705078,2.4700000286102295,10.180000305175781,102.05656433105469,102.58718872070312,29.31999969482422,28.101253509521484,55.71443557739258
2017-11-22,40.93590545654297,57.80799865722656,168.9075927734375,21.874540328979492,182.55999755859375,12.856178283691406,52.16485595703125,108.55604553222656,78.4928207397461,76.26429748535156,13.746000289916992,31.581905364990234,29.000608444213867,19.631999969482422,5.313429355621338,21.416528701782227,36.42610168457031,70.96117401123047,2.390000104904175,10.239999771118164,101.53072357177734,102.8318862915039,29.799999237060547,28.069229125976562,55.872886657714844
2017-11-24,40.9382438659668,59.29999923706055,172.01805114746094,21.817100524902344,182.36000061035156,12.955489158630371,52.39297866821289,109.12535858154297,78.23819732666016,76.40193939208984,13.743000030517578,31.754907608032227,28.976919174194336,19.575000762939453,5.363613605499268,21.581783294677734,36.490806579589844,71.05757904052734,2.390000104904175,10.069999694824219,101.31912231445312,102.80740356445312,30.15999984741211,28.13037109375,56.09334945678711
2017-11-27,40.732337951660156,59.791500091552734,170.49513244628906,21.817100524902344,183.49000549316406,12.720756530761719,53.1611213684082,109.86522674560547,77.92787170410156,76.96170806884766,13.630000114440918,31.95231819152832,29.308700561523438,19.5049991607666,5.2938995361328125,21.276065826416016,36.38079833984375,71.46728515625,2.3299999237060547,9.869999885559082,100.28671264648438,102.75032806396484,30.600000381469727,28.13037109375,55.879783630371094
2017-11-28,40.49369812011719,59.68000030517578,170.09817504882812,22.678627014160156,187.5399932861328,12.829094886779785,52.72869873046875,111.39265441894531,80.65727996826172,77.88849639892578,13.819999694824219,32.11308670043945,29.340299606323242,19.917999267578125,5.209104537963867,21.4495792388916,36.16078567504883,71.8207778930664,2.3499999046325684,9.920000076293945,100.11356353759766,103.54962158203125,31.56999969482422,28.174041748046875,56.26557540893555
2017-11-29,39.65373611450195,58.063499450683594,159.16075134277344,23.20374298095703,189.85000610351562,12.64853286743164,51.44382095336914,111.22557067871094,82.54322052001953,76.475341796875,13.659000396728516,32.10902786254883,28.91371726989746,18.815000534057617,4.855830669403076,21.201705932617188,35.895484924316406,71.8047103881836,2.2899999618530273,9.920000076293945,101.7872543334961,103.21522521972656,32.09000015258789,28.40403938293457,56.67894744873047
2017-11-30,40.208255767822266,58.837501525878906,162.00357055664062,23.211978912353516,193.00999450683594,12.567277908325195,51.383811950683594,110.84375762939453,83.1718521118164,77.23698425292969,13.675999641418457,32.163963317871094,29.22181510925293,18.757999420166016,4.961889266967773,21.387615203857422,35.922733306884766,72.29475402832031,2.369999885559082,10.140000343322754,103.72386169433594,103.0439453125,31.1200008392334,28.30796241760254,57.38165283203125
2017-12-01,40.02107238769531,58.11750030517578,159.15150451660156,23.154300689697266,194.55999755859375,12.738810539245605,50.83336639404297,111.3608627319336,83.38670349121094,77.31956481933594,13.5,32.0479736328125,29.379796981811523,18.68199920654297,4.886980056762695,21.478496551513672,36.08515930175781,72.59199523925781,2.509999990463257,10.829999923706055,104.10861206054688,101.42903900146484,31.31999969482422,28.34290313720703,57.498783111572266
2017-12-04,39.72860336303711,56.6974983215332,156.29026794433594,23.945341110229492,196.9600067138672,12.91034984588623,50.178768157958984,110.5891342163086,85.10552978515625,74.4015121459961,13.52299976348877,31.742694854736328,29.10331153869629,18.40399932861328,4.6145477294921875,21.086029052734375,35.9487190246582,73.43555450439453,2.359999895095825,10.59000015258789,104.95507049560547,101.07018280029297,32.130001068115234,28.243915557861328,57.57456970214844
2017-12-05,39.691162109375,57.07849884033203,157.3701629638672,23.838220596313477,196.07000732421875,12.738810539245605,50.56209945678711,111.1142349243164,84.12674713134766,74.86949157714844,13.456000328063965,31.675535202026367,28.59771728515625,18.42099952697754,4.641246795654297,20.94556999206543,35.87078857421875,73.42750549316406,2.3299999237060547,10.65999984741211,104.36512756347656,100.87443542480469,32.310001373291016,28.48265266418457,57.10608673095703
2017-12-06,39.54375457763672,57.61750030517578,157.52706909179688,23.599262237548828,196.00999450683594,12.955489158630371,51.212730407714844,112.22003173828125,83.49810028076172,75.96147155761719,13.446999549865723,32.11105728149414,28.305419921875,18.530000686645508,4.678825855255127,21.511550903320312,35.53298568725586,73.3070068359375,2.3399999141693115,10.109999656677246,104.37155151367188,100.29534149169922,32.63999938964844,28.322525024414062,56.68583679199219
2017-12-07,39.616294860839844,57.989498138427734,158.9115447998047,23.714616775512695,196.33999633789062,13.39787483215332,51.80037307739258,111.38470458984375,83.25141906738281,75.69536590576172,13.39900016784668,32.19247055053711,28.43603515625,18.520000457763672,4.746314525604248,21.28432846069336,35.61745071411133,72.38312530517578,2.380000114440918,10.0600004196167,103.92908477783203,100.63790130615234,32.529998779296875,28.32544708251953,56.87184524536133
2017-12-08,39.627986907958984,58.099998474121094,158.73617553710938,23.93709945678711,196.44000244140625,13.515242576599121,52.03889846801758,111.84612274169922,84.29386138916016,77.227783203125,13.625,32.365455627441406,28.024385452270508,18.854000091552734,4.733952522277832,21.536338806152344,36.10464096069336,72.60003662109375,2.4100000858306885,9.90999984741211,104.04450988769531,101.50244140625,33.09000015258789,28.258136749267578,56.947635650634766
2017-12-11,40.400108337402344,58.44599914550781,161.6436004638672,23.846458435058594,196.6999969482422,13.560379028320312,52.16734313964844,112.2836685180664,84.04716491699219,78.20967102050781,13.368000030517578,32.41023254394531,27.446475982666016,18.621999740600586,4.812321186065674,21.656147003173828,36.000728607177734,72.48756408691406,2.430000066757202,9.979999542236328,104.05095672607422,101.07833099365234,32.27000045776367,28.369352340698242,57.202537536621094
2017-12-12,40.17315673828125,58.25400161743164,158.90231323242188,24.159578323364258,199.07000732421875,14.183327674865723,52.00864791870117,113.44517517089844,85.02594757080078,78.53083801269531,13.236000061035156,31.966562271118164,27.383148193359375,18.572999954223633,4.717884540557861,22.0279598236084,36.20858383178711,72.18230438232422,2.380000114440918,10.149999618530273,106.67366790771484,101.33931732177734,32.380001068115234,28.30202865600586,57.01653289794922
2017-12-13,40.306522369384766,58.20650100708008,160.0098876953125,23.764057159423828,197.39999389648438,14.734046936035156,52.138580322265625,113.67587280273438,83.95964050292969,78.31977081298828,13.28499984741211,31.84444808959961,28.30145263671875,18.785999298095703,4.602682590484619,22.05687713623047,36.942630767822266,73.00973510742188,2.390000104904175,9.819999694824219,106.34017181396484,101.88578796386719,32.70000076293945,28.612274169921875,57.26453399658203
2017-12-14,40.29483413696289,58.7130012512207,158.67156982421875,23.673423767089844,196.66000366210938,14.616681098937988,52.440086364746094,112.68942260742188,83.28325653076172,77.71414947509766,13.175000190734863,32.15175247192383,28.420209884643555,18.95599937438965,4.6098504066467285,21.837923049926758,37.00758743286133,73.10616302490234,2.319999933242798,9.510000228881836,106.21194458007812,101.95101928710938,32.310001373291016,28.427888870239258,57.11299133300781
2017-12-15,40.70426940917969,58.957000732421875,160.41603088378906,23.928861618041992,197.77999877929688,15.329906463623047,53.160621643066406,113.33377838134766,84.46095275878906,79.69621276855469,13.265000343322754,32.24333953857422,28.396459579467773,19.011999130249023,4.735685348510742,21.69332504272461,37.28689956665039,73.82115936279297,2.359999895095825,9.449999809265137,107.60991668701172,101.41271209716797,32.779998779296875,28.42203140258789,57.202537536621094
2017-12-18,41.27749252319336,59.52899932861328,162.78811645507812,24.291425704956055,199.33999633789062,15.663955688476562,53.80976104736328,112.80873107910156,85.11347961425781,79.26492309570312,13.39799976348877,31.820024490356445,29.013938903808594,19.04199981689453,4.892420291900635,21.862709045410156,37.5467529296875,73.81311798095703,2.380000114440918,9.489999771118164,108.89885711669922,103.84323120117188,34.5,28.653249740600586,57.140541076660156
2017-12-19,40.83763885498047,59.36899948120117,163.39727783203125,24.266698837280273,197.91000366210938,15.645896911621094,53.54644012451172,112.79283905029297,84.75538635253906,78.7602767944336,13.482000350952148,31.362112045288086,28.77644920349121,18.70199966430664,4.848167419433594,21.809003829956055,36.60482406616211,73.65247344970703,2.4200000762939453,9.4399995803833,108.00106048583984,103.59040832519531,34.58000183105469,28.91666030883789,56.79608917236328
2017-12-20,40.79317092895508,58.88100051879883,161.68055725097656,24.291425704956055,197.7899932861328,15.943825721740723,53.23798751831055,112.2995834350586,84.46095275878906,78.47578430175781,13.506999969482422,31.268503189086914,28.982280731201172,18.881999969482422,4.865226745605469,21.75942611694336,36.124122619628906,73.53192901611328,2.4100000858306885,9.699999809265137,105.15385437011719,104.09607696533203,34.90999984741211,28.902023315429688,57.092315673828125
2017-12-21,40.94759750366211,58.737998962402344,161.0990447998047,24.571577072143555,198.88999938964844,16.413297653198242,53.10359573364258,112.22003173828125,85.80579376220703,78.4574203491211,13.364999771118164,31.4394474029541,29.077285766601562,18.86199951171875,4.842728614807129,22.0279598236084,35.8902702331543,73.64440155029297,2.4600000381469727,10.1899995803833,105.61561584472656,104.62621307373047,35.0,28.70008087158203,57.767486572265625
2017-12-22,40.94759750366211,58.417999267578125,161.7266845703125,24.62101173400879,197.9199981689453,16.341075897216797,53.00491714477539,111.47224426269531,85.5033950805664,78.46659851074219,13.192999839782715,31.45166015625,29.227684020996094,18.993999481201172,4.827402591705322,22.065139770507812,36.280033111572266,74.01394653320312,2.4200000762939453,10.359999656677246,107.1353759765625,104.65885162353516,34.720001220703125,28.74397850036621,57.85013198852539
2017-12-26,39.90876388549805,58.8380012512207,159.76071166992188,24.538612365722656,197.57000732421875,16.855684280395508,52.855648040771484,111.4483413696289,85.16120147705078,78.36566925048828,13.104000091552734,31.341764450073242,29.74225616455078,18.775999069213867,4.881048679351807,22.135372161865234,36.526885986328125,74.29515075683594,2.4000000953674316,10.619999885559082,108.60387420654297,104.38155364990234,35.630001068115234,29.02202796936035,57.85704803466797
2017-12-27,39.9157829284668,59.112998962402344,160.6375732421875,24.497417449951172,198.69000244140625,16.873735427856445,52.57545852661133,111.83020782470703,85.32036590576172,78.6501235961914,13.138999938964844,31.60429573059082,29.766010284423828,18.624000549316406,4.874372482299805,22.13123893737793,36.845191955566406,73.9898452758789,2.4100000858306885,10.720000267028809,109.5080337524414,104.5854263305664,35.29999923706055,29.051288604736328,57.80192947387695
2017-12-28,40.028099060058594,59.30500030517578,160.78521728515625,24.55510139465332,199.55999755859375,17.39737319946289,52.36470413208008,111.82225036621094,85.77395629882812,78.65928649902344,13.15999984741211,31.820024490356445,29.694765090942383,19.270999908447266,4.88006067276001,22.197343826293945,37.105018615722656,73.96575164794922,2.430000066757202,10.720000267028809,109.751708984375,104.6180648803711,35.2599983215332,29.092262268066406,57.884578704833984
2017-12-29,39.59523391723633,58.4734992980957,160.4345245361328,24.324377059936523,198.22000122070312,17.117496490478516,52.23825454711914,111.15399169921875,85.09757232666016,78.494140625,13.130000114440918,31.787466049194336,29.70268440246582,19.195999145507812,4.783645153045654,22.17255401611328,37.1787109375,73.81311798095703,2.359999895095825,10.680000305175781,110.13008117675781,103.72089385986328,35.060001373291016,28.902023315429688,57.62279510498047
2018-01-02,40.30417251586914,59.45050048828125,164.04336547851562,24.637496948242188,197.22000122070312,17.84878921508789,53.22063064575195,110.76419067382812,85.9012680053711,78.870361328125,13.180000305175781,31.5636043548584,30.209341049194336,20.10700035095215,4.92826509475708,22.374988555908203,36.91788864135742,72.8249740600586,2.4200000762939453,10.9399995803833,110.56609344482422,104.69962310791016,35.84000015258789,28.855195999145508,58.58041763305664
2018-01-03,40.297157287597656,60.209999084472656,165.2894744873047,24.55510139465332,199.7899932861328,17.57793426513672,54.128623962402344,111.82225036621094,85.98882293701172,79.23741912841797,13.23799991607666,30.894027709960938,29.956010818481445,20.5049991607666,5.252614974975586,22.589815139770508,36.8200798034668,72.73663330078125,2.4200000762939453,11.170000076293945,110.0531005859375,106.1351089477539,35.630001068115234,29.106903076171875,59.730960845947266
2018-01-04,40.484336853027344,60.47949981689453,166.8308563232422,24.876453399658203,200.69000244140625,17.821699142456055,54.33888626098633,111.81430053710938,87.22064971923828,79.9348373413086,13.505999565124512,30.735273361206055,30.288496017456055,20.562999725341797,5.280303001403809,22.511320114135742,36.024600982666016,73.25077056884766,2.4000000953674316,11.789999961853027,106.83396911621094,107.79078674316406,34.349998474121094,29.133243560791016,59.81363296508789
2018-01-05,40.94526672363281,61.457000732421875,168.78758239746094,24.99181365966797,201.4199981689453,17.96615219116211,55.0594367980957,112.73713684082031,86.6607437133789,80.92584991455078,13.50100040435791,30.87571144104004,30.399328231811523,20.999000549316406,5.325049877166748,22.614601135253906,35.9985237121582,73.2989730834961,2.359999895095825,11.609999656677246,107.82795715332031,109.17732238769531,34.2599983215332,29.305927276611328,59.765411376953125
2018-01-08,40.79317092895508,62.34349822998047,169.67364501953125,24.81877326965332,202.74000549316406,17.88489532470703,55.25382614135742,112.88034057617188,86.7886962890625,81.00843811035156,13.66100025177002,31.130098342895508,30.367660522460938,21.204999923706055,5.4882121086120605,22.593942642211914,36.044166564941406,73.68460845947266,2.3299999237060547,11.859999656677246,108.53331756591797,109.91951751708984,33.7400016784668,29.739089965820312,60.03409957885742
2018-01-09,40.78849792480469,62.6349983215332,168.7598876953125,24.9423770904541,203.02000427246094,17.081382751464844,55.18340301513672,114.6703109741211,87.22862243652344,80.95340728759766,13.625,30.902162551879883,30.169750213623047,20.930999755859375,5.486729145050049,22.664175033569336,35.372589111328125,73.14633178710938,2.319999933242798,12.0600004196167,106.1478271484375,109.06312561035156,32.369998931884766,29.382015228271484,59.77915954589844
2018-01-10,40.77914810180664,62.71649932861328,166.79391479492188,25.173091888427734,205.61000061035156,17.61404800415039,55.05199432373047,114.53509521484375,88.18851470947266,80.58634185791016,13.661999702453613,30.647764205932617,30.35183334350586,21.25200080871582,5.529746055603027,22.635257720947266,34.5966682434082,72.68038940429688,2.3399999141693115,11.829999923706055,105.79513549804688,111.24895477294922,32.939998626708984,29.171293258666992,59.303802490234375
2018-01-11,41.010772705078125,63.83399963378906,164.80027770996094,25.263734817504883,206.69000244140625,17.948089599609375,55.1467170715332,115.18743896484375,88.66045379638672,80.82489776611328,13.836000442504883,30.629459381103516,30.747661590576172,21.724000930786133,5.5396342277526855,22.705488204956055,34.74012756347656,72.42330932617188,2.4000000953674316,12.119999885559082,105.69894409179688,111.66492462158203,34.2400016784668,29.27372932434082,59.889404296875
2018-01-12,41.43427276611328,65.26000213623047,166.94158935546875,25.70045280456543,210.16000366210938,17.830730438232422,56.069087982177734,115.95911407470703,90.124267578125,82.21973419189453,13.975000381469727,30.592815399169922,31.49971580505371,22.12299919128418,5.512440204620361,22.738536834716797,34.37496566772461,71.98948669433594,2.3499999046325684,12.199999809265137,106.1350326538086,111.90145111083984,34.63999938964844,29.522504806518555,60.29587936401367
2018-01-16,41.22369384765625,65.24299621582031,172.02728271484375,25.741653442382812,210.2899932861328,17.442516326904297,56.07157516479492,116.83417510986328,89.8043212890625,81.07266235351562,13.831000328063965,30.63759422302246,31.66596794128418,22.152999877929688,5.441488742828369,22.850086212158203,34.518409729003906,72.47953796386719,2.2799999713897705,11.470000267028809,105.83362579345703,112.52947998046875,33.310001373291016,29.469829559326172,59.91694641113281
2018-01-17,41.9045524597168,64.75,183.84158325195312,25.692203521728516,214.16000366210938,17.84878921508789,56.48812484741211,116.92967987060547,90.3802261352539,82.71522521972656,13.960000038146973,30.910297393798828,31.230566024780273,21.75,5.555455207824707,23.304521560668945,34.71403884887695,73.266845703125,2.309999942779541,11.609999656677246,107.34698486328125,114.77239227294922,33.77000045776367,30.058109283447266,60.62655258178711
2018-01-18,41.94198226928711,64.66600036621094,187.69969177246094,25.939411163330078,213.19000244140625,17.514739990234375,56.33291244506836,116.8819580078125,90.59622955322266,82.67855072021484,13.885000228881836,30.68643569946289,31.06432342529297,22.033000946044922,5.5485334396362305,23.34583854675293,34.394527435302734,72.99971008300781,2.2699999809265137,11.319999694824219,105.32703399658203,113.06776428222656,33.84000015258789,30.526395797729492,60.23387145996094
2018-01-19,41.75481033325195,64.72899627685547,189.69337463378906,26.13716697692871,213.25,18.02031898498535,56.706321716308594,117.23200225830078,90.39623260498047,82.58676147460938,14.097999572753906,30.560251235961914,31.246397018432617,22.04599952697754,5.688704967498779,23.8746395111084,34.64883804321289,73.72013854980469,2.2699999809265137,11.600000381469727,105.32061767578125,114.06281280517578,34.81999969482422,30.611278533935547,60.040977478027344
2018-01-22,41.413204193115234,66.3655014038086,189.71180725097656,26.318450927734375,215.97000122070312,18.047407150268555,57.73085403442383,117.85253143310547,91.45211029052734,84.06415557861328,13.92199993133545,30.531768798828125,31.396812438964844,22.757999420166016,5.777207374572754,23.94074058532715,35.11829376220703,74.38392639160156,2.25,11.930000305175781,106.51335906982422,113.69578552246094,35.099998474121094,30.86297607421875,60.7988166809082
2018-01-23,41.422569274902344,68.12699890136719,189.6102752685547,26.30196762084961,215.55999755859375,17.65016746520996,58.3264274597168,112.8326187133789,91.35612487792969,84.33025360107422,13.90999984741211,31.08126449584961,31.919292449951172,25.02899932861328,5.906256675720215,23.936607360839844,35.55515670776367,72.0849838256836,2.2100000381469727,11.720000267028809,106.66081237792969,113.597900390625,35.310001373291016,30.994678497314453,60.83324432373047
2018-01-24,40.762760162353516,67.87550354003906,186.6751708984375,26.442047119140625,215.61000061035156,17.6953067779541,58.08443069458008,113.0235366821289,92.52396392822266,84.25684356689453,13.829000473022461,30.700685501098633,32.90886306762695,26.1299991607666,5.829371452331543,23.849853515625,35.216087341308594,71.48594665527344,2.2100000381469727,11.5,106.51335906982422,113.39401245117188,34.56999969482422,30.96248435974121,60.99171447753906
2018-01-25,40.03510284423828,68.89749908447266,185.3645477294922,26.442047119140625,215.10000610351562,17.893922805786133,58.62248611450195,114.87715911865234,92.54795837402344,84.72484588623047,13.732999801635742,31.156551361083984,32.275535583496094,26.969999313354492,5.8429694175720215,23.73830795288086,35.49644470214844,71.5102310180664,2.119999885559082,11.319999694824219,105.29496002197266,112.70074462890625,34.09000015258789,31.199560165405273,60.88147735595703
2018-01-26,40.128692626953125,70.10250091552734,190.60711669921875,26.532690048217773,217.19000244140625,17.64113426208496,58.891265869140625,115.61700439453125,93.04390716552734,86.31236267089844,13.779000282287598,32.09273910522461,32.49720001220703,27.459999084472656,6.015523910522461,24.019237518310547,35.34650802612305,71.01644897460938,2.0799999237060547,11.15999984741211,104.9807357788086,113.82628631591797,34.9900016784668,31.72344207763672,61.31550979614258
2018-01-29,39.298099517822266,70.88400268554688,188.30886840820312,26.598604202270508,215.4600067138672,17.72239112854004,58.83770751953125,114.30437469482422,92.9478988647461,86.18387603759766,13.795000076293945,31.68368148803711,31.729299545288086,28.458999633789062,6.102546215057373,23.76722526550293,34.59013748168945,70.31220245361328,2.0,11.010000228881836,104.4740982055664,113.80181121826172,35.279998779296875,32.06295394897461,60.63347625732422
2018-01-30,39.06645584106445,71.89099884033203,184.8106689453125,26.269010543823242,214.41000366210938,17.27097511291504,58.38593292236328,113.30987548828125,92.07600402832031,85.10108184814453,13.838000297546387,31.56563377380371,31.745136260986328,27.8799991607666,6.000446319580078,23.41606903076172,34.205448150634766,70.38506317138672,1.9299999475479126,10.989999771118164,104.27534484863281,113.87521362304688,34.41999816894531,31.530288696289062,59.78604507446289
2018-01-31,39.17409133911133,72.54450225830078,187.33047485351562,26.367889404296875,214.3800048828125,17.60502052307129,58.6264533996582,109.93684387207031,92.52396392822266,87.18411254882812,13.77299976348877,32.24131774902344,32.06971740722656,27.030000686645508,6.0765862464904785,22.928573608398438,34.826805114746094,69.8912582397461,1.9299999475479126,10.789999961853027,104.7627182006836,112.4886703491211,34.11000061035156,31.199560165405273,60.14430618286133
2018-02-01,39.255985260009766,69.5,185.90908813476562,26.77988624572754,217.25,17.559877395629883,58.59520721435547,111.39265441894531,93.48381805419922,86.49591064453125,13.913999557495117,31.817995071411133,31.950965881347656,26.506999969482422,5.945562839508057,21.428922653198242,33.77920913696289,69.4946060180664,1.9199999570846558,11.020000457763672,102.37720489501953,113.20643615722656,33.68000030517578,30.88345718383789,61.36372756958008
2018-02-02,37.55265426635742,71.49749755859375,179.5866241455078,26.326684951782227,209.1199951171875,16.223705291748047,55.501277923583984,109.53107452392578,91.412109375,84.22013854980469,13.57699966430664,31.732519149780273,30.850566864013672,26.743000030517578,5.773005962371826,20.850549697875977,33.55659103393555,68.19944763183594,1.940000057220459,10.319999694824219,100.37007904052734,111.42837524414062,32.619998931884766,30.579078674316406,58.235939025878906
2018-02-05,36.614418029785156,69.5,172.30419921875,24.93413734436035,196.8000030517578,15.934802055358887,52.68406677246094,103.73153686523438,87.02869415283203,80.75151062011719,13.159000396728516,31.40078353881836,29.92434310913086,25.426000595092773,5.283020973205566,20.363054275512695,32.8035888671875,65.6171646118164,1.7999999523162842,9.789999961853027,99.47230529785156,107.60317993164062,32.09000015258789,29.29421043395996,54.92215347290039
2018-02-06,38.144615173339844,72.14199829101562,179.16200256347656,25.70869255065918,201.24000549316406,16.91887664794922,53.77703857421875,104.87714385986328,89.67633819580078,83.80721282958984,13.300000190734863,30.438135147094727,29.78976058959961,26.57200050354004,5.576715469360352,20.46220588684082,32.78395080566406,66.68569946289062,1.840000033378601,10.0,100.0238037109375,113.17378234863281,33.08000183105469,29.531286239624023,53.97829818725586
2018-02-07,37.32804489135742,70.83899688720703,172.73797607421875,25.749893188476562,200.3699951171875,16.1243953704834,52.337928771972656,104.55097198486328,90.28425598144531,82.2288589477539,13.35200023651123,30.13896942138672,29.314775466918945,26.45599937438965,5.656320571899414,20.639850616455078,32.03097915649414,66.24856567382812,1.9800000190734863,9.640000343322754,99.30560302734375,111.64044952392578,33.939998626708984,30.10201072692871,53.00691604614258
2018-02-08,36.300907135009766,67.5250015258789,166.04629516601562,24.50565528869629,191.4199981689453,15.492417335510254,49.97248077392578,100.52547454833984,86.29277038574219,78.00778198242188,13.152999877929688,29.56911277770996,28.982280731201172,25.010000228881836,5.3774590492248535,20.044950485229492,31.140506744384766,64.93718719482422,1.7200000286102295,9.180000305175781,97.58699035644531,109.6421890258789,32.36000061035156,29.27372932434082,52.407527923583984
2018-02-09,36.744911193847656,66.9800033569336,169.52593994140625,24.99181365966797,196.02000427246094,15.862569808959961,51.884674072265625,103.04735565185547,88.02055358886719,80.91667175292969,13.062000274658203,30.141016006469727,29.10102653503418,24.94700050354004,5.737407684326172,20.685298919677734,32.01790237426758,64.69435119628906,1.7000000476837158,9.359999656677246,100.80609893798828,111.38761901855469,34.22999954223633,29.083486557006836,52.741600036621094
2018-02-12,38.22495651245117,69.3115005493164,171.9903564453125,25.642772674560547,198.88999938964844,15.862569808959961,52.2957763671875,103.63606262207031,89.38037109375,81.78844451904297,13.286999702453613,30.52769660949707,29.21977424621582,25.795000076293945,5.637284278869629,20.850549697875977,31.873838424682617,65.83573913574219,1.75,9.510000228881836,100.54963684082031,113.17378234863281,33.70000076293945,29.136173248291016,53.187042236328125
2018-02-13,38.607887268066406,70.72550201416016,170.97509765625,25.692203521728516,197.99000549316406,16.070226669311523,52.27494812011719,103.38945770263672,89.93231964111328,82.43075561523438,13.451000213623047,30.745458602905273,29.306848526000977,25.82699966430664,5.751003742218018,20.718347549438477,32.076812744140625,65.97334289550781,1.7799999713897705,9.220000267028809,100.96517944335938,110.13973236083984,34.13999938964844,29.554702758789062,53.10350799560547
2018-02-14,39.319705963134766,72.55249786376953,176.60533142089844,26.367889404296875,200.5399932861328,17.261947631835938,53.195335388183594,103.15874481201172,92.01202392578125,83.72147369384766,13.583000183105469,30.54397201538086,30.874317169189453,26.600000381469727,5.9683074951171875,20.98687744140625,31.49408721923828,65.30955505371094,1.7799999713897705,9.300000190734863,100.05612182617188,110.49044799804688,35.900001525878906,29.76542854309082,53.21487045288086
2018-02-15,40.6400032043457,73.08799743652344,179.8911895751953,26.540922164916992,203.89999389648438,17.261947631835938,54.12070083618164,104.39979553222656,92.3959732055664,85.42708587646484,13.78499984741211,31.429277420043945,31.198884963989258,28.027000427246094,6.093894004821777,21.300857543945312,32.26668930053711,66.70996856689453,1.8300000429153442,9.229999542236328,101.39376068115234,110.33550262451172,36.06999969482422,30.21323013305664,53.040870666503906
2018-02-16,40.50843811035156,72.43450164794922,177.4268035888672,26.343172073364258,203.7899932861328,16.909849166870117,54.32600402832031,105.92724609375,91.73206329345703,84.81859588623047,13.755000114440918,31.758970260620117,30.96139907836914,27.851999282836914,6.028135299682617,21.42479705810547,32.71194076538086,66.86376953125,1.850000023841858,9.09000015258789,101.35479736328125,111.08582305908203,35.380001068115234,30.666879653930664,53.27055740356445
2018-02-20,40.37217712402344,73.4175033569336,180.4634246826172,26.310213088989258,203.0500030517578,16.63900375366211,54.72718048095703,104.11339569091797,91.75607299804688,85.48238372802734,13.798999786376953,31.3030948638916,30.391414642333984,27.854999542236328,6.157675266265869,21.06537437438965,32.34526062011719,65.84383392333984,1.7699999809265137,9.09000015258789,101.03016662597656,110.80036926269531,35.22999954223633,27.54399871826172,52.72073745727539
2018-02-21,40.188934326171875,74.14600372314453,179.43890380859375,26.260766983032227,201.02000427246094,16.909849166870117,55.231014251708984,103.34967041015625,92.13999938964844,84.3484115600586,13.677000045776367,30.885883331298828,30.209341049194336,28.104000091552734,5.970532417297363,21.2884578704834,31.68396759033203,64.9533920288086,1.9900000095367432,9.010000228881836,98.24447631835938,109.94398498535156,35.540000915527344,26.785961151123047,52.12218475341797
2018-02-22,40.52488708496094,74.26699829101562,178.4051971435547,26.11245346069336,200.72999572753906,17.298063278198242,55.040096282958984,103.34967041015625,91.9720458984375,84.56967163085938,13.737000465393066,30.99781608581543,29.78976058959961,27.81399917602539,5.9900736808776855,21.920549392700195,32.2797966003418,65.43907165527344,1.8799999952316284,9.359999656677246,100.01714324951172,110.2947006225586,35.380001068115234,27.151805877685547,52.79728317260742
2018-02-23,41.229671478271484,75.0,181.66331481933594,26.392610549926758,202.75999450683594,17.65016746520996,55.942138671875,105.02827453613281,93.83576965332031,86.7177963256836,13.79800033569336,31.80171012878418,30.628904342651367,28.593000411987305,6.0835795402526855,22.279966354370117,32.869075775146484,65.60906219482422,1.9600000381469727,9.699999809265137,101.72493743896484,111.76280975341797,37.04999923706055,27.18692970275879,53.959571838378906
2018-02-26,42.04486083984375,76.09750366210938,185.3737335205078,26.713964462280273,210.6199951171875,17.632108688354492,56.716243743896484,105.7408447265625,95.00361633300781,87.97162628173828,13.769000053405762,31.69922637939453,31.127649307250977,29.416000366210938,6.0996599197387695,22.523712158203125,33.130985260009766,66.07856750488281,1.9600000381469727,9.670000076293945,103.28983306884766,112.90463256835938,37.11000061035156,27.25424575805664,54.871307373046875
2018-02-27,41.90859603881836,75.5989990234375,182.23558044433594,26.63981056213379,209.66000366210938,17.2348690032959,55.417476654052734,105.42058563232422,93.87577819824219,86.84687042236328,13.515999794006348,31.09046173095703,30.430992126464844,29.06100082397461,6.086795806884766,21.742900848388672,32.32562255859375,65.19622039794922,1.899999976158142,9.619999885559082,99.9522476196289,110.94718170166016,35.970001220703125,26.785961151123047,53.93868637084961
2018-02-28,41.84516906738281,75.62249755859375,180.34344482421875,26.450288772583008,207.1999969482422,16.7924861907959,54.7435417175293,103.98744201660156,92.38797760009766,86.45043182373047,12.79800033569336,31.186792373657227,30.240995407104492,29.13800048828125,5.986364841461182,21.267803192138672,32.34469985961914,63.56107711791992,1.8600000143051147,9.109999656677246,99.67951202392578,109.7808837890625,35.290000915527344,26.344017028808594,52.7137565612793
2018-03-01,41.11220169067383,74.67250061035156,177.14988708496094,26.0367374420166,201.52999877929688,16.73831558227539,53.13136672973633,101.90576934814453,90.73218536376953,85.60223388671875,12.38700008392334,31.408164978027344,30.169750213623047,29.038999557495117,5.744189739227295,20.75552749633789,32.62750244140625,63.70677947998047,1.809999942779541,9.359999656677246,100.60807037353516,106.34715270996094,35.15999984741211,26.07181739807129,52.33793258666992
2018-03-02,41.396453857421875,75.01249694824219,178.66360473632812,26.160810470581055,201.33999633789062,16.539690017700195,53.76264953613281,103.1387939453125,90.64420318603516,85.78663635253906,12.543000221252441,31.330278396606445,30.027259826660156,30.104999542236328,5.85129976272583,20.95796012878418,32.7064094543457,64.35438537597656,1.8899999856948853,9.479999542236328,100.98468017578125,106.5102767944336,36.47999954223633,25.981090545654297,52.58152770996094
2018-03-05,41.53977584838867,76.18049621582031,183.07550048828125,26.57435417175293,203.24000549316406,16.42232894897461,54.289306640625,103.91535186767578,92.0360336303711,86.33056640625,13.413999557495117,31.775068283081055,30.304323196411133,31.5,5.829283714294434,20.9992733001709,33.08786392211914,64.99386596679688,1.8899999856948853,9.649999618530273,102.244384765625,106.82835388183594,36.22999954223633,26.335235595703125,53.0826416015625
2018-03-06,41.5045280456543,76.88200378417969,187.2197265625,26.557811737060547,204.5500030517578,16.882766723632812,54.593788146972656,102.65837860107422,92.11602020263672,86.03556823730469,13.319999694824219,31.414302825927734,30.75558090209961,32.52199935913086,5.990320682525635,20.90838623046875,33.23914337158203,64.7752914428711,1.8799999952316284,9.539999961853027,102.35479736328125,107.12198638916016,36.97999954223633,26.065967559814453,53.01998519897461
2018-03-07,41.11924362182617,77.25,190.1825714111328,26.61570930480957,204.3000030517578,16.359128952026367,55.294986724853516,103.3149185180664,91.77205657958984,86.53340148925781,13.324999809265137,31.371274948120117,29.953109741210938,32.11600112915039,5.982405185699463,20.916650772094727,33.44302749633789,64.07913208007812,1.8300000429153442,9.390000343322754,101.24440002441406,105.88227081298828,37.06999969482422,25.67963981628418,51.68370819091797
2018-03-08,41.56794738769531,77.59300231933594,189.23187255859375,26.63224983215332,205.2899932861328,16.133420944213867,56.00611114501953,105.73283386230469,91.78005981445312,87.05889892578125,13.420999526977539,31.629535675048828,29.92133140563965,31.700000762939453,5.966078758239746,21.077768325805664,33.265464782714844,64.73480987548828,1.8899999856948853,9.4399995803833,101.47818756103516,105.6701889038086,35.130001068115234,25.885726928710938,51.586265563964844
2018-03-09,42.282135009765625,78.94450378417969,193.28378295898438,27.062332153320312,212.94000244140625,16.63900375366211,57.56621551513672,107.12596893310547,94.41970825195312,89.00423431396484,13.626999855041504,31.732027053833008,29.9610595703125,33.14400100708008,6.06873893737793,21.015798568725586,33.456172943115234,64.99386596679688,1.940000057220459,9.579999923706055,101.66651153564453,105.78437042236328,35.880001068115234,26.121273040771484,51.89250183105469
2018-03-12,42.69091033935547,79.91950225830078,195.02825927734375,27.161584854125977,211.82000732421875,16.756370544433594,57.81863021850586,106.18922424316406,94.11576843261719,89.21623992919922,13.607000350952148,31.645919799804688,30.175565719604492,32.130001068115234,6.178323268890381,21.015798568725586,33.70610046386719,64.64579010009766,2.0799999237060547,9.899999618530273,101.77688598632812,106.30638885498047,35.060001373291016,25.929895401000977,52.36576843261719
2018-03-13,42.279781341552734,79.40899658203125,192.00086975097656,26.76458168029785,209.1300048828125,16.684144973754883,56.52829360961914,107.56631469726562,92.9879150390625,87.04047393798828,13.503999710083008,31.703325271606445,30.36625862121582,31.58799934387207,6.12761116027832,20.792709350585938,33.837623596191406,64.53243255615234,1.9700000286102295,9.789999961853027,102.25090026855469,106.0290756225586,35.459999084472656,25.997608184814453,51.871612548828125
2018-03-14,41.920352935791016,79.55000305175781,195.24050903320312,26.58262825012207,206.99000549316406,16.84664535522461,56.97361373901367,105.9410400390625,91.9480209350586,86.52418518066406,13.343000411987305,32.38793182373047,30.342422485351562,32.154998779296875,6.1530914306640625,20.77618408203125,33.79816436767578,63.94960021972656,1.940000057220459,9.779999732971191,102.91321563720703,106.0290756225586,35.29999923706055,25.81212615966797,51.224361419677734
2018-03-15,41.96968460083008,79.11599731445312,197.9264373779297,26.54953956604004,207.82000732421875,16.620946884155273,57.05890655517578,106.53349304199219,92.17999267578125,86.82840728759766,13.336999893188477,32.41458511352539,29.64325714111328,32.10900115966797,6.167932987213135,20.81749725341797,33.633750915527344,63.68251419067383,1.9600000381469727,9.539999961853027,101.68595886230469,106.34715270996094,35.380001068115234,25.7650146484375,51.7950553894043
2018-03-16,41.8216667175293,78.58399963378906,197.57568359375,26.607437133789062,206.9600067138672,16.5758056640625,56.25604248046875,107.0299072265625,92.3399658203125,87.21563720703125,13.175999641418457,33.00901412963867,29.70681381225586,31.844999313354492,6.196133136749268,20.838153839111328,33.850791931152344,63.92530822753906,2.0399999618530273,9.880000114440918,102.0301284790039,105.95567321777344,35.93000030517578,26.253755569458008,52.28226089477539
2018-03-19,41.18268966674805,77.24649810791016,196.36659240722656,26.450292587280273,203.99000549316406,16.295928955078125,54.5526237487793,104.27567291259766,91.61205291748047,85.63912963867188,13.085000038146973,32.781494140625,29.770376205444336,31.347999572753906,5.9616265296936035,20.838153839111328,33.47590637207031,63.674381256103516,1.9800000190734863,9.640000343322754,100.92625427246094,104.26734161376953,35.75,25.747344970703125,51.60715103149414
2018-03-20,41.1685905456543,79.32550048828125,196.22811889648438,26.450292587280273,204.75,16.69317054748535,54.34087371826172,105.05228424072266,91.70005798339844,85.86038208007812,13.071000099182129,32.881927490234375,29.63530731201172,31.75,6.173871040344238,20.87120246887207,33.1996955871582,63.39107131958008,1.9600000381469727,9.6899995803833,100.37429809570312,105.4173583984375,36.380001068115234,25.894567489624023,51.495792388916016
2018-03-21,40.235923767089844,79.09300231933594,197.27110290527344,26.359310150146484,204.8300018310547,17.316116333007812,54.25161361694336,105.03628540039062,91.78005981445312,85.26111602783203,13.072999954223633,32.812232971191406,30.36625862121582,31.648000717163086,6.148640155792236,20.759658813476562,32.81821823120117,62.363033294677734,1.9600000381469727,10.40999984741211,100.21845245361328,105.44182586669922,36.529998779296875,25.962278366088867,52.22658157348633
2018-03-22,39.66740417480469,77.24600219726562,188.95498657226562,25.26755142211914,197.6300048828125,16.295928955078125,52.225852966308594,101.9858169555664,87.94855499267578,82.78111267089844,13.086000442504883,33.1832389831543,29.881608963012695,30.670000076293945,5.982651710510254,20.330005645751953,32.79849624633789,61.85304260253906,1.909999966621399,10.029999732971191,99.04317474365234,103.59854888916016,36.0099983215332,25.656078338623047,51.15476989746094
2018-03-23,38.74884033203125,74.77799987792969,183.7769775390625,24.126169204711914,192.4600067138672,15.81743335723877,50.90675354003906,100.16036987304688,85.59685516357422,80.37483215332031,12.97700023651123,32.69129180908203,30.7952938079834,30.0939998626709,5.762988567352295,20.309066772460938,32.44334411621094,61.448299407958984,1.8899999856948853,10.180000305175781,98.52371215820312,101.54322814941406,36.220001220703125,25.14967155456543,50.7302131652832
2018-03-26,40.58832550048828,77.79299926757812,191.4747314453125,25.176570892333984,199.33999633789062,16.025081634521484,52.272464752197266,101.99384307861328,88.23652648925781,86.45965576171875,13.069999694824219,33.08893585205078,31.69309425354004,32.03499984741211,6.047714710235596,20.75720977783203,32.851112365722656,61.85304260253906,1.9500000476837158,10.0600004196167,99.55614471435547,103.83509063720703,37.790000915527344,25.762069702148438,51.50276184082031
2018-03-27,39.54758071899414,74.85250091552734,184.86607360839844,24.4156494140625,196.14999389648438,15.56464672088623,49.934288024902344,101.8497085571289,86.52474975585938,82.48609161376953,12.842000007629395,33.32671356201172,31.00982093811035,30.069000244140625,5.57869815826416,20.33838653564453,33.09444808959961,62.970149993896484,1.8899999856948853,9.850000381469727,97.69905853271484,104.43046569824219,36.13999938964844,25.33515739440918,51.29395294189453
2018-03-28,39.110633850097656,71.57099914550781,179.5496826171875,24.308135986328125,196.6699981689453,15.122264862060547,49.84701156616211,102.04188537597656,86.38875579833984,82.4123306274414,12.770000457763672,33.26112365722656,30.50132942199707,28.57699966430664,5.475544452667236,20.572925567626953,34.04152297973633,63.82010269165039,1.909999966621399,9.760000228881836,101.23790740966797,107.35051727294922,36.380001068115234,25.841564178466797,50.674537658691406
2018-03-29,39.41603469848633,72.36699676513672,183.269287109375,24.804378509521484,199.47999572753906,15.862569808959961,51.43191146850586,102.60234832763672,87.96455383300781,84.14556884765625,12.89900016784668,33.4784049987793,31.041603088378906,29.53499984741211,5.728851318359375,20.62737464904785,34.16700744628906,64.17626190185547,1.8899999856948853,9.899999618530273,100.22494506835938,108.18030548095703,36.959999084472656,26.194875717163086,51.927303314208984
2018-04-02,39.15760803222656,68.59950256347656,178.18360900878906,24.241966247558594,195.0,15.474361419677734,50.216468811035156,99.72801971435547,86.2687759399414,81.61026000976562,12.553999900817871,33.281620025634766,31.200496673583984,28.02899932861328,5.468122482299805,20.275558471679688,33.79712677001953,62.65442657470703,1.7699999809265137,9.630000114440918,99.40029907226562,105.04369354248047,36.90999984741211,25.187946319580078,50.95988845825195
2018-04-03,39.55934143066406,69.60250091552734,184.07232666015625,24.473546981811523,197.9600067138672,15.691040992736816,50.516475677490234,102.7624740600586,87.45262908935547,82.70733642578125,12.682000160217285,33.205780029296875,30.850914001464844,28.367000579833984,5.57449197769165,20.581298828125,34.17362976074219,63.512474060058594,1.7799999713897705,9.8100004196167,100.14701080322266,106.504150390625,36.91999816894531,25.55597686767578,52.212650299072266
2018-04-04,40.315799713134766,70.52850341796875,182.99240112304688,24.713407516479492,200.11000061035156,15.654928207397461,51.0634651184082,104.41178894042969,88.78045654296875,85.12285614013672,12.680000305175781,33.273433685302734,30.978036880493164,28.893999099731445,5.596508502960205,20.459842681884766,34.642574310302734,63.99009323120117,1.8300000429153442,9.59000015258789,101.47818756103516,106.01456451416016,37.060001373291016,25.679636001586914,52.10825729370117
2018-04-05,40.595359802246094,72.5875015258789,183.3800811767578,25.077320098876953,200.85000610351562,16.350099563598633,51.20875930786133,104.65196228027344,89.9461669921875,85.16893005371094,12.758000373840332,33.61572265625,31.200496673583984,29.39699935913086,5.476285934448242,20.447277069091797,34.5897331237793,63.787742614746094,1.8300000429153442,9.979999542236328,101.00415802001953,105.7158432006836,38.54999923706055,25.853342056274414,52.90864562988281
2018-04-06,39.55698013305664,70.2614974975586,179.64198303222656,24.506633758544922,195.49000549316406,15.645896911621094,50.08356475830078,102.56230163574219,87.70315551757812,83.186767578125,12.586999893188477,33.359519958496094,31.216392517089844,28.885000228881836,5.299911022186279,20.34256935119629,34.39817428588867,63.48818588256836,1.7999999523162842,9.720000267028809,100.0626449584961,104.0313491821289,38.540000915527344,25.523584365844727,52.10825729370117
2018-04-09,39.949310302734375,70.30400085449219,183.2416534423828,24.705137252807617,195.3300018310547,15.736180305480957,50.58640670776367,103.66716766357422,88.75633239746094,83.68460845947266,12.543999671936035,33.23242950439453,30.65228843688965,28.993000030517578,5.328606128692627,20.832605361938477,34.272701263427734,63.2696533203125,1.8300000429153442,9.899999618530273,99.62107849121094,104.69518280029297,37.880001068115234,25.402873992919922,52.10825729370117
2018-04-10,40.701080322265625,71.81099700927734,189.72105407714844,25.209657669067383,197.8000030517578,16.431354522705078,51.400177001953125,104.28368377685547,90.45266723632812,85.62989807128906,12.75100040435791,33.16478729248047,31.35940170288086,29.80699920654297,5.637820720672607,21.117406845092773,34.16040802001953,63.439613342285156,1.850000023841858,10.510000228881836,100.6015853881836,106.429443359375,38.58000183105469,25.452926635742188,53.63941955566406
2018-04-11,40.51079177856445,71.35250091552734,189.72105407714844,24.729944229125977,195.22000122070312,16.23272705078125,50.832862854003906,103.78727722167969,88.93319702148438,84.68954467773438,12.869999885559082,33.00901412963867,32.28898620605469,30.367000579833984,5.596508502960205,20.899614334106445,34.2330436706543,63.35866165161133,1.8600000143051147,11.180000305175781,99.74445343017578,106.05604553222656,38.22999954223633,25.2939395904541,53.88997268676758
2018-04-12,40.91017150878906,72.42500305175781,190.35791015625,25.350265502929688,198.1300048828125,16.169363021850586,51.439353942871094,104.42779541015625,91.14407348632812,86.27525329589844,12.95199966430664,32.60520935058594,32.09830093383789,30.924999237060547,5.803308963775635,20.92893409729004,33.486698150634766,62.970149993896484,1.8700000047683716,11.100000381469727,97.34838104248047,106.7364730834961,38.97999954223633,25.152616500854492,53.74382400512695
2018-04-13,41.048770904541016,71.53949737548828,189.81332397460938,24.64723777770996,197.0,16.178415298461914,51.37736129760742,104.57989501953125,88.6759262084961,85.81430053710938,13.017999649047852,32.84093475341797,33.051719665527344,31.165000915527344,5.726624965667725,20.585493087768555,33.55937194824219,63.439613342285156,1.8799999952316284,11.59000015258789,98.52371215820312,106.65349578857422,38.939998626708984,25.32632064819336,54.17533874511719
2018-04-16,41.304832458496094,72.07499694824219,190.782470703125,24.7547550201416,198.22000122070312,16.440963745117188,51.87624740600586,105.49266052246094,88.60357666015625,86.81922149658203,13.236000061035156,33.230384826660156,32.90869903564453,30.777999877929688,5.726377010345459,20.568740844726562,33.737693786621094,63.63393020629883,1.8799999952316284,11.819999694824219,98.88082885742188,106.89415740966797,39.61000061035156,25.567752838134766,54.662506103515625
2018-04-17,41.87336349487305,75.19149780273438,196.32046508789062,24.845741271972656,199.27000427246094,16.56770896911621,53.525611877441406,104.51586151123047,88.60357666015625,88.57087707519531,13.463000297546387,33.45585250854492,32.876922607421875,33.60599899291992,5.876036167144775,20.623188018798828,34.0877571105957,63.48818588256836,1.9600000381469727,12.010000228881836,99.50418090820312,107.32562255859375,39.36000061035156,25.879838943481445,54.51637268066406
2018-04-18,41.779388427734375,76.39199829101562,190.43173217773438,24.423917770385742,199.50999450683594,17.364408493041992,53.328739166259766,102.25804138183594,87.8880615234375,88.91202545166016,13.482000350952148,33.38206100463867,32.64651870727539,33.45199966430664,5.8470940589904785,20.38863754272461,33.9688606262207,63.30200958251953,1.9500000476837158,12.430000305175781,99.05615997314453,107.10159301757812,39.68000030517578,25.782684326171875,55.13579177856445
2018-04-19,40.595359802246094,77.84549713134766,180.07579040527344,24.961532592773438,200.3800048828125,17.71748924255371,54.02597427368164,102.12195587158203,89.81754302978516,88.60777282714844,13.423999786376953,33.316471099853516,33.32184982299805,33.27000045776367,5.665771961212158,19.961435317993164,33.13665008544922,61.23261260986328,1.9500000476837158,12.539999961853027,97.58216857910156,106.62031555175781,39.439998626708984,25.87689971923828,55.274986267089844
2018-04-20,38.93207550048828,76.37449645996094,178.1559600830078,25.027698516845703,200.1300048828125,17.527368545532227,53.4244499206543,101.40937805175781,89.61654663085938,87.58441925048828,13.154999732971191,32.9577751159668,32.85308837890625,32.777000427246094,5.657607078552246,19.781339645385742,32.71393966674805,60.2931022644043,1.9199999570846558,12.34000015258789,95.61466217041016,107.2343521118164,38.349998474121094,25.608972549438477,54.98268127441406
2018-04-23,38.8193244934082,75.89299774169922,176.5868377685547,25.077320098876953,199.4199981689453,17.02943229675293,53.25038528442383,101.54548645019531,89.18242645263672,87.9071044921875,13.152000427246094,33.02745819091797,32.6226806640625,31.868999481201172,5.53812837600708,19.74364471435547,32.449729919433594,59.639522552490234,1.899999976158142,12.479999542236328,95.38737487792969,107.10159301757812,38.83000183105469,25.349878311157227,55.37938690185547
2018-04-24,38.27898406982422,73.00450134277344,179.10662841796875,24.969804763793945,196.8000030517578,14.557854652404785,50.712860107421875,101.0330810546875,88.76435089111328,85.85118103027344,13.034000396728516,33.24062728881836,32.614715576171875,30.70199966430664,5.471834182739258,19.71851348876953,32.680908203125,59.231021881103516,1.8600000143051147,12.449999809265137,95.9718017578125,107.43350219726562,38.63999938964844,25.476484298706055,54.5302734375
2018-04-25,38.44577407836914,73.00849914550781,176.90066528320312,24.928447723388672,196.8000030517578,13.91506576538086,50.730224609375,101.48943328857422,88.42668914794922,85.10437774658203,13.157999992370605,32.86348342895508,32.193634033203125,30.576000213623047,5.359527111053467,19.634746551513672,32.766761779785156,59.06763458251953,1.840000033378601,12.550000190734863,95.28351593017578,108.78606414794922,39.560001373291016,25.66490936279297,55.33066940307617
2018-04-26,38.579689025878906,75.89800262451172,180.61109924316406,24.870555877685547,197.02999877929688,14.150452613830566,51.73788833618164,102.490234375,88.51512145996094,86.90219116210938,13.229000091552734,33.45379638671875,32.39225769042969,31.398000717163086,5.571275234222412,19.75201988220215,33.281951904296875,59.43525695800781,1.8600000143051147,12.479999542236328,97.50424194335938,109.20926666259766,39.97999954223633,25.891616821289062,56.27720642089844
2018-04-27,38.133338928222656,78.63099670410156,178.5513458251953,24.93671226501465,197.22999572753906,13.86979866027832,51.14974594116211,102.69842529296875,87.95238494873047,88.34042358398438,12.668999671936035,33.60753631591797,32.304866790771484,31.176000595092773,5.598734378814697,19.86928939819336,33.98207092285156,59.48426818847656,1.8200000524520874,12.420000076293945,101.38724517822266,108.71138000488281,40.79999923706055,25.70024299621582,54.140541076660156
2018-04-30,38.82400894165039,78.30650329589844,175.47853088378906,24.746488571166992,193.72999572753906,13.770210266113281,50.51152801513672,101.27324676513672,87.45392608642578,86.21993255615234,12.746000289916992,33.5972900390625,31.216392517089844,31.246000289916992,5.563361167907715,19.659873962402344,33.504478454589844,59.10029602050781,1.8300000429153442,12.369999885559082,101.51715087890625,108.68648529052734,40.27000045776367,26.044721603393555,54.11267852783203
2018-05-01,39.72613525390625,79.11299896240234,178.2626953125,24.77130126953125,195.11000061035156,13.534820556640625,51.61093521118164,100.88896942138672,87.45392608642578,87.58441925048828,13.081999778747559,33.45585250854492,31.1607666015625,31.329999923706055,5.618772506713867,19.9865665435791,33.94890594482422,58.78984451293945,1.8600000143051147,12.029999732971191,103.72489929199219,108.6781997680664,39.630001068115234,25.735572814941406,53.555904388427734
2018-05-02,41.481040954589844,78.48400115966797,177.23843383789062,24.46527862548828,193.30999755859375,13.67967414855957,50.88196563720703,98.87934112548828,86.76252746582031,86.2107162475586,13.031000137329102,33.50300216674805,31.13693618774414,31.336000442504883,5.598238945007324,20.526853561401367,33.703487396240234,57.956539154052734,1.8700000047683716,11.970000267028809,103.36772918701172,108.02265167236328,39.810001373291016,25.420541763305664,53.45151138305664
2018-05-03,41.55621337890625,78.60399627685547,179.48251342773438,24.150981903076172,191.61000061035156,13.770210266113281,50.89435577392578,98.5030517578125,86.2158432006836,86.72701263427734,12.911999702453613,33.42304992675781,31.629539489746094,31.16900062561035,5.763484477996826,20.154098510742188,34.02186584472656,58.299652099609375,1.840000033378601,11.680000305175781,103.27037048339844,107.96456909179688,39.540000915527344,25.388151168823242,53.27055740356445
2018-05-04,43.18661117553711,79.04750061035156,182.05255126953125,24.233694076538086,195.63999938964844,13.960333824157715,52.11923599243164,99.43180084228516,87.17255401611328,87.7319107055664,13.020000457763672,33.63418960571289,31.502410888671875,32.00899887084961,5.913637638092041,20.015886306762695,34.671905517578125,59.173828125,1.809999942779541,12.079999923706055,103.46513366699219,108.96863555908203,38.709999084472656,25.770904541015625,53.5211181640625
2018-05-07,43.49906921386719,80.00700378417969,181.46591186523438,24.514902114868164,197.05999755859375,13.815473556518555,52.53876876831055,98.95140075683594,87.9282455444336,88.70918273925781,12.993000030517578,33.48250198364258,31.677204132080078,32.625999450683594,6.151608467102051,20.032636642456055,34.937225341796875,58.80619812011719,1.8700000047683716,12.25,103.74436950683594,109.12628936767578,38.47999954223633,25.16438865661621,54.10572052001953
2018-05-08,43.7081413269043,79.61949920654297,180.5254364013672,24.7547550201416,196.24000549316406,13.851692199707031,52.49562072753906,98.16676330566406,89.23064422607422,88.33119201660156,13.104000091552734,32.77738952636719,31.764606475830078,32.68899917602539,6.194154262542725,20.254621505737305,34.79795837402344,58.36502456665039,1.840000033378601,12.40999984741211,103.08203887939453,108.6200942993164,39.0099983215332,25.243886947631836,54.34933090209961
2018-05-09,44.01589584350586,80.4000015258789,184.32461547851562,25.40815544128418,199.8699951171875,14.195717811584473,54.001182556152344,98.8873291015625,91.17621612548828,89.37298583984375,13.0600004196167,32.445335388183594,31.748708724975586,33.029998779296875,6.327240943908691,20.12059211730957,35.06989669799805,59.12480545043945,2.0,13.100000381469727,103.85475158691406,113.09270477294922,39.790000915527344,24.454835891723633,55.62992858886719
2018-05-10,44.64548873901367,80.4540023803711,187.2298583984375,25.548757553100586,201.1999969482422,14.684600830078125,54.82040786743164,100.36053466796875,91.88367462158203,90.26728820800781,13.017999649047852,32.84296798706055,32.11418151855469,32.959999084472656,6.434845924377441,20.166664123535156,35.501060485839844,59.76205825805664,2.0199999809265137,13.420000076293945,104.68589782714844,114.83527374267578,39.08000183105469,24.499269485473633,56.875736236572266
2018-05-11,44.475704193115234,80.14550018310547,185.11611938476562,25.573575973510742,199.3000030517578,14.729873657226562,54.71676254272461,101.87373352050781,91.53800964355469,90.07366180419922,12.928000450134277,32.94752502441406,32.0903434753418,32.645999908447266,6.296318531036377,20.560365676879883,35.14951705932617,59.94179153442383,2.1600000858306885,13.020000457763672,103.8222885131836,114.56973266601562,39.880001068115234,24.70370101928711,57.14289474487305
2018-05-14,44.371925354003906,80.0770034790039,188.03997802734375,25.73900032043457,199.17999267578125,14.666496276855469,54.87644577026367,100.92898559570312,91.57015991210938,90.3779067993164,12.713000297546387,32.83683395385742,32.0903434753418,32.85300064086914,6.316851615905762,20.933120727539062,35.010223388671875,59.86825942993164,2.190000057220459,13.350000381469727,102.60801696777344,114.62782287597656,40.63999938964844,25.002944946289062,57.529571533203125
2018-05-15,43.968658447265625,78.80599975585938,186.16831970214844,25.821701049804688,197.36000061035156,14.449213981628418,53.79885482788086,100.18438720703125,90.87074279785156,89.72333526611328,12.746000289916992,32.56011199951172,31.39118194580078,32.612998962402344,6.074429512023926,20.200170516967773,34.307106018066406,59.59864807128906,2.1500000953674316,13.390000343322754,100.41976928710938,113.03462219238281,40.79999923706055,25.041460037231445,57.501434326171875
2018-05-16,44.379005432128906,79.36399841308594,188.91526794433594,25.68936538696289,197.8300018310547,15.06484317779541,53.76017379760742,100.36053466796875,91.11994171142578,89.95481872558594,12.880999565124512,32.21575927734375,31.534191131591797,32.819000244140625,6.085560321807861,20.464027404785156,34.426509857177734,60.07249069213867,2.109999895095825,13.600000381469727,101.4785385131836,113.9722900390625,42.31999969482422,25.518468856811523,57.66315460205078
2018-05-17,44.09836959838867,79.08799743652344,188.44967651367188,25.48259735107422,197.49000549316406,15.19158935546875,53.619834899902344,99.15955352783203,90.81443786621094,89.05665588378906,12.947999954223633,32.06203842163086,31.272005081176758,32.52199935913086,6.12761116027832,20.51848030090332,34.307106018066406,60.42381286621094,2.119999885559082,13.710000038146973,101.064208984375,113.40802764892578,42.7599983215332,25.032577514648438,57.564720153808594
2018-05-18,43.937992095947266,78.71849822998047,183.756591796875,25.027698516845703,196.05999755859375,15.273073196411133,53.04359436035156,99.47181701660156,89.34321594238281,89.22331237792969,13.079999923706055,32.06817626953125,31.113100051879883,32.417999267578125,6.083826065063477,20.4053955078125,34.267295837402344,60.007164001464844,2.119999885559082,13.630000114440918,101.39302825927734,112.88524627685547,42.27000045776367,24.78074073791504,57.1569709777832
2018-05-21,44.24930191040039,79.27300262451172,188.57073974609375,25.26755142211914,197.91000366210938,15.110116958618164,53.75621032714844,99.05549621582031,90.16322326660156,90.37150573730469,13.017999649047852,32.84093475341797,31.279953002929688,33.18199920654297,6.041774272918701,20.3928279876709,34.698455810546875,60.50550079345703,2.2200000286102295,13.75,103.27385711669922,113.22547149658203,42.290000915527344,25.038497924804688,57.8459358215332
2018-05-22,44.13846969604492,79.06999969482422,188.59866333007812,25.548757553100586,198.1300048828125,15.544676780700684,53.32476806640625,98.40694427490234,90.85465240478516,90.27888488769531,12.975000381469727,32.67900466918945,30.81913185119629,33.1619987487793,6.003680229187012,20.363515853881836,34.67854690551758,60.48100662231445,2.140000104904175,13.550000190734863,104.04988861083984,112.63632202148438,41.209999084472656,24.70073890686035,57.39598846435547
2018-05-23,44.42144775390625,80.09300231933594,186.4197235107422,25.176570892333984,195.9499969482422,15.707636833190918,53.852909088134766,98.83931732177734,90.43657684326172,91.35296630859375,13.010000228881836,32.85322570800781,31.45473861694336,34.47200012207031,6.127193450927734,20.2169246673584,35.142879486083984,60.603553771972656,2.140000104904175,13.380000114440918,104.73380279541016,111.88119506835938,40.79999923706055,24.59408187866211,57.75455093383789
2018-05-24,44.371925354003906,80.15350341796875,187.0063934326172,24.986343383789062,194.8300018310547,15.734796524047852,53.827613830566406,97.87854766845703,89.42362213134766,91.02889251708984,13.095000267028809,33.041805267333984,31.75665283203125,34.92900085449219,6.13090705871582,20.145721435546875,35.01683807373047,60.268577575683594,2.1500000953674316,13.0600004196167,104.41815185546875,109.89799499511719,42.189998626708984,24.546676635742188,56.43281555175781
2018-05-25,44.47334671020508,80.50749969482422,187.2577667236328,24.944988250732422,194.14999389648438,15.4631929397583,53.759674072265625,97.97533416748047,88.96536254882812,91.0751953125,13.071999549865723,33.291866302490234,31.335567474365234,35.12900161743164,6.170261859893799,19.990753173828125,35.05001449584961,60.70976257324219,1.9700000286102295,12.260000228881836,104.88504791259766,107.84010314941406,42.189998626708984,24.431129455566406,55.33607864379883
2018-05-29,44.312984466552734,80.64350128173828,182.1363525390625,23.952482223510742,189.8699951171875,15.073896408081055,52.965736389160156,96.30570983886719,85.16265869140625,90.75110626220703,12.927000045776367,33.56039810180664,30.93036460876465,34.972999572753906,6.153182506561279,19.601240158081055,35.3684196472168,60.49732971191406,1.9500000476837158,12.140000343322754,105.05606079101562,105.13497924804688,41.70000076293945,24.413354873657227,55.1322021484375
2018-05-30,44.218631744384766,81.24449920654297,183.5331268310547,24.390838623046875,194.10000610351562,15.499406814575195,53.431884765625,97.57205200195312,87.10824584960938,91.62149810791016,13.223999977111816,33.87604904174805,31.13693618774414,35.354000091552734,6.2620930671691895,19.919551849365234,35.64036178588867,61.183597564697266,1.9500000476837158,12.569999694824219,106.26605224609375,105.57476043701172,41.689998626708984,24.922954559326172,57.297576904296875
2018-05-31,44.070064544677734,81.48100280761719,183.1140594482422,24.116783142089844,191.52999877929688,15.300230026245117,54.54915237426758,96.483154296875,86.03092956542969,91.5196533203125,12.956999778747559,33.986724853515625,30.93036460876465,35.15999984741211,6.242292404174805,19.911174774169922,35.50050735473633,59.77840042114258,1.8700000047683716,12.649999618530273,105.36510467529297,106.1888198852539,41.540000915527344,24.454830169677734,57.11477279663086
2018-06-01,44.86482238769531,82.0770034790039,188.24485778808594,24.41575050354004,192.22999572753906,15.499406814575195,56.28480529785156,97.80594635009766,87.14842224121094,93.32522583007812,13.041999816894531,33.42716598510742,30.699962615966797,35.99300003051758,6.376698970794678,20.032636642456055,35.327335357666016,60.007164001464844,1.8899999856948853,12.859999656677246,105.74654388427734,108.9603271484375,42.79999923706055,24.588153839111328,57.529571533203125
2018-06-04,45.23979949951172,83.26349639892578,189.88365173339844,24.41575050354004,191.3000030517578,15.580886840820312,57.179412841796875,98.36247253417969,87.18860626220703,94.14002990722656,13.112000465393066,33.262054443359375,30.390094757080078,36.180999755859375,6.555658340454102,19.93630599975586,35.407257080078125,60.603553771972656,1.8700000047683716,12.510000228881836,106.94342803955078,111.4248275756836,44.209999084472656,25.30811309814453,56.924957275390625
2018-06-05,45.58882522583008,84.81749725341797,194.9119873046875,24.18321990966797,190.77000427246094,15.979235649108887,57.07924270629883,97.98339080810547,86.69820404052734,94.62153625488281,13.130999565124512,32.87612533569336,30.628448486328125,36.58000183105469,6.561102867126465,19.84416389465332,35.30069351196289,60.4319953918457,1.8200000524520874,12.649999618530273,107.14724731445312,110.74439239501953,46.41999816894531,25.071094512939453,56.7210807800293
2018-06-06,45.74684143066406,84.7874984741211,198.90670776367188,24.947254180908203,193.99000549316406,16.4771728515625,56.87740707397461,99.04003143310547,88.72415924072266,94.89932250976562,13.178000450134277,32.2219123840332,30.82779884338379,36.744998931884766,6.563082218170166,19.622180938720703,35.48053741455078,60.74243927001953,1.8600000143051147,12.930000305175781,108.68611907958984,112.99312591552734,46.810001373291016,25.053314208984375,57.69126510620117
2018-06-07,45.624210357666016,84.46499633789062,193.2731475830078,24.988771438598633,195.57000732421875,16.232728958129883,56.25604248046875,99.4755630493164,89.07791137695312,93.40855407714844,12.989999771118164,32.27351379394531,30.76401138305664,36.13999938964844,6.507391452789307,19.27036476135254,35.533809661865234,61.894386291503906,1.850000023841858,13.479999542236328,108.3704605102539,113.22547149658203,46.400001525878906,25.168865203857422,58.26775360107422
2018-06-08,45.20913314819336,84.19950103759766,193.1707000732422,24.922334671020508,196.00999450683594,16.32326889038086,56.17124938964844,100.06437683105469,89.32713317871094,94.10302734375,12.996000289916992,32.36018371582031,30.60452651977539,36.05699920654297,6.492042064666748,18.818031311035156,35.48053741455078,63.05448913574219,1.8600000143051147,12.960000038146973,108.75847625732422,113.02632141113281,46.41999816894531,24.994054794311523,58.77394485473633
2018-06-11,45.098297119140625,84.45600128173828,195.41481018066406,24.963855743408203,195.3300018310547,16.468122482299805,56.577388763427734,98.93516540527344,89.10203552246094,93.56597137451172,13.109000205993652,32.07124328613281,30.75602912902832,36.14500045776367,6.450953960418701,18.776147842407227,35.5604362487793,63.340450286865234,1.9299999475479126,12.859999656677246,108.57435607910156,113.80630493164062,47.02000045776367,24.976282119750977,58.422428131103516
2018-06-12,45.345916748046875,84.9375,194.9305877685547,24.83098602294922,195.27000427246094,16.169363021850586,56.938899993896484,98.83837890625,88.58750915527344,93.80670928955078,13.251999855041504,32.48607635498047,30.93146324157715,36.382999420166016,6.499467849731445,18.54998016357422,35.94676208496094,63.10348892211914,2.009999990463257,12.430000305175781,109.26485443115234,111.64886474609375,47.900001525878906,24.91702651977539,57.94435501098633
2018-06-13,44.973304748535156,85.24299621582031,199.03704833984375,24.781156539916992,194.5500030517578,16.12409019470215,56.74251937866211,98.91098022460938,88.4106216430664,93.3807601928711,13.272000312805176,32.43034744262695,30.85970687866211,37.99300003051758,6.495013236999512,18.63793182373047,34.90105056762695,62.474430084228516,2.009999990463257,12.350000381469727,106.86447143554688,112.36249542236328,46.88999938964844,24.914058685302734,57.30459976196289
2018-06-14,44.99689865112305,86.19300079345703,201.0297393798828,24.498796463012695,192.5,15.915863037109375,57.53001403808594,98.73351287841797,86.85099029541016,93.9085464477539,13.315999984741211,32.777069091796875,31.226505279541016,39.2869987487793,6.6066460609436035,18.70075798034668,35.29404067993164,62.0822868347168,1.9900000095367432,12.3100004196167,107.88385772705078,112.38737487792969,45.9900016784668,24.825176239013672,57.5717658996582
2018-06-15,44.53464889526367,85.79850006103516,200.0334014892578,24.316097259521484,191.75999450683594,15.291178703308105,57.48835754394531,98.89482116699219,86.74645233154297,92.71410369873047,13.473999977111816,32.9256477355957,30.620468139648438,39.198001861572266,6.565805435180664,18.780336380004883,35.28071594238281,63.217872619628906,1.9800000190734863,11.920000076293945,108.1666030883789,112.69441223144531,45.75,24.798511505126953,56.707008361816406
2018-06-18,44.51106643676758,86.18949890136719,196.56947326660156,24.41575050354004,191.11000061035156,15.209695816040039,58.69389343261719,97.85433197021484,86.97154998779297,93.39002990722656,13.57800006866455,33.10520553588867,30.64440155029297,39.040000915527344,6.561598777770996,18.742639541625977,35.23409652709961,61.95972442626953,1.9900000095367432,12.15999984741211,108.53489685058594,113.28356170654297,45.52000045776367,24.591121673583984,56.81950759887695
2018-06-19,43.79179000854492,86.73899841308594,191.9880828857422,24.299488067626953,190.35000610351562,14.720817565917969,58.45140838623047,98.86256408691406,86.46507263183594,93.39002990722656,13.550000190734863,33.639732360839844,30.58060073852539,40.49800109863281,6.439813613891602,18.70913314819336,35.20744705200195,62.36004638671875,1.9800000190734863,12.279999732971191,108.76504516601562,112.9765396118164,45.34000015258789,24.771852493286133,56.735130310058594
2018-06-20,43.98282241821289,87.50399780273438,191.35488891601562,24.282880783081055,189.5,14.75702953338623,58.718196868896484,98.4350814819336,86.45700073242188,94.32524108886719,13.5,33.57780838012695,30.261646270751953,41.67599868774414,6.4927873611450195,19.119590759277344,35.627044677734375,61.9678955078125,2.009999990463257,12.5,110.53406524658203,111.49950408935547,46.31999969482422,24.771852493286133,56.55937957763672
2018-06-21,43.737545013427734,86.51100158691406,190.181640625,24.324403762817383,188.86000061035156,14.81135082244873,57.9926872253418,97.95919799804688,86.43289947509766,93.64929962158203,13.246000289916992,33.71609115600586,29.520050048828125,41.54399871826172,6.364074230194092,19.433712005615234,35.64703369140625,62.44993209838867,1.9900000095367432,11.9399995803833,111.45475006103516,110.08056640625,46.650001525878906,24.949617385864258,56.02507400512695
2018-06-22,43.61019515991211,85.78350067138672,192.1650390625,24.075258255004883,188.91000366210938,14.88377857208252,57.985252380371094,99.08033752441406,85.01793670654297,92.97334289550781,13.114999771118164,33.90802001953125,29.870912551879883,41.10900115966797,6.211599826812744,19.61799430847168,35.82022476196289,63.25873947143555,2.0399999618530273,12.699999809265137,113.67095947265625,108.70308685302734,46.04999923706055,25.130342483520508,57.21321105957031
2018-06-25,42.96166229248047,83.15750122070312,183.1140594482422,23.65172004699707,186.72999572753906,14.250038146972656,56.49705123901367,98.87870025634766,84.24615478515625,91.10298156738281,12.87600040435791,34.34141159057617,29.49613380432129,38.448001861572266,5.9187798500061035,19.67244529724121,36.1265983581543,63.55282974243164,1.940000057220459,12.260000228881836,112.75689697265625,106.68668365478516,45.220001220703125,25.619211196899414,56.06022262573242
2018-06-26,43.494625091552734,84.55449676513672,184.34327697753906,23.701555252075195,186.44000244140625,14.711764335632324,56.166778564453125,98.68511199951172,84.30242919921875,91.74185943603516,12.961000442504883,34.417781829833984,29.639657974243164,39.93899917602539,5.989818096160889,19.299684524536133,36.19984817504883,63.724388122558594,2.0299999713897705,12.489999771118164,113.3750228881836,107.2177734375,46.27000045776367,25.474029541015625,56.69295120239258
2018-06-27,43.430965423583984,83.02549743652344,180.55337524414062,23.452407836914062,184.91000366210938,15.300230026245117,55.38920974731445,98.0882339477539,83.0000228881836,90.3159408569336,12.505999565124512,34.688140869140625,29.488155364990234,39.03900146484375,5.834621906280518,19.027442932128906,36.31974792480469,63.47115707397461,1.9700000286102295,13.300000190734863,112.40171813964844,105.47518920898438,45.54999923706055,25.743642807006836,57.445194244384766
2018-06-28,43.746971130371094,85.07250213623047,180.25540161132812,23.80950927734375,187.08999633789062,15.20064640045166,55.87717819213867,98.40280151367188,84.35868835449219,91.3251724243164,12.729999542236328,34.4260368347168,29.504106521606445,39.54199981689453,5.961849212646484,19.048385620117188,36.16654968261719,63.76527404785156,1.9900000095367432,13.399999618530273,112.59244537353516,107.1181869506836,46.0099983215332,25.438472747802734,57.62800598144531
2018-06-29,43.65500259399414,84.98999786376953,184.34327697753906,23.410884857177734,186.64999389648438,15.626152992248535,55.996681213378906,97.87047576904297,83.7718276977539,91.30670166015625,12.774999618530273,34.47144317626953,30.07026481628418,39.143001556396484,5.863828182220459,19.316436767578125,35.97261428833008,63.773414611816406,2.0199999809265137,13.4399995803833,111.92166900634766,106.88584899902344,44.54999923706055,25.376253128051758,58.162296295166016
2018-07-02,44.14318084716797,85.68900299072266,181.81044006347656,23.485633850097656,187.8300018310547,15.535621643066406,56.63739013671875,98.06407165527344,84.47927856445312,92.60301208496094,12.963000297546387,34.88005828857422,29.94268226623535,39.81800079345703,5.996006965637207,19.584489822387695,35.63155746459961,63.830623626708984,2.0299999713897705,13.029999732971191,111.58625030517578,106.15562438964844,45.099998474121094,24.88739776611328,57.48037338256836
2018-07-03,43.37437438964844,84.697998046875,178.29063415527344,23.070396423339844,186.02000427246094,15.454136848449707,55.35647964477539,98.97549438476562,83.2974853515625,91.71409606933594,13.175999641418457,34.787193298339844,30.014450073242188,39.051998138427734,5.862342357635498,19.67244529724121,36.213375091552734,63.6427116394043,2.009999990463257,13.079999923706055,112.5530014038086,105.7158432006836,46.400001525878906,25.017763137817383,57.81781005859375
2018-07-05,43.723384857177734,84.98650360107422,182.49948120117188,23.186655044555664,187.5,15.363604545593262,56.59672546386719,100.82256317138672,83.83905792236328,92.37151336669922,13.404999732971191,34.78306579589844,30.64440155029297,39.8390007019043,6.008135795593262,20.024259567260742,36.888816833496094,64.71294403076172,2.049999952316284,13.0600004196167,113.44078826904297,107.10159301757812,45.7599983215332,25.056278228759766,57.867034912109375
2018-07-06,44.32949447631836,85.53150177001953,183.73797607421875,23.278011322021484,187.55999755859375,15.852487564086914,57.28057861328125,101.42752075195312,84.11390686035156,93.6678237915039,13.48799991607666,35.14836502075195,30.16594696044922,40.82500076293945,6.12199592590332,20.275558471679688,37.1696891784668,64.79463958740234,2.0199999809265137,13.180000305175781,113.76304626464844,107.50819396972656,46.2599983215332,25.038497924804688,57.88109588623047
2018-07-09,44.94499588012695,86.95099639892578,185.40475463867188,24.125083923339844,189.63999938964844,16.395694732666016,57.88557815551758,101.6694564819336,86.71669006347656,94.30672454833984,13.51200008392334,34.11852264404297,30.134056091308594,41.89699935913086,6.169520378112793,20.38026237487793,36.701576232910156,63.610023498535156,2.0299999713897705,13.75,113.2040786743164,108.45414733886719,45.79999923706055,25.45921516418457,58.281829833984375
2018-07-10,44.89076614379883,87.15350341796875,185.70272827148438,23.942384719848633,189.89999389648438,16.395694732666016,57.87863540649414,102.74220275878906,86.18321990966797,94.55670928955078,13.491999626159668,34.55604934692383,30.229747772216797,41.5629997253418,6.268529891967773,20.732084274291992,37.09614181518555,65.2113037109375,2.059999942779541,14.079999923706055,113.6578140258789,107.26756286621094,45.81999969482422,25.838449478149414,58.816158294677734
2018-07-11,44.30826187133789,87.75,180.26470947265625,23.817813873291016,189.91000366210938,15.761961936950684,58.092864990234375,101.82271575927734,85.99727630615234,94.42708587646484,13.425999641418457,34.75623321533203,29.559926986694336,41.8650016784668,6.1269450187683105,20.455656051635742,36.87544250488281,64.67210388183594,2.059999942779541,13.550000190734863,112.53983306884766,106.26348114013672,45.400001525878906,25.63698387145996,58.063873291015625
2018-07-12,45.051124572753906,89.83100128173828,185.60963439941406,23.89255714416504,189.9600067138672,15.698399543762207,59.57064437866211,103.04872131347656,86.36909484863281,96.4734115600586,13.630999565124512,34.77275085449219,29.607763290405273,41.349998474121094,6.218530178070068,20.899614334106445,37.062705993652344,64.45153045654297,2.180000066757202,13.520000457763672,112.8818130493164,107.1928482055664,44.290000915527344,25.63401985168457,58.134193420410156
2018-07-13,45.121891021728516,90.65149688720703,185.479248046875,23.709856033325195,190.9600067138672,15.253504753112793,59.72735595703125,101.57268524169922,85.9730224609375,97.62155151367188,13.583000183105469,34.985321044921875,29.376522064208984,39.58000183105469,6.171253204345703,20.8912410736084,36.88212585449219,64.79463958740234,2.049999952316284,13.470000267028809,112.9081039428711,107.46668243408203,44.560001373291016,25.98362922668457,58.570068359375
2018-07-16,45.0228385925293,91.12449645996094,186.30796813964844,24.731325149536133,192.0,15.226268768310547,59.3350944519043,100.57252502441406,89.38414764404297,97.14008331298828,13.529999732971191,34.98118209838867,29.10540771484375,40.04800033569336,6.143530368804932,20.74045753479004,36.72160720825195,64.9743881225586,2.009999990463257,13.100000381469727,112.23075866699219,107.46668243408203,44.47999954223633,25.96584701538086,57.99357604980469
2018-07-17,45.15018081665039,92.19650268554688,190.27476501464844,24.922334671020508,190.41000366210938,15.226268768310547,60.15680694580078,104.13760375976562,89.3194808959961,98.10307312011719,13.48799991607666,35.127723693847656,29.456260681152344,37.948001861572266,6.279419898986816,21.00013542175293,36.59457778930664,65.38285827636719,1.9800000190734863,12.720000267028809,112.11238098144531,109.07649230957031,45.91999816894531,26.128808975219727,57.867034912109375
2018-07-18,44.902557373046875,92.14600372314453,202.9014129638672,25.021991729736328,200.44000244140625,15.507728576660156,60.14837646484375,103.08099365234375,90.15203857421875,97.33453369140625,13.583000183105469,34.96467590332031,29.647640228271484,37.51300048828125,6.230164051055908,21.033641815185547,36.761749267578125,65.12959289550781,1.9900000095367432,12.819999694824219,112.27022552490234,109.60755157470703,46.439998626708984,26.093252182006836,57.80376434326172
2018-07-19,45.251590728759766,90.64849853515625,200.44308471679688,24.639978408813477,197.49000549316406,14.345559120178223,59.46353530883789,101.58075714111328,88.8263931274414,96.6678466796875,13.753999710083008,35.1359748840332,29.512081146240234,36.42300033569336,6.238330841064453,20.861919403076172,37.323516845703125,64.9045639038086,2.0199999809265137,12.680000305175781,114.40093231201172,109.3420181274414,46.97999954223633,25.989559173583984,57.65612030029297
2018-07-20,45.1478385925293,90.68499755859375,204.67991638183594,25.021991729736328,196.77999877929688,14.300161361694336,59.40304183959961,101.5081558227539,89.9499740600586,98.39936828613281,13.529000282287598,35.07818603515625,29.520050048828125,36.10499954223633,6.210115432739258,21.125782012939453,37.10951614379883,64.86333465576172,1.9600000381469727,12.710000038146973,112.12551879882812,109.36691284179688,45.9900016784668,26.090286254882812,57.22725296020508
2018-07-23,45.18791580200195,90.0999984741211,205.58314514160156,25.536884307861328,197.85000610351562,14.372797012329102,60.053653717041016,102.13727569580078,91.62320709228516,99.97346496582031,13.420000076293945,34.84291458129883,29.161222457885742,36.26599884033203,6.173480033874512,21.083904266357422,37.09614181518555,64.72318267822266,1.9600000381469727,12.640000343322754,112.04663848876953,109.30884552001953,46.459999084472656,25.962888717651367,57.22725296020508
2018-07-24,45.51572799682617,91.46199798583984,198.9905242919922,25.603321075439453,198.4600067138672,14.590703010559082,62.39183807373047,104.33927154541016,92.26985931396484,99.6864242553711,13.331999778747559,35.127723693847656,29.607763290405273,35.731998443603516,6.156155109405518,21.297502517700195,36.74837875366211,65.11888122558594,1.909999966621399,12.670000076293945,111.66521453857422,110.01416778564453,45.16999816894531,26.06066131591797,58.359161376953125
2018-07-25,45.9449348449707,93.18049621582031,203.8977508544922,25.802635192871094,197.61000061035156,14.400036811828613,63.2740478515625,103.74237823486328,93.10242462158203,102.62164306640625,13.527000427246094,34.620025634765625,29.878887176513672,36.2869987487793,6.234371185302734,21.393835067749023,37.283382415771484,65.51459503173828,1.9600000381469727,12.850000381469727,112.53983306884766,109.7071304321289,45.84000015258789,26.042884826660156,58.76690673828125
2018-07-26,45.80107879638672,90.4000015258789,201.73745727539062,25.69467544555664,197.4600067138672,14.499910354614258,63.748130798339844,105.08130645751953,92.8356704711914,101.50125885009766,13.73799991607666,34.70463562011719,30.15000343322754,36.308998107910156,6.30788516998291,21.460847854614258,37.290077209472656,66.02572631835938,1.9299999475479126,13.010000228881836,112.40171813964844,110.63652801513672,45.91999816894531,26.140653610229492,59.223899841308594
2018-07-27,45.039337158203125,90.8635025024414,198.61801147460938,25.79432487487793,197.9499969482422,14.518067359924316,62.13098907470703,106.10565948486328,93.78952026367188,99.7049331665039,12.916000366210938,34.46110916137695,29.4163875579834,35.520999908447266,6.238082408905029,21.37289047241211,36.80857467651367,66.42967987060547,1.9500000476837158,12.90999984741211,110.86290740966797,111.57418060302734,43.72999954223633,26.11103057861328,57.59284591674805
2018-07-30,44.78699493408203,88.96099853515625,199.7354278564453,26.001937866210938,199.08999633789062,14.599783897399902,60.99784851074219,106.60572052001953,94.35531616210938,97.5660171508789,12.793000221252441,34.30632400512695,29.288806915283203,33.49599838256836,6.042788982391357,21.23886489868164,37.02926254272461,66.11640167236328,1.909999966621399,13.380000114440918,113.01988220214844,112.00566864013672,43.95000076293945,26.33323097229004,57.466312408447266
2018-07-31,44.87662124633789,88.87200164794922,199.2698516845703,25.644845962524414,197.8699951171875,14.981125831604004,60.85801315307617,106.88806915283203,92.91649627685547,98.22341918945312,13.015000343322754,34.57667541503906,29.248937606811523,33.744998931884766,6.060857772827148,20.845165252685547,37.44553756713867,66.67700958251953,2.0,12.869999885559082,115.88060760498047,109.4001235961914,44.400001525878906,26.436939239501953,57.30459976196289
2018-08-01,47.52029800415039,89.8584976196289,199.18603515625,25.952117919921875,197.85000610351562,14.14581298828125,61.14414978027344,106.98483276367188,93.49043273925781,98.40861511230469,13.230999946594238,34.6509895324707,29.057554244995117,33.8380012512207,6.100710391998291,20.78653335571289,37.58654022216797,66.48738861083984,1.9600000381469727,12.680000305175781,116.89334869384766,109.22586822509766,43.689998626708984,26.143617630004883,56.517189025878906
2018-08-02,48.90935516357422,91.71649932861328,200.96456909179688,25.977035522460938,198.05999755859375,14.009617805480957,61.54780960083008,105.86367797851562,93.88648223876953,99.60306549072266,13.654999732971191,34.97087860107422,28.89009666442871,34.45000076293945,6.203431606292725,20.82422637939453,38.21096420288086,67.60033416748047,1.9900000095367432,12.8100004196167,115.91348266601562,108.74459075927734,44.77000045776367,26.29768180847168,56.179752349853516
2018-08-03,49.05085372924805,91.16449737548828,199.9961700439453,26.168045043945312,200.24000549316406,14.263845443725586,61.4005241394043,106.4283218383789,94.64632415771484,100.03827667236328,13.48900032043457,35.32170486450195,29.073503494262695,34.308998107910156,6.2400641441345215,20.941497802734375,38.721248626708984,67.87238311767578,1.9500000476837158,12.930000305175781,117.23529815673828,108.9520263671875,44.709999084472656,26.54656219482422,56.38361358642578
2018-08-06,49.3055534362793,92.38749694824219,198.8694305419922,26.176342010498047,206.05999755859375,13.982379913330078,61.376224517822266,106.4847640991211,94.67056274414062,100.12159729003906,13.717000007629395,35.29282760620117,28.8741512298584,35.09199905395508,6.287836074829102,20.79071807861328,38.680965423583984,68.02900695800781,1.9700000286102295,12.960000038146973,116.45931243896484,106.58711242675781,46.0,26.56729507446289,56.36956787109375
2018-08-07,48.843318939208984,93.1240005493164,198.860107421875,26.168045043945312,208.72000122070312,13.946062088012695,62.277278900146484,106.0330581665039,95.01814270019531,100.81604766845703,13.78600025177002,35.21440124511719,28.76251792907715,35.18299865722656,6.360113143920898,21.037826538085938,38.43925476074219,68.12793731689453,1.9500000476837158,13.079999923706055,116.05810546875,106.64518737792969,46.4900016784668,26.596921920776367,57.1358757019043
2018-08-08,48.87633514404297,94.32599639892578,198.3386688232422,26.40887451171875,208.94000244140625,13.97330379486084,62.549537658691406,105.79916381835938,95.21214294433594,101.38088989257812,13.79699993133545,35.100894927978516,28.83428382873535,34.76100158691406,6.3964996337890625,19.731081008911133,38.372108459472656,67.88886260986328,2.0199999809265137,12.930000305175781,115.9266357421875,105.45860290527344,46.709999084472656,26.67987823486328,56.7562370300293
2018-08-09,49.260746002197266,94.9260025024414,194.77227783203125,26.242782592773438,209.10000610351562,13.900666236877441,62.704742431640625,105.82335662841797,94.4765853881836,101.54755401611328,13.975000381469727,35.25979995727539,28.47545051574707,34.93600082397461,6.3479838371276855,19.64731788635254,38.25797653198242,67.1056900024414,1.909999966621399,12.40999984741211,116.20279693603516,104.09773254394531,47.540000915527344,26.52492332458496,56.467979431152344
2018-08-10,49.114017486572266,94.31500244140625,189.85574340820312,25.902284622192383,206.6300048828125,13.719074249267578,62.112144470214844,105.46040344238281,93.5469970703125,100.92716979980469,14.145999908447266,35.27630615234375,28.38773536682129,34.58700180053711,6.30664587020874,19.63056182861328,37.942405700683594,67.13043212890625,1.909999966621399,12.5600004196167,114.67715454101562,103.08538818359375,48.279998779296875,26.873586654663086,56.411170959472656
2018-08-13,49.4311408996582,94.80999755859375,190.60997009277344,25.312658309936523,205.1699981689453,13.5465669631958,61.920223236083984,105.03289031982422,92.0596923828125,100.1957015991211,14.07800006866455,35.3526611328125,27.630199432373047,34.13100051879883,6.339569568634033,19.81065559387207,38.08340072631836,67.20460510253906,1.8899999856948853,11.510000228881836,114.94676208496094,102.47962951660156,47.400001525878906,26.712663650512695,55.80029296875
2018-08-14,49.63941192626953,95.98249816894531,191.45736694335938,25.570104598999023,205.8300018310547,13.437612533569336,62.39134216308594,104.4521713256836,92.67401885986328,101.44569396972656,14.21500015258789,35.48476791381836,27.064043045043945,33.749000549316406,6.471005439758301,20.250431060791016,38.32510757446289,67.031494140625,1.8899999856948853,11.5600004196167,115.47283172607422,102.43814086914062,48.7400016784668,27.0732421875,55.62274169921875
2018-08-15,49.755374908447266,94.13099670410156,183.5703887939453,25.212997436523438,204.5,12.402552604675293,61.10596466064453,105.20228576660156,91.9061050415039,100.0700454711914,14.057000160217285,35.65605163574219,25.357580184936523,32.63999938964844,6.412835597991943,19.944683074951172,38.680965423583984,67.84764099121094,1.8600000143051147,10.699999809265137,116.49217224121094,101.11046600341797,45.33000183105469,26.8855037689209,54.64965057373047
2018-08-16,50.484291076660156,94.32599639892578,184.24082946777344,25.511966705322266,207.55999755859375,12.50242805480957,60.70130157470703,106.85580444335938,92.77101135253906,100.05143737792969,14.107000350952148,36.072933197021484,25.198102951049805,32.24399948120117,6.372242450714111,20.007505416870117,39.07711410522461,68.99353790283203,1.9700000286102295,10.649999618530273,117.58966827392578,101.86558532714844,45.56999969482422,29.39466094970703,55.402565002441406
2018-08-17,51.492454528808594,94.11100006103516,183.7844696044922,25.528579711914062,208.13999938964844,12.684017181396484,60.294166564941406,108.46087646484375,92.77101135253906,99.99566650390625,13.95300006866455,36.15134811401367,25.56490707397461,31.67799949645996,6.059867858886719,20.073909759521484,39.5135383605957,68.99353790283203,1.9700000286102295,10.760000228881836,118.71375274658203,102.29707336425781,46.619998931884766,29.159231185913086,55.58721923828125
2018-08-20,50.9907341003418,93.83550262451172,185.75860595703125,25.63654136657715,208.4600067138672,12.820209503173828,60.5966682434082,110.40473937988281,92.6497573852539,99.33573150634766,14.092000007629395,35.97180938720703,25.42934799194336,32.77299880981445,6.134621620178223,20.391136169433594,39.46653747558594,68.95233154296875,1.9500000476837158,11.1899995803833,120.63597106933594,102.28876495361328,47.5099983215332,28.60793685913086,55.97787857055664
2018-08-21,50.891334533691406,94.1709976196289,186.6897735595703,25.7611083984375,208.49000549316406,13.001797676086426,60.37152862548828,109.1706771850586,93.21559143066406,98.50846862792969,14.107000350952148,35.627159118652344,25.477191925048828,33.801998138427734,6.270262241363525,20.801408767700195,39.345664978027344,69.16667938232422,1.9500000476837158,11.329999923706055,119.86445617675781,101.70791625976562,47.7400016784668,28.631778717041016,55.9920768737793
2018-08-22,50.893699645996094,95.24500274658203,186.9877471923828,25.727893829345703,207.3300018310547,13.192469596862793,60.58675003051758,108.57382202148438,92.93267822265625,99.51232147216797,14.156000137329102,35.43728256225586,25.772232055664062,34.444000244140625,6.505409240722656,20.716819763183594,39.26511764526367,68.74620819091797,1.9500000476837158,11.630000114440918,119.31234741210938,102.67877960205078,45.47999954223633,28.50959587097168,56.79472351074219
2018-08-23,50.99783706665039,95.1449966430664,185.80516052246094,25.61162567138672,207.24000549316406,12.874685287475586,60.55748748779297,108.97710418701172,92.73867797851562,99.97708129882812,14.178999900817871,35.4207763671875,25.245941162109375,33.91699981689453,6.604913234710693,20.721050262451172,39.24497985839844,68.62257385253906,2.009999990463257,11.739999771118164,120.01074981689453,101.45069122314453,47.16999816894531,28.363582611083984,56.16966247558594
2018-08-24,51.15640640258789,95.26950073242188,189.0083770751953,25.653146743774414,207.97999572753906,13.137993812561035,61.33060836791992,109.65461730957031,92.69827270507812,100.75786590576172,14.967000007629395,35.641605377197266,25.540983200073242,35.88199996948242,6.7380805015563965,20.81410026550293,39.345664978027344,68.72151184082031,2.0,11.779999732971191,120.33670043945312,101.93196105957031,45.599998474121094,28.29503631591797,56.55322265625
2018-08-27,51.577659606933594,96.38400268554688,194.2322235107422,26.001937866210938,210.50999450683594,13.374053955078125,62.29860305786133,109.54905700683594,94.33914947509766,101.87325286865234,14.692999839782715,35.38568878173828,25.71640968322754,36.45800018310547,6.8291707038879395,21.059417724609375,39.19124984741211,68.78748321533203,1.9700000286102295,11.880000114440918,119.7713394165039,104.9441146850586,44.970001220703125,28.172853469848633,57.10725021362305
2018-08-28,51.994163513183594,96.64099884033203,192.4630584716797,25.968730926513672,210.77000427246094,13.310498237609863,61.782371520996094,109.06189727783203,93.87841796875,102.48674011230469,14.784000396728516,35.19995880126953,25.389476776123047,36.8489990234375,6.79154634475708,21.004430770874023,39.6612548828125,68.82042694091797,1.9600000381469727,11.789999961853027,121.34771728515625,104.6122055053711,45.40999984741211,28.628795623779297,57.022010803222656
2018-08-29,52.77041244506836,99.90499877929688,192.58404541015625,25.860763549804688,211.27000427246094,13.31958293914795,62.71416473388672,109.5003662109375,93.57125854492188,104.12263488769531,14.779999732971191,35.424293518066406,25.309736251831055,36.80400085449219,6.8970489501953125,21.122867584228516,39.29196548461914,68.82866668701172,1.9700000286102295,12.199999809265137,120.76236724853516,105.78221130371094,45.380001068115234,28.50066375732422,57.43397903442383
2018-08-30,53.25555419921875,100.11900329589844,191.0755615234375,25.752803802490234,209.75,12.847448348999023,62.20785140991211,109.57341003417969,93.11050415039062,104.05758666992188,14.718000411987305,35.48662185668945,24.7595272064209,37.097999572753906,6.880207538604736,20.974828720092773,39.22481918334961,68.76271057128906,1.940000057220459,12.180000305175781,120.689208984375,103.94007110595703,45.349998474121094,28.637737274169922,57.18537521362305
2018-08-31,53.870880126953125,100.635498046875,190.93592834472656,25.68636703491211,208.72000122070312,12.756653785705566,61.08512878417969,109.3623275756836,92.617431640625,104.41079711914062,14.899999618530273,35.33498001098633,24.743581771850586,36.768001556396484,6.951286315917969,20.79718017578125,39.47417068481445,68.38349914550781,1.9700000286102295,12.109999656677246,121.74009704589844,102.9609146118164,46.47999954223633,28.566221237182617,56.94388198852539
2018-09-04,54.04364013671875,101.97550201416016,185.74929809570312,25.860763549804688,210.0500030517578,12.239123344421387,60.069034576416016,108.57474517822266,93.07819366455078,103.83452606201172,14.774999618530273,35.320438385009766,23.994009017944336,36.36000061035156,7.02608060836792,20.640684127807617,39.33939743041992,68.17740631103516,1.9500000476837158,11.300000190734863,120.94197845458984,101.24323272705078,48.2599983215332,28.417219161987305,57.02912521362305
2018-09-05,53.69102478027344,99.74099731445312,181.68942260742188,25.893983840942383,212.25999450683594,12.411633491516113,59.46353530883789,110.31230926513672,92.62551879882812,100.84149169921875,14.484000205993652,35.65072250366211,24.02591323852539,34.11800003051758,6.8953166007995605,20.323463439941406,39.514644622802734,68.6637954711914,1.909999966621399,11.199999809265137,121.32775115966797,99.9653549194336,47.7400016784668,28.792699813842773,57.789119720458984
2018-09-06,52.798805236816406,97.91549682617188,171.7538299560547,25.743776321411133,212.8800048828125,12.320837020874023,58.714229583740234,111.13237762451172,92.22943115234375,101.07389831542969,14.480999946594238,36.107730865478516,24.113622665405273,34.645999908447266,6.754150390625,20.276931762695312,39.622474670410156,68.13616943359375,1.8899999856948853,10.829999923706055,122.73114776611328,99.73300170898438,43.540000915527344,28.742040634155273,57.14986801147461
2018-09-07,52.372840881347656,97.60350036621094,168.42025756835938,25.752120971679688,214.0399932861328,11.966740608215332,58.3968505859375,111.4977798461914,92.40725708007812,100.5812759399414,14.454000473022461,35.75043487548828,24.02591323852539,34.86800003051758,6.732851505279541,20.2853946685791,39.18437957763672,67.526123046875,1.9199999570846558,10.850000381469727,120.84884643554688,98.99449920654297,43.459999084472656,28.557270050048828,58.122955322265625
2018-09-10,51.66994094848633,96.95050048828125,172.88987731933594,25.71874237060547,215.11000061035156,11.984899520874023,58.27138137817383,111.40845489501953,91.9141845703125,101.66875457763672,14.677000045776367,35.735904693603516,23.714921951293945,34.840999603271484,6.803930282592773,20.484188079833984,39.325927734375,67.9135971069336,1.8300000429153442,10.880000114440918,121.11486053466797,98.89491271972656,43.959999084472656,28.876136779785156,58.03773498535156
2018-09-11,52.97629928588867,99.35749816894531,170.74815368652344,25.743776321411133,215.10000610351562,11.83962631225586,59.01176452636719,112.46397399902344,92.49617004394531,103.39764404296875,14.779999732971191,35.76082229614258,23.627208709716797,35.59299850463867,6.756131649017334,20.51802635192871,39.09676742553711,67.60857391357422,1.7599999904632568,11.050000190734863,122.58485412597656,99.50894927978516,44.72999954223633,28.798660278320312,58.854549407958984
2018-09-12,52.318389892578125,99.5,163.298828125,25.393293380737305,214.58999633789062,12.37531566619873,58.09981155395508,113.15414428710938,91.40494537353516,103.83452606201172,14.888999938964844,35.833534240722656,24.163999557495117,36.994998931884766,6.642208099365234,20.712587356567383,39.16415786743164,68.5154037475586,1.7699999809265137,11.430000305175781,123.01056671142578,99.50067138671875,44.25,28.5989933013916,59.046321868896484
2018-09-13,53.5821533203125,99.49349975585938,169.47251892089844,25.151294708251953,214.88999938964844,12.329917907714844,58.62248611450195,113.58445739746094,91.76058959960938,104.9499282836914,14.769000053405762,36.2697639465332,24.212078094482422,36.814998626708984,6.719973564147949,20.733734130859375,39.18437957763672,68.79570007324219,1.75,11.5,123.20340728759766,101.20175170898438,44.25,28.345699310302734,58.47099304199219
2018-09-14,52.973941802978516,98.5094985961914,171.66070556640625,25.343231201171875,216.3699951171875,12.429791450500488,58.41618347167969,113.25972747802734,91.74443817138672,105.37750244140625,14.913000106811523,36.07242202758789,24.340269088745117,36.45600128173828,6.846029758453369,20.289623260498047,38.86087417602539,68.9275894165039,1.8700000047683716,11.75,121.38758850097656,101.46727752685547,42.529998779296875,28.18775749206543,58.897178649902344
2018-09-17,51.56344985961914,95.40149688720703,170.4874267578125,25.268125534057617,216.2899932861328,12.457030296325684,57.51612854003906,113.64132690429688,92.01927185058594,104.23421478271484,14.710000038146973,36.11604690551758,24.548574447631836,35.03499984741211,6.784117698669434,20.150047302246094,39.20460891723633,69.4551773071289,1.8300000429153442,11.59000015258789,122.02613067626953,101.63323974609375,41.11000061035156,28.256296157836914,59.245216369628906
2018-09-18,51.648658752441406,97.05249786376953,173.72793579101562,25.209707260131836,218.3000030517578,12.7203369140625,57.87714385986328,114.11225128173828,92.39110565185547,105.228759765625,14.996000289916992,36.0287971496582,24.71683120727539,36.76499938964844,6.712048530578613,20.06122398376465,38.759788513183594,69.2491226196289,1.909999966621399,11.930000305175781,120.66926574707031,103.74920654296875,41.58000183105469,28.438081741333008,59.401466369628906
2018-09-19,51.679412841796875,96.32099914550781,176.0372314453125,25.86894989013672,220.9499969482422,12.98363971710205,58.23221206665039,114.04729461669922,95.0747299194336,103.82520294189453,14.781000137329102,35.14177703857422,25.253631591796875,36.69599914550781,6.735823631286621,19.879348754882812,38.18017578125,69.2491226196289,1.8899999856948853,12.359999656677246,119.59835052490234,103.98986053466797,41.88999938964844,28.381460189819336,60.111778259277344
2018-09-20,52.072265625,97.21499633789062,178.3092803955078,26.027496337890625,221.67999267578125,13.065354347229004,59.09012222290039,115.28147888183594,95.89111328125,105.5633773803711,14.765000343322754,35.16256332397461,25.23760414123535,36.5359992980957,6.594658851623535,20.090829849243164,38.59803009033203,70.37028503417969,1.9299999475479126,12.630000114440918,119.79791259765625,103.68283081054688,42.04999923706055,28.53343963623047,60.24672317504883
2018-09-21,51.511390686035156,95.75050354003906,175.45986938476562,25.89398193359375,220.52000427246094,13.26510238647461,58.12559127807617,116.01225280761719,95.2606430053711,106.2047348022461,14.812000274658203,35.47208786010742,25.285673141479492,36.11899948120117,6.524571895599365,20.158504486083984,38.409324645996094,70.74949645996094,1.899999976158142,13.539999961853027,120.04402160644531,103.4919662475586,40.720001220703125,28.578140258789062,60.49531936645508
2018-09-24,52.25212478637695,96.71800231933594,178.29063415527344,25.65198516845703,218.1300048828125,12.929161071777344,58.49454879760742,114.05542755126953,94.3472671508789,106.58584594726562,14.73799991607666,35.06700134277344,24.909114837646484,36.96099853515625,6.580295085906982,20.289623260498047,37.82970428466797,69.47169494628906,1.8799999952316284,13.779999732971191,117.50984191894531,102.8945083618164,40.369998931884766,28.286100387573242,61.511024475097656
2018-09-25,52.58345413208008,98.72750091552734,177.1173553466797,25.593564987182617,218.0500030517578,13.156150817871094,59.20517349243164,112.56952667236328,94.0804672241211,106.3813247680664,14.680999755859375,34.659847259521484,25.03730583190918,36.94300079345703,6.647409915924072,20.38267707824707,38.05210876464844,68.52362823486328,1.9700000286102295,13.970000267028809,117.72270202636719,103.62474060058594,40.08000183105469,28.339744567871094,61.44000244140625
2018-09-26,52.16455841064453,98.74250030517578,175.804443359375,25.142948150634766,216.11000061035156,12.711256980895996,59.213600158691406,112.1798095703125,92.97309875488281,105.94447326660156,14.140999794006348,34.161293029785156,23.93166160583496,37.78799819946289,6.610507965087891,20.111976623535156,37.62078857421875,68.6390380859375,1.9199999570846558,13.529999732971191,116.60526275634766,103.84049224853516,41.619998931884766,28.18775749206543,60.92860412597656
2018-09-27,53.236637115478516,100.64900207519531,175.74853515625,24.98440170288086,216.6999969482422,12.59322452545166,59.87315368652344,112.22852325439453,92.56893157958984,106.34416961669922,14.053999900817871,34.398109436035156,24.019790649414062,38.07099914550781,6.6223978996276855,20.14581871032715,37.822967529296875,68.3093032836914,1.899999976158142,13.800000190734863,116.7116928100586,104.8740005493164,41.58000183105469,28.050676345825195,60.9214973449707
2018-09-28,53.42359924316406,100.1500015258789,175.078125,24.583850860595703,214.11000061035156,12.638619422912598,59.85926818847656,112.18789672851562,91.21095275878906,106.3069839477539,14.062000274658203,34.815643310546875,24.196054458618164,37.41299819946289,6.959707260131836,19.93856430053711,38.493526458740234,68.61433410644531,1.9199999570846558,13.949999809265137,117.56307983398438,104.65516662597656,40.900001525878906,27.985116958618164,60.388771057128906
2018-10-01,53.78330993652344,100.21800231933594,176.996337890625,24.74239730834961,214.77999877929688,12.438873291015625,59.93117141723633,113.42208862304688,91.74443817138672,107.45956420898438,13.647000312805176,34.688941955566406,24.316232681274414,38.143001556396484,7.166253566741943,19.6932430267334,38.29730224609375,68.9770736694336,1.9299999475479126,14.109999656677246,117.48986053466797,105.05075073242188,40.040000915527344,28.131139755249023,60.94991683959961
2018-10-02,54.2613639831543,98.56549835205078,177.0708465576172,24.683988571166992,215.2899932861328,12.611380577087402,59.88703918457031,114.06353759765625,92.12435913085938,107.0320053100586,13.24899959564209,35.177101135253906,24.97321128845215,37.7140007019043,7.09492826461792,19.985088348388672,38.43938446044922,69.54589080810547,1.899999976158142,13.979999542236328,117.09745025634766,105.79977416992188,39.970001220703125,28.354639053344727,61.41160583496094
2018-10-03,54.921661376953125,97.63800048828125,178.60723876953125,25.034469604492188,216.39999389648438,12.665857315063477,60.07993698120117,112.88622283935547,92.98926544189453,107.05058288574219,13.347999572753906,34.9486083984375,24.420385360717773,37.70500183105469,7.101119518280029,19.748228073120117,38.40555191040039,68.44944763183594,1.899999976158142,14.09000015258789,115.13530731201172,103.26649475097656,40.61000061035156,28.032798767089844,61.19141387939453
2018-10-04,53.95607376098633,95.47100067138672,174.55665588378906,25.393293380737305,218.97000122070312,12.37531566619873,58.371070861816406,113.14601135253906,93.8276596069336,104.83836364746094,13.170000076293945,35.15841293334961,24.332258224487305,36.3650016784668,6.916861534118652,18.297460556030273,38.25669479370117,67.53437042236328,1.8700000047683716,13.729999542236328,112.46143341064453,102.82886505126953,39.7400016784668,28.07451629638672,60.786556243896484
2018-10-05,53.080440521240234,94.48249816894531,171.13926696777344,25.22640037536621,219.4600067138672,12.048456192016602,57.91284942626953,112.94306182861328,93.2985610961914,104.22489166259766,13.119999885559082,35.80652618408203,24.500507354736328,35.1349983215332,6.683320045471191,18.593536376953125,38.608543395996094,67.72399139404297,1.8700000047683716,13.65999984741211,113.92475891113281,102.25656127929688,40.099998474121094,27.80632209777832,60.61606979370117
2018-10-08,52.95738220214844,93.22100067138672,169.17446899414062,25.259775161743164,222.05999755859375,12.066612243652344,57.32223129272461,113.17852783203125,93.86835479736328,103.03514862060547,13.083999633789062,36.00387191772461,24.452436447143555,34.90999984741211,6.582027912139893,18.246706008911133,39.2987174987793,67.9300765991211,1.8600000143051147,13.970000267028809,116.33918762207031,102.44171905517578,39.560001373291016,28.217557907104492,61.17719268798828
2018-10-09,53.69102478027344,93.51599884033203,170.3571014404297,25.017780303955078,223.75999450683594,11.966740608215332,56.78913879394531,113.02420043945312,93.21717071533203,104.34571075439453,13.071000099182129,36.08903503417969,24.123943328857422,35.57099914550781,6.576331615447998,17.97600555419922,39.6302490234375,67.76519012451172,1.8600000143051147,14.180000305175781,116.4655532836914,100.92679595947266,39.880001068115234,28.929773330688477,61.44712448120117
2018-10-10,51.203712463378906,87.76249694824219,160.08633422851562,24.4002628326416,213.10000610351562,11.594482421875,54.16037368774414,111.8306655883789,90.7345199584961,98.67578125,12.67199993133545,35.88544845581055,24.484481811523438,32.5890007019043,6.084728717803955,17.650325775146484,38.7777099609375,67.13866424560547,1.7400000095367432,13.130000114440918,114.81600952148438,99.1257553100586,38.95000076293945,28.536418914794922,60.033634185791016
2018-10-11,50.75171661376953,85.96800231933594,159.95594787597656,23.66592025756836,205.19000244140625,12.012138366699219,54.08994674682617,108.67213439941406,88.01581573486328,98.44339752197266,12.680000305175781,35.12516784667969,26.215063095092773,32.11000061035156,5.823202610015869,17.569961547851562,37.8642692565918,65.01995086669922,1.7799999713897705,12.8100004196167,113.33940124511719,98.25888061523438,38.06999969482422,27.98810577392578,57.95960235595703
2018-10-12,52.564517974853516,89.43049621582031,162.28384399414062,23.74936294555664,206.8000030517578,11.611124038696289,55.56773376464844,108.69651794433594,87.05531311035156,101.84538269042969,12.727999687194824,35.18125915527344,25.670251846313477,33.95600128173828,6.105780124664307,17.988697052001953,37.78982162475586,65.17658996582031,1.809999942779541,13.1899995803833,113.85823059082031,98.26730346679688,38.59000015258789,28.253318786621094,57.80332565307617
2018-10-15,51.440391540527344,88.04750061035156,161.4178924560547,23.29874038696289,205.02999877929688,11.693147659301758,54.67015838623047,108.76146697998047,86.55879211425781,100.01425170898438,12.800999641418457,35.23942565917969,26.166990280151367,33.3129997253418,5.829391956329346,17.891414642333984,38.006351470947266,66.05868530273438,1.8799999952316284,13.15999984741211,113.75183868408203,97.31626892089844,38.220001220703125,27.958293914794922,57.40555953979492
2018-10-16,52.57398223876953,90.99800109863281,169.21176147460938,23.807775497436523,209.8300018310547,11.556437492370605,56.18959045410156,110.88067626953125,88.41466522216797,103.174560546875,13.114999771118164,35.58216094970703,25.87055015563965,34.63999938964844,6.088196754455566,18.352447509765625,38.940101623535156,66.7841567993164,1.9299999475479126,12.880000114440918,115.79383087158203,99.34455871582031,37.83000183105469,28.551313400268555,57.67546844482422
2018-10-17,52.3467903137207,91.58650207519531,172.27529907226562,24.116540908813477,210.52000427246094,11.301251411437988,55.91733932495117,113.2353515625,89.39961242675781,102.9050064086914,13.053999900817871,35.48454666137695,25.726327896118164,36.470001220703125,6.019594669342041,18.398969650268555,39.271644592285156,67.48490905761719,1.9299999475479126,12.609999656677246,114.90251159667969,99.08367156982422,37.880001068115234,28.774812698364258,57.88856506347656
2018-10-18,51.12326431274414,88.53600311279297,164.29519653320312,23.574125289916992,208.6999969482422,11.064289093017578,54.44551467895508,113.26779174804688,87.98326873779297,100.85082244873047,12.82699966430664,35.64033508300781,25.93464469909668,34.67100143432617,5.932169437408447,18.33975601196289,39.18367385864258,66.73390197753906,1.909999966621399,12.270000457763672,115.1419677734375,98.19155883789062,36.869998931884766,28.658597946166992,58.137168884277344
2018-10-19,51.90187072753906,88.20149993896484,163.66200256347656,23.63253402709961,209.8300018310547,10.95492172241211,54.806026458740234,112.9024429321289,87.83674621582031,100.9995346069336,12.64799976348877,36.0329475402832,25.790428161621094,33.266998291015625,5.675595760345459,18.25939178466797,39.58289337158203,72.60553741455078,1.940000057220459,12.1899995803833,116.24607849121094,97.89698791503906,36.13999938964844,28.95063591003418,58.22239303588867
2018-10-22,52.218994140625,89.46499633789062,164.19277954101562,22.84813117980957,206.19000244140625,10.936695098876953,55.11299514770508,112.60202026367188,86.57508087158203,101.90113067626953,12.758000373840332,35.86676788330078,25.614168167114258,32.95399856567383,5.726365089416504,18.238245010375977,39.048343658447266,72.02336883544922,1.9199999570846558,12.069999694824219,114.32383728027344,98.55345916748047,37.45000076293945,28.947654724121094,57.63996505737305
2018-10-23,52.711246490478516,88.43499755859375,161.04544067382812,22.547710418701172,204.0,10.581253051757812,55.288543701171875,112.80500793457031,85.67156219482422,100.4789810180664,12.687000274658203,35.44507598876953,25.966691970825195,33.316001892089844,5.474745750427246,18.0902099609375,39.562599182128906,72.4891128540039,1.8700000047683716,11.420000076293945,114.86260986328125,99.28565216064453,37.4900016784668,29.144332885742188,56.709476470947266
2018-10-24,50.903160095214844,83.20999908447266,147.27345275878906,21.855093002319336,199.80999755859375,9.751885414123535,52.4227294921875,111.61956024169922,84.07614135742188,95.10649871826172,12.125,36.47748947143555,25.445911407470703,30.183000564575195,4.938563823699951,17.6672420501709,40.462501525878906,74.40198516845703,1.8600000143051147,10.84000015258789,115.74056243896484,96.42416381835938,37.5,29.072816848754883,55.13264846801758
2018-10-25,52.01783752441406,89.1084976196289,157.40455627441406,22.188886642456055,201.97999572753906,10.253152847290039,54.72718048095703,112.43153381347656,85.35409545898438,100.66492462158203,12.324999809265137,35.97894287109375,23.715333938598633,31.28700065612793,5.147340297698975,17.8491153717041,40.76022720336914,74.01942443847656,1.850000023841858,11.140000343322754,120.27017974853516,98.18315887451172,37.77000045776367,29.555572509765625,55.62274169921875
2018-10-26,51.18952941894531,82.1405029296875,154.76934814453125,22.021984100341797,198.49000549316406,10.480998992919922,53.74331283569336,111.21358489990234,84.1819839477539,99.41938781738281,12.24899959564209,35.29136276245117,24.03582000732422,29.982999801635742,4.910826206207275,17.929481506347656,40.41515350341797,73.07128143310547,1.8300000429153442,10.970000267028809,119.56509399414062,98.72177124023438,38.599998474121094,29.484054565429688,55.06871032714844
2018-10-29,50.22868347167969,76.94400024414062,152.12478637695312,22.20557403564453,200.0399932861328,10.107329368591309,51.31240463256836,111.68450927734375,85.34595489501953,96.52861785888672,12.170999526977539,35.891693115234375,24.64472198486328,28.483999252319336,4.597043037414551,18.02676010131836,41.477447509765625,73.3873291015625,1.7999999523162842,10.399999618530273,120.29676055908203,97.04695129394531,38.95000076293945,29.740339279174805,54.727783203125
2018-10-30,50.47954559326172,76.52100372314453,157.1251983642578,22.347429275512695,203.35000610351562,10.398971557617188,52.045345306396484,114.2827377319336,86.8518295288086,96.41709899902344,12.404000282287598,36.0516471862793,24.83700942993164,28.58099937438965,5.027472496032715,18.005615234375,41.54512023925781,74.17742156982422,1.840000033378601,10.819999694824219,124.87957763671875,97.82965850830078,40.29999923706055,30.521093368530273,55.956565856933594
2018-10-31,51.795379638671875,79.90049743652344,160.49603271484375,22.948257446289062,205.27999877929688,10.617707252502441,54.08201217651367,113.66570281982422,88.74028015136719,99.27995300292969,12.597000122070312,35.833534240722656,24.772907257080078,30.17799949645996,5.221389293670654,18.26362419128418,40.92784118652344,73.75325012207031,1.850000023841858,11.010000228881836,122.06600952148438,98.5113754272461,39.459999084472656,29.88337516784668,56.595848083496094
2018-11-01,52.59055709838867,83.27649688720703,163.62478637695312,23.206953048706055,205.86000061035156,11.191885948181152,53.85389709472656,114.33960723876953,88.70771789550781,98.45270538330078,12.562999725341797,35.41183853149414,25.686269760131836,31.738000869750977,5.4016852378845215,18.54701042175293,41.5526008605957,74.51009368896484,1.8899999856948853,11.010000228881836,120.81554412841797,99.05840301513672,40.06999969482422,29.9727840423584,57.29902648925781
2018-11-02,49.10218811035156,83.27649688720703,162.9449920654297,23.27370834350586,206.57000732421875,11.155426979064941,53.13533401489258,114.22594451904297,88.21931457519531,98.67578125,12.67300033569336,34.929901123046875,25.974702835083008,30.90999984741211,5.322682857513428,18.492023468017578,40.92105484008789,74.69306945800781,1.899999976158142,10.890000343322754,119.99744415283203,97.17320251464844,39.93000030517578,30.199260711669922,58.20817565917969
2018-11-05,47.708255767822266,81.38999938964844,160.9615936279297,23.415569305419922,216.24000549316406,11.137198448181152,52.353797912597656,115.46011352539062,88.79724884033203,99.93061828613281,12.663999557495117,35.461700439453125,25.950666427612305,31.54400062561035,5.2446699142456055,18.322837829589844,41.74274826049805,75.84911346435547,1.9199999570846558,11.029999732971191,121.81996154785156,97.13111877441406,40.290000915527344,30.667097091674805,57.98800277709961
2018-11-06,48.22417449951172,82.1405029296875,165.217041015625,23.54075050354004,218.50999450683594,11.118972778320312,53.04012680053711,115.76054382324219,89.21239471435547,100.12580108642578,12.633000373840332,35.617496490478516,25.886571884155273,31.083999633789062,5.227087020874023,18.250934600830078,41.8038444519043,76.10690307617188,1.909999966621399,11.109999656677246,122.13921356201172,98.9574203491211,40.349998474121094,30.792268753051758,58.23660659790039
2018-11-07,49.68673324584961,87.77449798583984,165.207763671875,23.816129684448242,221.24000549316406,11.237452507019043,54.95777893066406,117.53058624267578,90.74267578125,104.06687927246094,12.986000061035156,36.04957580566406,26.038799285888672,32.75,5.2946977615356445,18.838855743408203,42.299564361572266,75.92393493652344,1.9299999475479126,11.449999809265137,124.56029510498047,100.4134292602539,40.68000030517578,31.08729362487793,58.97529983520508
2018-11-08,49.513370513916016,87.74549865722656,162.9449920654297,24.091508865356445,222.4199981689453,10.872897148132324,54.28285598754883,117.9771499633789,91.47525024414062,103.8717041015625,12.85099983215332,36.13682556152344,25.974702835083008,31.79199981689453,5.101521968841553,18.89383888244629,42.428585052490234,75.9822006225586,1.940000057220459,10.489999771118164,124.57359313964844,98.7133560180664,41.36000061035156,31.254179000854492,58.03773498535156
2018-11-09,48.55868148803711,85.62149810791016,163.4198760986328,23.799436569213867,219.6300048828125,10.344291687011719,53.409568786621094,118.00968933105469,90.58800506591797,101.84538269042969,12.82800006866455,36.67692184448242,25.65423011779785,30.347000122070312,5.093598365783691,19.008039474487305,42.618743896484375,76.8554458618164,1.8700000047683716,10.529999732971191,125.50477600097656,98.67127990722656,40.439998626708984,31.456811904907227,58.02336502075195
2018-11-12,46.11256790161133,81.84249877929688,157.3672637939453,23.156883239746094,215.4199981689453,10.171127319335938,52.037906646728516,118.23699951171875,88.68329620361328,99.33573150634766,12.659000396728516,37.07783889770508,25.261638641357422,29.406999588012695,4.694124698638916,18.838855743408203,42.70701599121094,77.09660339355469,1.850000023841858,9.75,124.99263000488281,97.26577758789062,39.869998931884766,30.95319366455078,57.27719497680664
2018-11-13,45.65185546875,81.55850219726562,159.12721252441406,23.165225982666016,217.9199981689453,10.253152847290039,51.96897888183594,117.47376251220703,89.20423126220703,99.40081024169922,12.590999603271484,37.1131477355957,25.165494918823242,29.440000534057617,4.936087608337402,18.690814971923828,42.67308044433594,77.73702239990234,1.809999942779541,9.430000305175781,125.61788940429688,96.87863159179688,39.27000045776367,30.676057815551758,55.96418762207031
2018-11-14,44.36231994628906,79.95050048828125,160.84051513671875,22.706262588500977,216.02999877929688,10.5174560546875,52.2967643737793,117.12464141845703,87.36466217041016,97.9911880493164,12.545000076293945,36.73093032836914,25.958677291870117,28.67300033569336,4.8835835456848145,18.805017471313477,42.89714431762695,77.75363159179688,1.7999999523162842,9.569999694824219,124.646728515625,98.36830139160156,38.22999954223633,30.255876541137695,55.52650451660156
2018-11-15,45.45711898803711,80.97200012207031,164.62107849121094,23.282054901123047,217.3800048828125,10.900238037109375,53.1135139465332,117.32760620117188,89.59494018554688,100.1476058959961,12.741999626159668,37.221160888671875,26.327232360839844,29.006000518798828,5.012366771697998,18.428577423095703,42.56440353393555,78.03640747070312,1.840000033378601,9.710000038146973,122.64324188232422,98.46929168701172,37.97999954223633,29.66285514831543,56.10050964355469
2018-11-16,45.960575103759766,79.67050170898438,157.35801696777344,23.156883239746094,218.41000366210938,10.900238037109375,52.97565841674805,118.53746032714844,89.52983856201172,101.09046173095703,12.708000183105469,37.4725227355957,26.695777893066406,28.621000289916992,4.072254180908203,18.682357788085938,43.31820297241211,78.02809143066406,1.840000033378601,9.729999542236328,124.4249267578125,98.43563842773438,37.040000915527344,29.111557006835938,56.65296173095703
2018-11-19,44.13907241821289,75.614501953125,152.3296661376953,23.156883239746094,217.94000244140625,10.490114212036133,50.949893951416016,119.9502182006836,90.21358489990234,97.66444396972656,12.444999694824219,37.809043884277344,26.271142959594727,27.059999465942383,3.583622932434082,19.232210159301758,43.4404182434082,77.58731079101562,1.7799999713897705,9.75,125.60147094726562,98.58709716796875,35.61000061035156,28.840373992919922,56.83952331542969
2018-11-20,42.03020095825195,74.77300262451172,150.22525024414062,22.84813117980957,210.7100067138672,9.915936470031738,51.10015869140625,118.91092681884766,88.27629852294922,94.94792175292969,12.302000045776367,37.1359977722168,26.359275817871094,26.697999954223633,3.6920971870422363,18.458187103271484,43.365718841552734,76.59762573242188,1.75,8.970000267028809,123.14750671386719,98.7133560180664,36.58000183105469,28.059619903564453,55.225154876708984
2018-11-21,41.98270034790039,75.83650207519531,152.62767028808594,22.756330490112305,210.86000061035156,10.398971557617188,51.743839263916016,115.2895736694336,87.61697387695312,96.25484466552734,12.517999649047852,36.59798812866211,26.91210174560547,26.21299934387207,3.5838708877563477,18.711963653564453,43.18236541748047,76.02374267578125,1.7999999523162842,9.260000228881836,123.04667663574219,100.36293029785156,37.400001525878906,28.062597274780273,55.648494720458984
2018-11-23,40.9163932800293,75.10299682617188,152.3948516845703,22.5059871673584,207.07000732421875,9.815685272216797,51.08280563354492,115.48445892333984,86.81112670898438,96.21751403808594,12.4350004196167,36.83686828613281,26.00674819946289,25.881999969482422,3.591052532196045,19.105321884155273,43.053340911865234,76.13184356689453,1.7100000381469727,9.010000228881836,122.64997863769531,100.75007629394531,36.15999984741211,28.339744567871094,54.16327667236328
2018-11-26,41.469730377197266,79.06649780273438,155.9053497314453,22.998332977294922,210.6300048828125,10.107329368591309,52.36421203613281,115.51715850830078,88.93563079833984,99.39146423339844,12.607999801635742,36.7745475769043,26.01476287841797,26.14299964904785,3.7904179096221924,19.528289794921875,42.802085876464844,76.46454620361328,1.7300000190734863,9.199999809265137,121.50703430175781,102.06298828125,36.900001525878906,28.354639053344727,55.23234176635742
2018-11-27,41.37950134277344,79.07099914550781,155.8867645263672,23.148540496826172,212.52999877929688,10.244035720825195,52.18270492553711,117.02886199951172,89.31005859375,100.01692199707031,12.527999877929688,36.97604751586914,25.60615348815918,26.663000106811523,3.8072590827941895,19.388710021972656,43.243492126464844,77.11325073242188,1.7599999904632568,9.109999656677246,122.17938232421875,101.83576202392578,37.150001525878906,28.32186508178711,55.282569885253906
2018-11-28,42.97064208984375,83.88749694824219,162.31182861328125,23.724336624145508,217.5,10.909354209899902,54.14201354980469,119.65998077392578,90.30313873291016,103.7323226928711,12.746000289916992,36.98643493652344,26.19101905822754,28.264999389648438,3.9642744064331055,19.443695068359375,43.216312408447266,77.35442352294922,1.7799999713897705,9.59000015258789,123.9072265625,102.32389068603516,37.970001220703125,29.043018341064453,56.28704071044922
2018-11-29,42.64054489135742,83.67849731445312,159.71383666992188,23.398880004882812,217.6999969482422,10.772643089294434,54.280372619628906,119.1778793334961,89.58682250976562,102.8641357421875,12.776000022888184,37.02405548095703,25.91061019897461,28.875,3.901057720184326,19.42254638671875,43.365718841552734,77.19642639160156,1.7699999809265137,9.819999694824219,124.10892486572266,102.49222564697266,37.08000183105469,28.992353439331055,56.72471618652344
2018-11-30,42.410179138183594,84.50849914550781,159.55555725097656,23.69930076599121,218.24000549316406,10.882009506225586,55.02769088745117,120.03587341308594,90.50660705566406,103.5176010131836,12.96399974822998,37.9835205078125,25.91061019897461,28.613000869750977,4.051537036895752,19.7186222076416,43.673057556152344,78.6019515991211,1.75,9.279999732971191,124.84171295166016,102.23973846435547,38.09000015258789,29.099637985229492,57.040409088134766
2018-12-03,43.89208984375,88.61799621582031,165.43124389648438,23.816129684448242,220.80999755859375,11.018716812133789,55.36044692993164,119.47206115722656,91.36129760742188,104.63780212402344,13.107000350952148,38.14657211303711,26.61565589904785,29.030000686645508,4.2154035568237305,19.473304748535156,43.91837692260742,77.61227416992188,1.7000000476837158,9.920000076293945,125.68883514404297,103.94822692871094,39.310001373291016,29.427440643310547,58.27450180053711
2018-12-04,41.96133804321289,83.41999816894531,157.96322631835938,22.52267837524414,210.1199951171875,10.480998992919922,52.68803405761719,119.32493591308594,87.28324127197266,101.30516052246094,12.670999526977539,38.07968521118164,27.07234001159668,27.533000946044922,3.8948605060577393,19.321035385131836,43.638973236083984,77.60394287109375,1.690000057220459,9.319999694824219,124.39804077148438,101.73475646972656,37.5,28.551313400268555,56.990177154541016
2018-12-06,41.49348831176758,84.95950317382812,154.8997039794922,22.052751541137695,207.9600067138672,10.162012100219727,53.462135314941406,119.2269058227539,85.62273406982422,101.93062591552734,12.765000343322754,38.1821174621582,26.275859832763672,28.288000106811523,3.9241127967834473,19.30411720275879,45.11767578125,77.80354309082031,1.6200000047683716,8.739999771118164,128.13607788085938,102.53429412841797,37.84000015258789,28.395511627197266,56.2440071105957
2018-12-07,40.01395797729492,81.45649719238281,148.5491943359375,21.339479446411133,204.8800048828125,9.952392578125,51.900047302246094,118.83467102050781,84.07614135742188,97.85115051269531,12.758000373840332,38.22391891479492,26.863155364990234,26.513999938964844,3.659349203109741,19.19414710998535,44.92689514160156,76.88870239257812,1.5700000524520874,8.300000190734863,126.67713165283203,100.96888732910156,37.040000915527344,27.922103881835938,55.70587921142578
2018-12-10,40.27755355834961,82.05149841308594,150.2997589111328,20.777254104614258,203.25999450683594,9.74277114868164,52.22734832763672,118.69578552246094,82.50516510009766,100.4369888305664,12.763999938964844,38.17165756225586,26.97579574584961,26.969999313354492,3.764708995819092,19.43523597717285,44.74290084838867,77.37108612060547,1.5,8.069999694824219,125.11737060546875,101.78527069091797,37.68000030517578,28.146821975708008,54.91664123535156
2018-12-11,40.04719924926758,82.16200256347656,150.3555908203125,20.626205444335938,202.27999877929688,9.80656909942627,52.647369384765625,119.70899963378906,81.6993179321289,101.37049102783203,12.699000358581543,38.248992919921875,26.822935104370117,26.531999588012695,3.6737279891967773,19.118011474609375,45.17900848388672,78.10295867919922,1.5,8.079999923706055,126.02497100830078,101.33921813964844,35.150001525878906,28.119853973388672,55.01708984375
2018-12-12,40.1588134765625,83.177001953125,153.8474884033203,20.575855255126953,202.47999572753906,10.089099884033203,53.24641799926758,120.1993179321289,82.2284164428711,101.82794952392578,12.78499984741211,37.8999137878418,27.418289184570312,27.488000869750977,3.69132924079895,19.46061134338379,44.40898895263672,78.20277404785156,1.4600000381469727,8.149999618530273,122.69701385498047,102.58480072021484,35.20000076293945,27.898136138916016,54.543548583984375
2018-12-13,40.59815979003906,82.91899871826172,152.79527282714844,20.47515869140625,202.4199981689453,9.952392578125,53.236995697021484,120.80391693115234,82.3098373413086,102.17334747314453,12.8100004196167,38.0859489440918,27.386110305786133,27.601999282836914,3.6910810470581055,19.782066345214844,45.192630767822266,80.2486572265625,1.4500000476837158,8.079999923706055,123.74584197998047,101.65060424804688,33.61000061035156,27.853191375732422,55.23234176635742
2018-12-14,39.29911422729492,79.59549713134766,149.9459228515625,20.542293548583984,200.0,9.633406639099121,52.15444564819336,108.67778778076172,81.63422393798828,98.98069763183594,12.692000389099121,37.885284423828125,26.798795700073242,26.68400001525879,3.6305925846099854,19.667865753173828,45.20627212524414,80.37342834472656,1.3700000047683716,7.559999942779541,122.80463409423828,101.07830810546875,33.220001220703125,27.520610809326172,54.227840423583984
2018-12-17,38.93339157104492,76.04550170898438,149.5455322265625,20.533899307250977,197.9199981689453,9.651633262634277,50.86212921142578,105.52369689941406,80.59233093261719,96.04946899414062,12.281999588012695,36.71678924560547,27.04015350341797,26.280000686645508,3.5594429969787598,19.536746978759766,43.686676025390625,77.15483856201172,1.309999942779541,7.309999942779541,117.64125061035156,100.61540985107422,33.400001525878906,27.197010040283203,53.12293243408203
2018-12-18,39.43923568725586,77.5739974975586,151.38922119140625,20.533899307250977,196.52000427246094,9.660746574401855,51.74284362792969,106.56961059570312,80.20976257324219,97.05766296386719,12.335000038146973,36.789947509765625,27.48264503479004,27.0939998626709,3.6427388191223145,19.168766021728516,44.334041595458984,76.92195129394531,1.1799999475479126,7.150000095367432,117.65471649169922,101.00257873535156,33.7400016784668,27.289892196655273,51.659244537353516
2018-12-19,38.20906448364258,74.75399780273438,143.28805541992188,20.29054832458496,195.1699981689453,9.277961730957031,51.34859848022461,104.27349090576172,79.19226837158203,96.7962875366211,12.282999992370605,36.4805793762207,25.817277908325195,26.677000045776367,3.4337542057037354,18.978429794311523,44.03422164916992,76.31483459472656,1.1799999475479126,6.960000038146973,115.6041488647461,100.47234344482422,33.060001373291016,27.131086349487305,50.78390884399414
2018-12-20,37.244869232177734,73.04149627685547,142.17066955566406,20.2318058013916,193.5800018310547,9.332646369934082,50.75947570800781,104.81279754638672,78.50850677490234,94.76121520996094,12.060999870300293,36.56209945678711,27.426332473754883,26.058000564575195,3.3492181301116943,19.181453704833984,43.741207122802734,75.6661376953125,1.0099999904632568,6.639999866485596,112.99557495117188,99.68962097167969,32.77000045776367,26.15131187438965,49.241294860839844
2018-12-21,35.79620361328125,68.87249755859375,138.2318115234375,19.610841751098633,192.10000610351562,9.1594820022583,49.156227111816406,104.66570281982422,76.65264892578125,91.69930267333984,11.657999992370605,36.394866943359375,26.97579574584961,24.638999938964844,3.212125778198242,18.813474655151367,43.4686279296875,75.65782165527344,1.0199999809265137,6.489999771118164,110.85089874267578,95.9107666015625,31.8799991607666,26.106380462646484,48.87538528442383
2018-12-24,34.87000274658203,67.197998046875,135.02859497070312,19.07378387451172,187.75999450683594,8.913408279418945,48.82992172241211,100.37579345703125,75.0002670288086,87.87187957763672,11.670000076293945,35.1343994140625,27.8205509185791,23.38800048828125,3.1503965854644775,18.606224060058594,41.069976806640625,72.65544128417969,1.0199999809265137,6.340000152587891,108.01375579833984,94.1012954711914,31.729999542236328,25.713869094848633,47.00273513793945
2018-12-26,37.32561492919922,73.54499816894531,142.3941192626953,20.2318058013916,197.57000732421875,9.47846794128418,51.96303176879883,103.53807067871094,78.10968017578125,93.87437438964844,12.109000205993652,35.60681915283203,27.780323028564453,25.367000579833984,3.2996368408203125,19.063026428222656,42.86894226074219,74.92594146728516,1.309999942779541,6.980000019073486,112.04761505126953,95.70878601074219,34.060001373291016,27.089153289794922,49.24847412109375
2018-12-27,37.083370208740234,73.08200073242188,143.76292419433594,20.449987411499023,200.1199951171875,9.724543571472168,52.21345901489258,104.11006164550781,78.98878479003906,94.45317840576172,12.595000267028809,35.987247467041016,28.150407791137695,25.55699920654297,3.2517898082733154,19.2829647064209,43.141517639160156,76.53106689453125,1.2999999523162842,6.710000038146973,112.49808502197266,97.19003295898438,33.63999938964844,27.44270133972168,49.46372604370117
2018-12-28,37.102378845214844,73.9010009765625,144.41477966308594,20.466764450073242,202.0800018310547,9.542267799377441,51.90500259399414,103.99567413330078,78.81782531738281,93.7156753540039,12.687999725341797,36.10431671142578,27.732051849365234,25.607999801635742,3.3132715225219727,19.38448143005371,43.168792724609375,75.83245086669922,1.3200000524520874,7.010000228881836,113.0157699584961,97.913818359375,33.380001068115234,27.6044979095459,48.9112548828125
2018-12-31,37.460975646972656,75.09850311279297,144.90829467773438,20.676555633544922,204.17999267578125,9.396445274353027,51.8197135925293,105.45016479492188,79.46088409423828,94.81724548339844,12.774999618530273,36.334251403808594,27.87687110900879,26.766000747680664,3.3095526695251465,19.485992431640625,43.1079216003418,76.4478988647461,1.2400000095367432,6.940000057220459,112.94180297851562,97.69499206542969,33.20000076293945,27.910120010375977,48.92561340332031
2019-01-02,37.503726959228516,76.95649719238281,145.54150390625,20.945077896118164,202.8000030517578,9.442012786865234,52.301727294921875,104.38789367675781,80.83651733398438,94.39715576171875,12.857000350952148,35.50019454956055,27.740100860595703,26.766000747680664,3.376983404159546,19.790523529052734,42.3488883972168,75.91564178466797,1.3300000429153442,7.139999866485596,110.93832397460938,97.86332702636719,33.189998626708984,27.967052459716797,50.00183868408203
2019-01-03,33.7680778503418,75.01399993896484,137.5148468017578,20.609424591064453,191.66000366210938,9.177709579467773,50.85319900512695,102.72914123535156,79.68768310546875,90.9244613647461,12.656999588012695,35.41241455078125,27.659650802612305,27.1200008392334,3.1729564666748047,19.951250076293945,42.72498321533203,75.38335418701172,1.2599999904632568,7.239999771118164,110.84416198730469,96.49148559570312,32.540000915527344,27.823226928710938,49.234127044677734
2019-01-04,35.20961380004883,78.76950073242188,143.46495056152344,21.46535301208496,195.1999969482422,9.861252784729004,53.46163558959961,104.4532699584961,82.6253890991211,95.1532974243164,13.039999961853027,36.06459426879883,27.659650802612305,29.756999969482422,3.3762400150299072,20.023155212402344,42.711307525634766,76.92195129394531,1.340000033378601,7.619999885559082,112.53166961669922,100.76692199707031,32.290000915527344,27.997005462646484,51.049373626708984
2019-01-07,35.13124465942383,81.47550201416016,146.74269104003906,21.448564529418945,196.91000366210938,10.025303840637207,53.35502624511719,103.78324127197266,82.6828384399414,95.2746353149414,13.123000144958496,36.012332916259766,27.32979393005371,31.534000396728516,3.5549802780151367,20.150047302246094,42.588233947753906,76.61425018310547,1.5299999713897705,8.279999732971191,113.7149658203125,102.07139587402344,32.5099983215332,28.326595306396484,51.314842224121094
2019-01-08,35.800968170166016,82.8290023803711,145.66249084472656,21.406612396240234,196.30999755859375,10.207581520080566,53.82365036010742,106.19376373291016,82.52693939208984,95.96548461914062,13.230999946594238,36.275726318359375,27.410240173339844,32.027000427246094,3.466477155685425,20.446123123168945,43.210487365722656,76.89701080322266,1.600000023841858,8.420000076293945,116.43107604980469,102.93827819824219,32.7400016784668,28.524351119995117,51.68794250488281
2019-01-09,36.40892028808594,82.97100067138672,151.705810546875,21.61639976501465,196.3699951171875,10.490114212036133,53.6391716003418,105.35209655761719,82.38743591308594,97.33771514892578,13.157999992370605,36.11894226074219,27.65159034729004,31.996000289916992,3.534651756286621,20.670291900634766,43.03953170776367,75.64119720458984,1.5099999904632568,8.539999961853027,116.59246063232422,103.45166778564453,33.709999084472656,28.43147087097168,51.96057891845703
2019-01-10,36.52528381347656,82.81099700927734,151.41709899902344,21.591224670410156,196.5800018310547,10.490114212036133,53.49932861328125,105.98945617675781,82.37921142578125,96.71226501464844,13.25100040435791,36.66242599487305,28.013633728027344,32.465999603271484,3.6003477573394775,20.53071403503418,43.71653747558594,75.82416534423828,1.4500000476837158,8.569999694824219,116.54541778564453,104.77300262451172,32.560001373291016,28.452444076538086,51.695125579833984
2019-01-11,36.16668701171875,82.02799987792969,150.86778259277344,21.842966079711914,196.2899932861328,10.572136878967285,52.78721237182617,106.02214813232422,81.98534393310547,95.96548461914062,13.38599967956543,36.72932434082031,28.061906814575195,33.75899887084961,3.6895930767059326,20.534942626953125,43.96269989013672,76.32316589355469,1.4800000190734863,8.25,115.87311553955078,105.26113891601562,32.619998931884766,28.416486740112305,51.458343505859375
2019-01-14,35.622833251953125,80.8604965209961,147.76698303222656,22.12827491760254,195.77999877929688,10.572136878967285,52.14453125,104.82096099853516,82.83055114746094,95.26531219482422,13.211000442504883,35.7928581237793,25.567874908447266,33.29399871826172,3.7295069694519043,19.731311798095703,43.64814758300781,75.8075180053711,1.4500000476837158,8.420000076293945,114.7906494140625,105.53046417236328,32.27000045776367,28.44944190979004,51.39376449584961
2019-01-15,36.35190963745117,83.72799682617188,148.26980590820312,22.27932357788086,196.94000244140625,10.590447425842285,53.88017654418945,105.7034912109375,83.43779754638672,98.02852630615234,13.430999755859375,36.52238082885742,24.95642852783203,35.4640007019043,3.7153756618499756,19.963943481445312,44.29093551635742,76.52276611328125,1.3899999856948853,8.479999542236328,115.12008666992188,106.27950286865234,31.950000762939453,28.83896255493164,51.422462463378906
2019-01-16,36.79602813720703,84.18900299072266,146.4540252685547,23.873699188232422,198.41000366210938,10.883353233337402,54.02894973754883,104.62486267089844,84.11067199707031,98.37393951416016,13.383999824523926,36.51401138305664,25.390872955322266,35.138999938964844,3.6898410320281982,19.824365615844727,44.20887756347656,75.99048614501953,1.3899999856948853,8.449999809265137,116.23612976074219,105.75770568847656,31.93000030517578,28.868927001953125,51.40095138549805
2019-01-17,37.014503479003906,84.66100311279297,146.69613647460938,24.326839447021484,198.77999877929688,11.103033065795898,54.50551223754883,105.48283386230469,84.455322265625,99.06472778320312,13.48799991607666,36.6833381652832,25.439151763916016,35.319000244140625,3.761237859725952,20.154277801513672,44.318294525146484,75.97958374023438,1.399999976158142,8.59000015258789,116.49163055419922,105.1349105834961,31.920000076293945,28.98577308654785,51.75251007080078
2019-01-18,37.24250030517578,84.80999755859375,151.50094604492188,24.58697509765625,204.47999572753906,11.496626853942871,54.911163330078125,106.7902603149414,85.82571411132812,100.54902648925781,13.631999969482422,36.80875778198242,25.55982780456543,33.90999984741211,3.890397787094116,20.323463439941406,44.20887756347656,76.63343048095703,1.3799999952316284,8.84000015258789,116.95552825927734,105.49681091308594,32.54999923706055,29.28240394592285,52.36956024169922
2019-01-22,36.40653610229492,81.6084976196289,148.52122497558594,24.410757064819336,200.72000122070312,11.331867218017578,53.48941421508789,105.24588012695312,84.47173309326172,98.65398406982422,13.723999977111816,37.07841110229492,25.825315475463867,32.51599884033203,3.6881067752838135,20.38267707824707,44.29093551635742,75.81192779541016,1.3300000429153442,8.229999542236328,116.48485565185547,104.02396392822266,31.989999771118164,29.210494995117188,51.5803108215332
2019-01-23,36.55378341674805,82.0009994506836,150.96087646484375,24.268096923828125,201.14999389648438,11.267794609069824,53.77604675292969,105.24588012695312,84.25836944580078,99.61549377441406,13.748000144958496,37.496490478515625,25.905778884887695,32.19900131225586,3.7009971141815186,20.048534393310547,44.05159378051758,79.50025939941406,1.3600000143051147,8.1899995803833,117.09668731689453,103.07293701171875,32.02000045776367,29.57604217529297,51.157005310058594
2019-01-24,36.2640495300293,82.74649810791016,157.27420043945312,24.402362823486328,201.02000427246094,9.794102668762207,53.75571060180664,103.79956817626953,84.3076171875,99.13941955566406,13.82800006866455,37.68461227416992,25.889684677124023,32.66699981689453,3.9129579067230225,19.790523529052734,43.94218826293945,79.047607421875,1.3700000047683716,8.680000305175781,117.83621978759766,103.37592315673828,31.489999771118164,29.47117042541504,51.22875213623047
2019-01-25,37.4657096862793,83.52850341796875,164.5000762939453,24.82193946838379,202.75,10.288383483886719,54.62404251098633,104.78010559082031,84.84098815917969,100.044921875,13.9399995803833,36.4136848449707,26.678119659423828,33.80500030517578,3.970223903656006,19.608652114868164,44.59864807128906,78.4608154296875,1.3600000143051147,8.9399995803833,119.07331085205078,104.12496185302734,32.2400016784668,29.04570198059082,51.458343505859375
2019-01-28,37.118988037109375,81.89450073242188,162.16281127929688,24.8638973236084,200.9499969482422,9.409660339355469,53.55040740966797,105.401123046875,85.24309539794922,98.09387969970703,13.85099983215332,36.052059173583984,26.476991653442383,33.566001892089844,3.421359062194824,19.625572204589844,45.125186920166016,78.39375305175781,1.3700000047683716,8.479999542236328,120.0077896118164,103.08135223388672,32.52000045776367,29.08165740966797,51.11394119262695
2019-01-29,36.734256744384766,79.69400024414062,162.59115600585938,24.662494659423828,202.0500030517578,9.565268516540527,53.064422607421875,106.49609375,85.48107147216797,96.09615325927734,13.82699966430664,36.133575439453125,26.983840942382812,32.88999938964844,3.262450695037842,19.731311798095703,45.5970458984375,78.4105224609375,1.399999976158142,8.4399995803833,120.47843170166016,102.90461730957031,32.029998779296875,28.976781845092773,51.30765914916992
2019-01-30,39.24449157714844,83.52149963378906,164.9935760498047,24.393970489501953,205.9600067138672,10.315844535827637,54.4494743347168,107.56651306152344,85.67802429199219,99.30741882324219,12.737000465393066,36.28616714477539,27.120609283447266,34.066001892089844,3.4059884548187256,19.900495529174805,46.20561981201172,79.23200988769531,1.3899999856948853,8.6899995803833,121.85662841796875,103.55265808105469,32.22999954223633,28.404499053955078,51.86730194091797
2019-01-31,39.527099609375,85.9365005493164,162.98223876953125,23.89048194885254,205.5399932861328,10.654518127441406,55.833038330078125,108.7431869506836,84.93124389648438,97.48706817626953,12.689000129699707,37.41285705566406,27.44241714477539,33.95000076293945,3.563657522201538,19.887805938720703,47.129127502441406,80.8666000366211,1.3700000047683716,8.569999694824219,122.44158935546875,103.6620864868164,32.29999923706055,28.71310806274414,52.577632904052734
2019-02-01,39.546112060546875,81.3115005493164,166.12960815429688,23.81495475769043,209.19000244140625,10.535526275634766,55.4725227355957,109.65833282470703,85.24309539794922,95.94677734375,12.803999900817871,37.170379638671875,27.225202560424805,33.98500061035156,3.58795166015625,20.560325622558594,46.53907012939453,81.70487976074219,1.340000033378601,8.710000038146973,120.48514556884766,102.67738342285156,31.260000228881836,28.12285614013672,54.47178649902344
2019-02-04,40.66940689086914,81.66549682617188,167.20042419433594,24.234535217285156,208.52000427246094,10.855892181396484,56.603172302246094,108.57975006103516,85.54670715332031,98.70999145507812,13.005000114440918,37.228919982910156,27.48264503479004,35.13399887084961,3.698270559310913,20.534942626953125,47.22519302368164,82.17430114746094,1.3799999952316284,8.90999984741211,122.27348327636719,103.43482971191406,31.600000381469727,28.395511627197266,53.68256759643555
2019-02-05,41.36524200439453,82.94049835205078,169.10931396484375,24.150619506835938,207.82000732421875,10.865042686462402,57.12139129638672,108.57975006103516,85.16923522949219,100.09162139892578,13.21500015258789,37.24354553222656,27.450458526611328,35.58100128173828,3.7173590660095215,20.640684127807617,47.56137466430664,81.6797103881836,1.3799999952316284,8.84000015258789,123.70552825927734,103.91455841064453,31.520000457763672,28.644203186035156,54.235042572021484
2019-02-06,41.37950134277344,82.01300048828125,173.99794006347656,24.108661651611328,206.00999450683594,10.901658058166504,55.684268951416016,108.67778778076172,85.12818908691406,98.98069763183594,12.82699966430664,37.228919982910156,27.337833404541016,35.21900177001953,3.7929701805114746,20.585697174072266,47.46532440185547,82.08209991455078,1.3600000143051147,8.829999923706055,123.60470581054688,101.87784576416016,31.1200008392334,28.65618896484375,53.998268127441406
2019-02-07,40.59579086303711,80.71849822998047,168.6344451904297,23.69747543334961,201.72999572753906,10.855892181396484,54.84223556518555,107.90155792236328,84.0121841430664,98.27123260498047,12.913999557495117,37.90827178955078,27.136701583862305,34.47100067138672,3.6546387672424316,20.577239990234375,48.0965461730957,81.4282455444336,1.340000033378601,8.350000381469727,124.9493179321289,99.40348052978516,31.540000915527344,28.982772827148438,53.58211135864258
2019-02-08,40.643489837646484,79.41100311279297,168.60647583007812,23.739437103271484,200.9199981689453,10.627058982849121,54.667171478271484,108.18753814697266,83.17518615722656,98.64464569091797,13.07800006866455,38.2552604675293,27.225202560424805,34.75699996948242,3.673232078552246,20.687210083007812,48.08283233642578,81.90605163574219,1.340000033378601,8.279999732971191,123.77278137207031,98.73018646240234,30.899999618530273,28.638206481933594,53.66918182373047
2019-02-11,40.40974426269531,79.55000305175781,166.23202514648438,23.840137481689453,203.0500030517578,10.55383014678955,54.65427780151367,107.86068725585938,82.78130340576172,98.25257873535156,13.680000305175781,38.2552604675293,27.07234001159668,34.573001861572266,3.6305925846099854,20.58146858215332,48.30921936035156,82.37548065185547,1.3600000143051147,8.210000038146973,124.57954406738281,98.59552764892578,31.149999618530273,28.823974609375,53.75621795654297
2019-02-12,40.757965087890625,81.90049743652344,170.20811462402344,24.075096130371094,206.14999389648438,10.517218589782715,55.91685104370117,109.62566375732422,84.1927261352539,99.78353881835938,14.211000442504883,38.309627532958984,26.863155364990234,35.99700164794922,3.747603416442871,20.89446449279785,47.58197021484375,83.20535278320312,1.3700000047683716,8.300000190734863,124.10892486572266,100.80897521972656,31.360000610351562,29.054691314697266,54.69931411743164
2019-02-13,40.58864212036133,82.0,169.76116943359375,24.0834903717041,205.8000030517578,11.249485969543457,55.96892166137695,109.86261749267578,84.5948257446289,99.70884704589844,14.043000221252441,38.22182846069336,26.73443603515625,35.176998138427734,3.7899956703186035,20.763347625732422,47.73977279663086,83.18860626220703,1.399999976158142,8.350000381469727,125.09473419189453,100.6827392578125,30.799999237060547,29.345321655273438,55.31593704223633
2019-02-14,40.73650360107422,81.13249969482422,171.64215087890625,23.823348999023438,202.77999877929688,11.13049602508545,55.99717712402344,109.74822998046875,84.04500579833984,99.79287719726562,14.005999565124512,38.17165756225586,26.637889862060547,35.90700149536133,3.8309006690979004,21.05518913269043,47.876983642578125,82.5347671508789,1.6699999570846558,8.539999961853027,124.93152618408203,100.36293029785156,30.290000915527344,29.51910972595215,55.33043670654297
2019-02-15,40.6458625793457,80.39749908447266,171.67935180664062,24.427539825439453,205.2899932861328,11.240336418151855,55.52260971069336,111.43970489501953,86.61346435546875,101.02511596679688,14.105999946594238,38.47057342529297,26.742488861083984,35.6870002746582,3.900561809539795,21.296279907226562,48.089698791503906,82.55154418945312,1.6200000047683716,8.930000305175781,124.65961456298828,101.96199798583984,30.229999542236328,29.959562301635742,56.37510681152344
2019-02-19,40.76750946044922,81.37899780273438,169.9008026123047,24.44431495666504,205.69000244140625,11.981756210327148,55.86378860473633,110.8758773803711,86.30985260009766,100.97844696044922,14.190999984741211,38.74858856201172,27.780323028564453,36.19200134277344,3.883208990097046,21.283592224121094,47.97305679321289,83.81727600097656,1.690000057220459,8.729999542236328,123.89137268066406,102.2481460571289,30.190000534057617,30.621721267700195,56.752357482910156
2019-02-20,41.02985382080078,81.1050033569336,171.1951141357422,24.679279327392578,206.16000366210938,12.219744682312012,55.57020568847656,111.4151840209961,86.72836303710938,100.45343780517578,14.041999816894531,38.805023193359375,28.472217559814453,35.99100112915039,3.9305591583251953,21.02135467529297,47.211456298828125,83.22211456298828,1.7799999713897705,8.6899995803833,121.844970703125,103.3422622680664,30.18000030517578,29.926597595214844,56.969974517822266
2019-02-21,40.79852294921875,80.97200012207031,169.96600341796875,24.578584671020508,205.3300018310547,11.917683601379395,54.7579231262207,110.65524291992188,86.5478286743164,102.57219696044922,14.312999725341797,38.99734115600586,28.488304138183594,35.696998596191406,3.861640691757202,21.004430770874023,47.72605895996094,83.64124298095703,1.7799999713897705,8.5,123.83697509765625,102.03775024414062,30.020000457763672,29.779773712158203,56.45491409301758
2019-02-22,41.25406265258789,81.5780029296875,172.16357421875,24.402362823486328,201.91000366210938,12.100750923156738,55.370361328125,111.61947631835938,86.16215515136719,104.0346908569336,14.541000366210938,39.325523376464844,29.349153518676758,36.301998138427734,3.946424961090088,21.05518913269043,47.849544525146484,84.03523254394531,1.7999999523162842,8.25,124.84321594238281,102.52589416503906,30.290000915527344,29.827722549438477,56.89019012451172
2019-02-25,41.55457305908203,81.6500015258789,174.1190185546875,24.561800003051758,202.30999755859375,12.137365341186523,55.40854263305664,112.03073120117188,87.0647964477539,104.6159439086914,14.619000434875488,39.27326583862305,29.04343605041504,36.39099884033203,3.934030532836914,20.90715217590332,47.61625671386719,83.4652099609375,1.75,8.319999694824219,124.6187973022461,103.0224380493164,30.309999465942383,29.698883056640625,56.948219299316406
2019-02-26,41.57841873168945,81.81999969482422,172.6011962890625,24.578584671020508,201.89999389648438,12.064138412475586,55.640625,111.95669555664062,86.4001235961914,105.33780670166016,14.180000305175781,39.346431732177734,28.11822509765625,36.49700164794922,3.8946123123168945,20.915613174438477,47.45846176147461,83.68317413330078,1.7699999809265137,8.149999618530273,124.60523986816406,103.71257781982422,30.190000534057617,29.57004737854004,57.064292907714844
2019-02-27,41.707218170166016,82.05449676513672,171.44654846191406,24.779977798461914,202.2899932861328,12.045830726623535,55.684268951416016,111.75928497314453,86.29346466064453,105.15970611572266,14.119000434875488,39.31065368652344,27.370014190673828,36.2869987487793,3.8527164459228516,20.754884719848633,47.22519302368164,82.9119644165039,1.7899999618530273,8.239999771118164,123.2182846069336,102.94670104980469,30.860000610351562,29.396268844604492,57.65192413330078
2019-02-28,41.2969856262207,81.99150085449219,170.2825927734375,24.526948928833008,201.3000030517578,11.807842254638672,55.86576843261719,112.39266967773438,85.63694763183594,105.02845764160156,14.149999618530273,39.50215148925781,27.450458526611328,35.810001373291016,3.828148126602173,20.70412826538086,47.60792541503906,82.61019134521484,1.7899999618530273,8.170000076293945,123.16388702392578,101.86942291259766,30.850000381469727,29.659929275512695,57.332706451416016
2019-03-01,41.7310676574707,83.58650207519531,172.36843872070312,24.7209415435791,203.1300048828125,11.780384063720703,56.95526123046875,113.7991943359375,85.69440460205078,105.4971923828125,14.173999786376953,39.46847152709961,27.209108352661133,35.731998443603516,3.882495641708374,20.97905731201172,47.59415054321289,82.5179672241211,1.7999999523162842,8.359999656677246,119.3635025024414,101.28028106689453,31.1299991607666,29.342329025268555,58.03641128540039
2019-03-04,41.94095230102539,84.80850219726562,172.88052368164062,24.484779357910156,201.80999755859375,11.69800090789795,57.19825744628906,113.90614318847656,85.49747467041016,105.24407196044922,13.930999755859375,39.611572265625,27.715961456298828,35.104000091552734,3.890685796737671,20.801408767700195,47.86948776245117,82.87843322753906,1.8600000143051147,8.65999984741211,119.18671417236328,99.66439056396484,30.200000762939453,29.3183536529541,58.26131057739258
2019-03-05,41.8646240234375,84.62149810791016,171.82835388183594,24.526948928833008,201.47000122070312,11.752922058105469,57.98029327392578,114.14469146728516,85.43184661865234,104.71905517578125,13.866000175476074,39.62840270996094,27.756183624267578,35.43000030517578,3.884232759475708,21.012893676757812,48.04849624633789,83.0628433227539,1.8700000047683716,8.680000305175781,119.92774200439453,99.52972412109375,30.350000381469727,29.46516990661621,58.17424774169922
2019-03-06,41.623741149902344,83.44750213623047,168.69032287597656,24.324525833129883,200.6699981689453,11.47832202911377,57.76953887939453,114.4078598022461,85.11181640625,104.76596069335938,13.696999549865723,39.47058868408203,26.770662307739258,35.96099853515625,3.773303747177124,20.792951583862305,47.84885787963867,82.92872619628906,1.809999942779541,8.369999885559082,119.91417694091797,99.29407501220703,30.31999969482422,29.441207885742188,57.51408004760742
2019-03-07,41.14196014404297,81.29750061035156,165.3008575439453,24.079931259155273,199.3000030517578,11.267794609069824,57.070804595947266,113.70872497558594,84.49633026123047,103.49093627929688,13.734999656677246,39.54633331298828,26.83528709411621,35.2599983215332,3.7040669918060303,20.818330764770508,47.8144645690918,82.61019134521484,1.9700000286102295,8.369999885559082,119.2410888671875,98.67127990722656,29.6200008392334,29.198509216308594,58.15248489379883
2019-03-08,41.239749908447266,81.04000091552734,166.52996826171875,24.164278030395508,198.6999969482422,11.066417694091797,57.02717208862305,113.56065368652344,84.5291976928711,103.60343170166016,13.812000274658203,39.708370208740234,27.231111526489258,34.959999084472656,3.7383131980895996,21.012893676757812,48.014060974121094,82.49285125732422,1.9500000476837158,8.100000381469727,118.44566345214844,99.06683349609375,29.139999389648438,29.240453720092773,57.318199157714844
2019-03-11,42.66838836669922,83.53099822998047,168.6251220703125,24.40886878967285,202.08999633789062,11.313560485839844,58.47966766357422,113.97193908691406,85.6287612915039,105.77845764160156,14.300000190734863,39.8767204284668,27.021081924438477,35.88600158691406,3.9988839626312256,21.03827476501465,48.68866729736328,83.4736099243164,2.109999895095825,8.630000114440918,119.57423400878906,100.26192474365234,29.920000076293945,29.50712776184082,57.87681579589844
2019-03-12,43.147789001464844,83.65499877929688,169.94735717773438,24.40886878967285,202.5,11.579007148742676,59.371788024902344,114.48191833496094,85.37437438964844,106.51908111572266,14.519000053405762,40.16921615600586,27.88543701171875,35.62699890136719,4.0331292152404785,20.95790672302246,49.122344970703125,83.86758422851562,2.200000047683716,9.010000228881836,120.96112823486328,99.95053100585938,29.739999771118164,29.474164962768555,58.03641128540039
2019-03-13,43.33858108520508,84.54049682617188,169.96600341796875,24.704071044921875,204.05999755859375,11.588163375854492,59.461551666259766,114.67108917236328,85.6615982055664,107.34408569335938,14.75,40.18605041503906,27.796573638916016,36.12099838256836,4.184508323669434,21.283592224121094,49.0810546875,84.81481170654297,2.380000114440918,9.109999656677246,121.1107406616211,100.4134292602539,29.350000381469727,29.671913146972656,58.55147171020508
2019-03-14,43.82036590576172,84.31099700927734,170.67367553710938,24.84745216369629,203.3800048828125,11.276946067810059,59.137725830078125,113.52777862548828,86.44115447998047,107.42845153808594,14.800000190734863,40.18814468383789,26.996843338012695,35.88199996948242,4.108570098876953,21.359725952148438,49.50094223022461,84.93214416503906,2.5899999141693115,9.039999961853027,122.23249816894531,99.05840301513672,28.860000610351562,29.587570190429688,58.3556022644043
2019-03-15,44.3903923034668,85.61799621582031,179.53839111328125,24.71250343322754,204.30999755859375,11.30440902709961,59.02714538574219,113.18228912353516,87.43409729003906,108.66596984863281,14.833000183105469,40.24285888671875,26.770662307739258,36.145999908447266,4.214041233062744,21.524681091308594,49.03974151611328,85.87100982666016,2.200000047683716,9.010000228881836,119.71698760986328,100.12727355957031,28.610000610351562,29.6478214263916,58.14522933959961
2019-03-18,44.84354782104492,87.10749816894531,177.51776123046875,25.151090621948242,206.67999267578125,11.55154800415039,58.94036102294922,112.82858276367188,87.95925903320312,110.22222900390625,14.782999992370605,40.165000915527344,26.65757179260254,36.34400177001953,4.192697525024414,21.76154327392578,48.88142776489258,85.09143829345703,2.4000000953674316,9.489999771118164,118.52043151855469,100.58175659179688,29.110000610351562,30.02134895324707,58.81989669799805
2019-03-19,44.48817825317383,88.09249877929688,177.67605590820312,25.00770378112793,205.14999389648438,11.606466293334961,59.630157470703125,113.87323760986328,87.63922119140625,110.29722595214844,14.739999771118164,39.66627502441406,26.883752822875977,35.87799835205078,4.3604559898376465,22.091453552246094,48.220584869384766,85.41835021972656,2.5299999713897705,9.319999694824219,117.88817596435547,100.76692199707031,29.59000015258789,30.078590393066406,58.66755676269531
2019-03-20,44.87693786621094,89.8635025024414,177.9833221435547,24.155839920043945,203.27000427246094,11.734615325927734,60.818824768066406,112.92729949951172,85.76826477050781,110.17532348632812,14.753999710083008,39.954566955566406,27.360361099243164,37.52199935913086,4.32794713973999,22.260643005371094,48.69554138183594,85.2674789428711,2.619999885559082,9.460000038146973,118.25531768798828,100.71641540527344,28.59000015258789,29.714096069335938,58.994022369384766
2019-03-21,46.5297737121582,90.96299743652344,180.98171997070312,23.767864227294922,204.42999267578125,11.826149940490723,61.29985427856445,113.59358215332031,84.41429138183594,112.70661163330078,14.961999893188477,40.38385009765625,27.731950759887695,37.7869987487793,4.564692497253418,22.066076278686523,49.88642883300781,85.91291809082031,2.5399999618530273,9.489999771118164,121.13793182373047,101.36446380615234,28.09000015258789,29.840618133544922,59.33498001098633
2019-03-22,45.56620788574219,88.2385025024414,174.8267059326172,22.781049728393555,200.5500030517578,11.148799896240234,59.88752746582031,112.61476135253906,81.86225891113281,109.73471069335938,14.383000373840332,40.80893325805664,27.869277954101562,36.10100173950195,4.404876708984375,21.78220558166504,49.975929260253906,85.2171630859375,2.4800000190734863,8.9399995803833,120.74360656738281,101.17929077148438,27.920000076293945,29.605648040771484,58.38462829589844
2019-03-25,45.01527404785156,88.71299743652344,173.50440979003906,22.637666702270508,199.44000244140625,11.331867218017578,59.37823486328125,112.36798095703125,81.18115997314453,110.30659484863281,14.409000396728516,40.74158477783203,28.192399978637695,36.62300109863281,4.312560081481934,22.142948150634766,50.423370361328125,85.46864318847656,2.359999895095825,8.829999923706055,121.0019302368164,101.40653991699219,27.979999542236328,29.572509765625,57.97837448120117
2019-03-26,44.55018615722656,89.18800354003906,174.3983154296875,22.949735641479492,200.6199951171875,11.624774932861328,59.004329681396484,113.98016357421875,81.9935302734375,110.54095458984375,14.5649995803833,41.034080505371094,28.725547790527344,35.99700164794922,4.389241695404053,22.306142807006836,50.92586898803711,86.35719299316406,2.4000000953674316,8.930000305175781,123.2182846069336,102.48381042480469,28.030000686645508,29.617692947387695,58.73284149169922
2019-03-27,44.95087814331055,88.28500366210938,171.39065551757812,22.79792022705078,199.2100067138672,11.633929252624512,58.41768264770508,114.08708190917969,81.71453094482422,109.47219848632812,14.362000465393066,40.80681228637695,28.84672737121582,35.33700180053711,4.380059719085693,22.400625228881836,50.56102752685547,86.25659942626953,2.359999895095825,8.8100004196167,123.12991333007812,101.86100769042969,28.850000381469727,29.28331756591797,58.28303909301758
2019-03-28,45.01051330566406,88.6709976196289,171.5210418701172,23.050945281982422,200.66000366210938,11.65223503112793,58.133033752441406,114.23515319824219,82.64181518554688,109.62223052978516,14.479999542236328,40.38595199584961,28.733623504638672,35.46099853515625,4.398672103881836,22.353382110595703,50.850162506103516,86.80146789550781,2.4200000762939453,8.819999694824219,124.65961456298828,100.21143341064453,29.270000457763672,29.25922203063965,58.573238372802734
2019-03-29,45.30386734008789,89.0374984741211,175.10604858398438,23.270240783691406,200.88999938964844,11.798689842224121,58.362144470214844,114.98365020751953,83.06851959228516,110.56906127929688,14.425000190734863,40.680564880371094,28.895187377929688,35.65599822998047,4.455997943878174,22.465044021606445,50.792152404785156,87.22061920166016,2.4000000953674316,8.710000038146973,123.87775421142578,99.3277359008789,29.639999389648438,29.379714965820312,58.61678695678711
2019-04-01,45.611534118652344,90.70950317382812,179.23110961914062,24.07149887084961,205.0,11.990912437438965,59.45758056640625,114.31737518310547,85.86673736572266,111.58158874511719,14.734000205993652,40.08504104614258,28.765941619873047,36.69599914550781,4.52349853515625,22.38774299621582,50.21906661987305,86.87689971923828,2.3499999046325684,9.260000228881836,124.36723327636719,100.89314270019531,30.540000915527344,29.467079162597656,59.291446685791016
2019-04-02,46.27458572387695,90.6989974975586,180.49746704101562,24.349824905395508,203.8800048828125,12.009217262268066,59.782894134521484,113.27276611328125,86.27704620361328,111.740966796875,14.619999885559082,39.87250518798828,28.94365882873535,36.77199935913086,4.541365623474121,22.37056541442871,50.09477615356445,86.96912384033203,2.450000047683716,9.109999656677246,124.61201477050781,101.54119873046875,30.65999984741211,29.201988220214844,59.037532806396484
2019-04-03,46.591796875,91.03500366210938,184.1291046142578,24.324525833129883,203.6699981689453,12.045830726623535,60.04423522949219,112.82858276367188,86.4493637084961,112.47222137451172,14.793000221252441,39.83672332763672,29.04059410095215,36.974998474121094,4.680832862854004,21.93251609802246,49.680484771728516,86.91885375976562,2.450000047683716,8.960000038146973,124.39447784423828,101.8946762084961,31.770000457763672,29.27729606628418,58.689327239990234
2019-04-04,46.67287063598633,90.94300079345703,184.72500610351562,24.585983276367188,204.10000610351562,12.411964416503906,60.472694396972656,111.51251983642578,87.28448486328125,111.90032958984375,14.456999778747559,39.645240783691406,29.46873664855957,36.78799819946289,4.671900272369385,21.713491439819336,49.57000732421875,86.70089721679688,2.549999952316284,9.050000190734863,124.99275970458984,102.74470520019531,33.40999984741211,29.554441452026367,59.52361297607422
2019-04-05,46.98530960083008,91.86399841308594,187.52783203125,24.526948928833008,205.3300018310547,12.20143985748291,60.07597351074219,112.01427459716797,87.07778930664062,112.39720153808594,14.652000427246094,39.99876403808594,29.484895706176758,36.54899978637695,4.7386555671691895,21.79937744140625,49.9083366394043,86.88529968261719,2.630000114440918,9.140000343322754,125.63863372802734,103.1318588256836,33.95000076293945,29.77132797241211,59.84279251098633
2019-04-08,47.724674224853516,92.49299621582031,189.54844665527344,24.602855682373047,205.25,12.5767240524292,59.91877746582031,111.98136901855469,87.3589096069336,112.43472290039062,14.442000389099121,39.69572830200195,29.614137649536133,36.14099884033203,4.7595014572143555,22.05706024169922,49.71500778198242,87.99178314208984,2.7699999809265137,9.079999923706055,124.73439025878906,102.8793716430664,33.59000015258789,29.891822814941406,60.212772369384766
2019-04-09,47.581581115722656,91.79199981689453,187.69540405273438,24.36669921875,204.9199981689453,12.24720573425293,59.64156723022461,111.51251983642578,86.71394348144531,111.82534790039062,14.413000106811523,39.920894622802734,29.56566619873047,36.47100067138672,4.696714878082275,21.971168518066406,49.155731201171875,87.73194885253906,2.5899999141693115,9.0,124.12250518798828,102.7278823852539,33.41999816894531,29.729154586791992,59.43655014038086
2019-04-10,47.84870529174805,92.36650085449219,186.0379180908203,24.51851463317871,204.52000427246094,12.347890853881836,59.8280143737793,111.5207290649414,87.10259246826172,112.678466796875,14.77400016784668,39.6915283203125,29.29909324645996,36.391998291015625,4.767192840576172,21.966873168945312,49.549285888671875,87.72354125976562,2.6700000762939453,8.859999656677246,125.72695922851562,102.82886505126953,33.470001220703125,30.003276824951172,59.16810989379883
2019-04-11,47.45039749145508,92.20349884033203,184.28738403320312,24.51851463317871,206.6699981689453,12.274663925170898,59.983734130859375,111.21640014648438,87.83850860595703,112.8097152709961,14.85200023651123,39.99033737182617,29.056745529174805,36.76499938964844,4.753297328948975,21.863801956176758,49.300716400146484,87.80738067626953,2.6700000762939453,8.84000015258789,125.23751068115234,101.86942291259766,32.33000183105469,30.364761352539062,59.45103454589844
2019-04-12,47.43130874633789,92.15299987792969,188.859375,25.4462890625,210.55999755859375,12.587047576904297,60.63534927368164,111.84976196289062,91.95631408691406,113.3909912109375,15.0649995803833,40.16080093383789,29.282943725585938,35.11399841308594,4.71532678604126,21.563180923461914,49.23857116699219,88.0672607421875,2.5899999141693115,8.819999694824219,126.12809753417969,103.01403045654297,31.549999237060547,30.59370231628418,58.703819274902344
2019-04-15,47.517173767089844,92.24349975585938,186.0845184326172,25.16795539855957,209.74000549316406,12.57785701751709,60.823787689208984,112.29395294189453,90.90620422363281,113.4847183227539,14.954000473022461,40.22602081298828,29.21831703186035,34.887001037597656,4.583553314208984,21.627599716186523,49.28692626953125,88.62886810302734,2.509999990463257,8.600000381469727,125.43461608886719,102.65214538574219,31.520000457763672,30.85578155517578,58.507957458496094
2019-04-16,47.521942138671875,93.1520004272461,189.60430908203125,25.201696395874023,211.8000030517578,13.009672164916992,61.09058380126953,113.52777862548828,91.8653564453125,113.22223663330078,15.112000465393066,39.88092041015625,28.804330825805664,35.94599914550781,4.670658588409424,21.219606399536133,47.87831497192383,89.20729064941406,2.5899999141693115,8.699999809265137,120.39008331298828,102.46697235107422,30.43000030517578,31.00640106201172,58.90694808959961
2019-04-17,48.447349548339844,93.24099731445312,189.3622283935547,25.328208923339844,210.3699951171875,13.04642391204834,61.49871063232422,113.93901062011719,94.5113525390625,114.15971374511719,14.810999870300293,39.908287048339844,28.299287796020508,35.4739990234375,4.647826671600342,20.833097457885742,46.79423904418945,89.35586547851562,2.559999942779541,8.6899995803833,120.63479614257812,104.42794799804688,30.6299991607666,31.07568359375,59.073814392089844
2019-04-18,48.621456146240234,93.08450317382812,191.73670959472656,25.328208923339844,209.99000549316406,12.862675666809082,61.56467056274414,113.11649322509766,93.8167953491211,115.65973663330078,14.64799976348877,39.847251892089844,27.35542869567871,36.03499984741211,4.623259544372559,20.78156280517578,47.31902313232422,89.52469635009766,2.569999933242798,8.84000015258789,121.05634307861328,105.3368911743164,30.93000030517578,31.081714630126953,58.856170654296875
2019-04-22,48.781246185302734,94.3655014038086,191.3641815185547,25.345073699951172,209.49000549316406,12.541107177734375,62.17412567138672,113.3714599609375,93.93254852294922,116.02535247802734,14.734000205993652,40.0618896484375,26.94972801208496,37.73400115966797,4.677110195159912,20.657014846801758,46.87708282470703,89.49092864990234,2.5,9.619999885559082,118.09895324707031,104.49529266357422,29.079999923706055,30.837703704833984,60.14023971557617
2019-04-23,49.48483657836914,96.1884994506836,191.1593780517578,25.36194610595703,211.61000061035156,12.366540908813477,63.00873565673828,115.07417297363281,94.04829406738281,117.60035705566406,14.916000366210938,39.937740325927734,26.80070686340332,38.18899917602539,4.731706619262695,20.89751625061035,47.684974670410156,87.08503723144531,2.5299999713897705,9.649999618530273,120.07052612304688,105.1517333984375,29.309999465942383,31.04857063293457,60.48844528198242
2019-04-24,49.408512115478516,95.0875015258789,191.2711181640625,25.319772720336914,210.57000732421875,12.47679328918457,62.486053466796875,114.49835205078125,93.89119720458984,117.19725799560547,14.954000473022461,39.99455642700195,26.65995216369629,37.42300033569336,4.744115352630615,20.772974014282227,48.278778076171875,87.5324478149414,2.5799999237060547,9.180000305175781,121.11751556396484,103.4179916381836,29.81999969482422,31.18714714050293,59.31321716308594
2019-04-25,48.96013641357422,95.11250305175781,192.01605224609375,25.370378494262695,211.9499969482422,11.218088150024414,62.84756851196289,114.86852264404297,93.9407958984375,121.07848358154297,14.800000190734863,40.08293914794922,26.188024520874023,36.83300018310547,4.638398170471191,20.79874038696289,48.38928985595703,87.1863021850586,2.5299999713897705,8.930000305175781,120.91356658935547,103.67890930175781,29.6200008392334,31.184133529663086,59.64691925048828
2019-04-26,48.726383209228516,97.53150177001953,195.1964569091797,25.59810447692871,214.22000122070312,11.484530448913574,63.34743118286133,115.4771957397461,94.65192413330078,121.77226257324219,14.942000389099121,40.341766357421875,26.04726219177246,37.48500061035156,4.419520378112793,21.01346778869629,48.73451232910156,89.36429595947266,2.5199999809265137,8.800000190734863,121.43024444580078,104.04080200195312,29.31999969482422,30.58466911315918,58.39189147949219
2019-04-29,48.80032730102539,96.92150115966797,194.4522247314453,25.95234489440918,216.5800018310547,11.42021656036377,64.27873229980469,115.0247802734375,96.0162582397461,121.65975952148438,14.92300033569336,40.35440444946289,25.46770668029785,37.18299865722656,4.450291156768799,21.23249626159668,47.98879623413086,88.45259094238281,2.5299999713897705,8.800000190734863,119.48585510253906,104.2007064819336,29.829999923706055,30.59370231628418,58.014644622802734
2019-04-30,47.860626220703125,96.32599639892578,196.7226104736328,25.792097091674805,216.7100067138672,11.309966087341309,59.45659637451172,116.1434555053711,95.95835876464844,122.4378890991211,14.970000267028809,40.91624069213867,25.716094970703125,37.05400085449219,4.491733074188232,21.047826766967773,48.498619079589844,89.88766479492188,2.490000009536743,7.860000133514404,118.09212493896484,104.02396392822266,29.729999542236328,30.979297637939453,58.23953628540039
2019-05-01,50.20989227294922,95.57599639892578,194.4334259033203,25.52219581604004,216.7100067138672,10.758707046508789,58.185096740722656,116.76036834716797,95.22246551513672,119.88787078857422,14.10200023651123,40.670040130615234,25.10340690612793,37.88100051879883,4.478582382202148,21.099363327026367,48.491722106933594,88.57923126220703,2.509999990463257,7.639999866485596,120.84557342529297,103.45166778564453,29.700000762939453,30.53346061706543,57.07154846191406
2019-05-02,49.883140563964844,95.04100036621094,194.00003051757812,25.72461700439453,215.92999267578125,10.574955940246582,57.847389221191406,116.20924377441406,95.4291763305664,118.3222427368164,14.083999633789062,40.3438720703125,24.92125701904297,37.90599822998047,4.546082019805908,20.987703323364258,48.651039123535156,89.11105346679688,2.4600000381469727,7.480000019073486,120.87954711914062,103.17391967773438,30.100000381469727,30.470199584960938,56.07042694091797
2019-05-03,50.50324630737305,98.12300109863281,196.5906982421875,25.9017391204834,218.60000610351562,10.979209899902344,58.98994827270508,116.80973815917969,96.0162582397461,120.84412384033203,14.102999687194824,40.48906707763672,25.020612716674805,38.50299835205078,4.541615009307861,20.39504623413086,48.69953536987305,89.55000305175781,2.569999933242798,7.760000228881836,121.97415161132812,104.06605529785156,30.010000228881836,30.750347137451172,56.201011657714844
2019-05-06,49.72333526611328,97.52749633789062,193.28408813476562,25.699321746826172,213.16000366210938,10.76789665222168,59.1838493347168,116.87554168701172,95.16456604003906,120.1409912109375,14.145000457763672,40.17131423950195,24.78878402709961,37.867000579833984,4.46319580078125,20.506710052490234,48.464012145996094,89.21234130859375,2.509999990463257,7.590000152587891,121.09031677246094,103.5021743774414,29.600000381469727,30.864816665649414,55.95435333251953
2019-05-07,48.3829460144043,96.05000305175781,189.06362915039062,25.235429763793945,209.42999267578125,10.510640144348145,58.459835052490234,115.13172912597656,93.61006164550781,117.67536926269531,13.88700008392334,39.92932891845703,25.434589385986328,37.04600143432617,4.295934200286865,20.369279861450195,46.15718078613281,88.3850326538086,2.4700000286102295,7.369999885559082,118.3165054321289,103.09819030761719,28.280000686645508,30.515380859375,55.65690612792969
2019-05-08,48.392478942871094,95.88849639892578,189.7607421875,25.134218215942383,209.2899932861328,10.446330070495605,58.059139251708984,114.98365020751953,93.11393737792969,117.66598510742188,13.79699993133545,39.53581619262695,25.004056930541992,36.4370002746582,4.316035270690918,20.790149688720703,46.28881072998047,88.6973876953125,2.4200000762939453,7.590000152587891,117.50743103027344,102.47540283203125,28.34000015258789,30.214141845703125,55.74396514892578
2019-05-09,47.872554779052734,94.99349975585938,187.462158203125,25.058307647705078,208.55999755859375,10.363638877868652,57.9197883605957,114.11175537109375,93.03949737548828,117.6566162109375,13.812999725341797,39.68942642211914,24.78050994873047,36.275001525878906,4.223470211029053,20.807329177856445,46.66288375854492,87.9967269897461,2.309999942779541,7.630000114440918,118.13970947265625,100.42184448242188,28.25,30.14449119567871,55.693199157714844
2019-05-10,47.2093505859375,94.4990005493164,187.2266082763672,24.948667526245117,209.02000427246094,10.446330070495605,57.90342712402344,114.37499237060547,93.03125762939453,119.18473052978516,13.925999641418457,40.35227966308594,24.96265983581543,36.104000091552734,4.189471244812012,20.73432159423828,47.27249526977539,89.49092864990234,2.3499999046325684,7.460000038146973,119.11869049072266,100.37975311279297,28.049999237060547,30.862220764160156,56.1774787902832
2019-05-13,44.46556854248047,91.13400268554688,179.40740966796875,23.826906204223633,205.00999450683594,9.839945793151855,56.363651275634766,112.85327911376953,90.50102233886719,115.64097595214844,13.505000114440918,41.01934051513672,25.591899871826172,34.5260009765625,3.932128429412842,20.3435115814209,47.45259475708008,89.57533264160156,2.2300000190734863,7.059999942779541,118.97595977783203,99.52972412109375,26.809999465942383,30.250486373901367,55.55377960205078
2019-05-14,45.16946792602539,92.00599670410156,186.567138671875,24.13897132873535,203.69000244140625,9.977757453918457,55.78195571899414,112.54071044921875,91.22040557861328,116.93474578857422,13.649999618530273,41.013038635253906,25.52566146850586,34.56100082397461,4.021218299865723,20.18461036682129,47.805904388427734,89.1447982788086,2.2799999713897705,7.389999866485596,119.82576751708984,100.21143341064453,26.729999542236328,30.37161636352539,55.62715530395508
2019-05-15,45.7105598449707,93.55750274658203,189.00709533691406,23.860639572143555,202.97999572753906,9.968570709228516,58.06013488769531,112.61476135253906,90.87313842773438,118.58143615722656,13.621999740600586,41.0046272277832,25.409753799438477,35.499000549316406,3.9601707458496094,20.158843994140625,47.986026763916016,90.07341003417969,2.3299999237060547,7.409999847412109,120.33567810058594,101.53278350830078,26.510000228881836,30.247453689575195,56.03805923461914
2019-05-16,45.50944137573242,95.37850189208984,190.4296112060547,24.11366844177246,204.6300048828125,9.79400634765625,58.7395133972168,113.68405151367188,92.03900146484375,121.3196792602539,13.805999755859375,41.478092193603516,25.293834686279297,35.930999755859375,3.975308418273926,20.094425201416016,48.01372528076172,91.2636947631836,2.4200000762939453,7.539999961853027,120.58330535888672,100.90998840332031,26.790000915527344,30.680513381958008,56.030723571777344
2019-05-17,45.25087356567383,93.44999694824219,189.54408264160156,23.953413009643555,203.27000427246094,9.527565956115723,57.9599609375,114.01305389404297,91.59248352050781,120.51045227050781,13.684000015258789,41.87159729003906,25.600177764892578,35.44499969482422,3.8844809532165527,20.094425201416016,47.986026763916016,90.70652770996094,2.549999952316284,7.409999847412109,119.99862670898438,99.6475601196289,26.979999542236328,30.544235229492188,55.70053482055664
2019-05-20,43.83588409423828,92.94850158691406,179.445068359375,23.953413009643555,202.72999572753906,9.37137508392334,56.76384735107422,113.85677337646484,92.07206726074219,118.76963806152344,13.626999855041504,41.949459075927734,25.807167053222656,34.81100082397461,3.7658591270446777,20.2962703704834,47.320987701416016,90.60523223876953,2.569999933242798,7.389999866485596,117.31610107421875,99.40348052978516,26.950000762939453,30.744110107421875,55.69319152832031
2019-05-21,44.6762580871582,92.8759994506836,182.525634765625,24.19801139831543,203.36000061035156,9.509190559387207,57.248844146728516,113.61002349853516,92.38630676269531,119.40950012207031,13.730999946594238,41.854774475097656,25.947912216186523,35.426998138427734,3.84800124168396,20.41222381591797,47.83360290527344,89.79483032226562,2.509999990463257,7.630000114440918,118.85687255859375,99.52130889892578,27.0,30.622976303100586,55.94999694824219
2019-05-22,43.76165771484375,92.98400115966797,180.43426513671875,24.029325485229492,202.60000610351562,9.242753028869629,57.318763732910156,114.13643646240234,91.63384246826172,120.13404846191406,13.626999855041504,42.49237060546875,25.931350708007812,35.972999572753906,3.777026653289795,20.785856246948242,48.29774475097656,90.09028625488281,2.5299999713897705,7.300000190734863,118.08650207519531,98.73860931396484,24.34000015258789,30.95912742614746,55.44371032714844
2019-05-23,43.01466369628906,90.77400207519531,179.5769805908203,23.413618087768555,201.3000030517578,9.141684532165527,56.79756546020508,114.98365020751953,89.83125305175781,118.73198699951172,13.392000198364258,42.829063415527344,26.196300506591797,35.22100067138672,3.655924081802368,20.777265548706055,48.893497467041016,90.12403869628906,2.5,6.849999904632568,117.94891357421875,98.86485290527344,23.84000015258789,30.84707260131836,54.144920349121094
2019-05-24,42.84946823120117,91.16400146484375,178.80450439453125,23.767864227294922,201.69000244140625,9.261125564575195,56.46382522583008,114.99193572998047,90.71599578857422,118.78843688964844,13.407999992370605,42.79539489746094,26.428129196166992,35.43899917602539,3.6020729541778564,20.86745262145996,48.85884475708008,90.06497192382812,2.5,6.75,117.84573364257812,99.7737808227539,24.43000030517578,31.092376708984375,54.37239456176758
2019-05-28,42.67227554321289,91.82150268554688,179.92559814453125,23.531702041625977,199.6999969482422,9.215188026428223,56.51093673706055,113.5177993774414,89.73204040527344,118.71318817138672,13.532999992370605,42.33245086669922,26.221134185791016,35.50600051879883,3.5569071769714355,20.588306427001953,48.311614990234375,88.18244171142578,2.6700000762939453,6.690000057220459,115.61715698242188,100.48916625976562,23.989999771118164,31.016664505004883,53.279090881347656
2019-05-29,42.46877670288086,90.95950317382812,177.6363525390625,23.405187606811523,198.52000427246094,9.178435325622559,55.53797912597656,108.76407623291016,89.48397064208984,117.565185546875,13.375,41.816890716552734,26.16318702697754,34.91899871826172,3.4827072620391846,20.19749641418457,47.66043472290039,87.95452880859375,2.5899999141693115,6.75,112.77643585205078,100.61540985107422,23.559999465942383,30.925817489624023,52.948883056640625
2019-05-30,42.68906021118164,90.81600189208984,178.8892822265625,22.907560348510742,199.74000549316406,9.022248268127441,55.61087417602539,109.41006469726562,88.52481079101562,118.30856323242188,13.366000175476074,41.86318588256836,26.568878173828125,35.185001373291016,3.456122875213623,20.26191520690918,47.951377868652344,88.91687774658203,2.619999885559082,6.630000114440918,112.15047454833984,100.78373718261719,22.670000076293945,30.947002410888672,52.809471130371094
2019-05-31,41.91572189331055,88.75350189208984,177.1558837890625,22.435239791870117,197.4199981689453,8.921181678771973,54.871490478515625,108.61500549316406,87.61524200439453,116.37954711914062,13.291000366210938,41.973304748535156,27.396827697753906,34.327999114990234,3.365440607070923,20.2705020904541,48.706172943115234,86.87399291992188,2.559999942779541,6.199999809265137,111.4902114868164,98.9574203491211,22.469999313354492,30.719879150390625,51.9289436340332
2019-06-03,41.49193572998047,84.6344985961914,176.1478271484375,22.502717971801758,198.55999755859375,9.114123344421387,51.51125717163086,108.85517120361328,88.02869415283203,112.76620483398438,13.09000015258789,42.2634162902832,27.843915939331055,33.66299819946289,3.323702573776245,20.841686248779297,49.56797409057617,87.62528991699219,2.5899999141693115,6.300000190734863,111.2013168334961,99.4203109741211,22.829999923706055,30.877370834350586,52.743431091308594
2019-06-04,43.0098762512207,86.47799682617188,179.42626953125,23.548566818237305,201.58999633789062,9.4816255569458,52.292301177978516,110.75167083740234,90.7408218383789,115.89024353027344,13.381999969482422,42.2210578918457,28.448318481445312,35.34000015258789,3.5527682304382324,20.674196243286133,48.92855453491211,88.3681869506836,2.5799999237060547,6.260000228881836,111.50395965576172,100.60700988769531,23.739999771118164,31.059066772460938,53.998172760009766
2019-06-05,43.704200744628906,86.92500305175781,178.4276580810547,23.540132522583008,203.3000030517578,9.279499053955078,51.8038444519043,111.2900161743164,91.06330108642578,118.40266418457031,13.437999725341797,43.33704376220703,28.672780990600586,35.573001861572266,3.510035276412964,20.893224716186523,50.37419891357422,90.0987319946289,2.5399999618530273,6.03000020980835,113.4573745727539,101.17929077148438,23.75,31.622339248657227,53.55057144165039
2019-06-06,44.34585189819336,87.71800231933594,181.59304809570312,23.64189910888672,204.77000427246094,9.362187385559082,51.958560943603516,113.1948013305664,91.26174926757812,120.27518463134766,13.440999984741211,43.57210922241211,29.35447883605957,35.7130012512207,3.5721468925476074,21.026351928710938,50.464534759521484,90.64744567871094,2.559999942779541,6.119999885559082,112.54948425292969,102.08824157714844,23.219999313354492,31.83129119873047,54.5264778137207
2019-06-07,45.52620315551758,90.20149993896484,185.22940063476562,23.345096588134766,205.80999755859375,9.509190559387207,52.980613708496094,114.7435073852539,90.26123809814453,123.64388275146484,13.71399974822998,43.281986236572266,29.65374755859375,36.08700180053711,3.614879846572876,21.185256958007812,50.49232864379883,91.82083129882812,2.549999952316284,6.090000152587891,112.38438415527344,103.00560760498047,23.329999923706055,32.118995666503906,54.7246208190918
2019-06-10,46.10800552368164,93.03150177001953,186.77435302734375,23.803014755249023,207.16000366210938,9.748068809509277,53.694217681884766,115.13275909423828,91.23693084716797,124.7730712890625,13.654999732971191,43.07658004760742,29.337848663330078,35.20100021362305,3.687674045562744,21.99264144897461,49.880714416503906,91.77862548828125,2.6600000858306885,5.960000038146973,111.00870513916016,103.93138122558594,23.049999237060547,32.56113815307617,54.96678161621094
2019-06-11,46.641929626464844,93.18499755859375,188.50778198242188,23.947166442871094,206.6300048828125,9.757255554199219,53.60892105102539,115.76214599609375,91.51809692382812,124.30258178710938,13.413999557495117,42.76952362060547,29.030258178710938,35.12699890136719,3.7453131675720215,22.155834197998047,50.20043182373047,92.33577728271484,2.619999885559082,5.900000095367432,111.88916015625,105.19380950927734,22.969999313354492,32.68832015991211,54.915367126464844
2019-06-12,46.49347686767578,92.76599884033203,185.4178009033203,23.701257705688477,204.57000732421875,9.729692459106445,53.51272201538086,117.33566284179688,90.35218048095703,123.7285385131836,13.267999649047852,43.31586837768555,29.487483978271484,34.555999755859375,3.632270574569702,22.53376007080078,50.784202575683594,92.58903503417969,2.5999999046325684,5.5,111.80661010742188,105.7745361328125,22.780000686645508,32.954830169677734,54.32103729248047
2019-06-13,46.48389434814453,93.51499938964844,186.46348571777344,23.69277572631836,204.99000549316406,9.950197219848633,54.10334014892578,116.53238677978516,90.57544708251953,124.50959014892578,13.204999923706055,43.362464904785156,29.553991317749023,34.34299850463867,3.68345046043396,22.203073501586914,50.52707290649414,93.62735748291016,2.6500000953674316,5.679999828338623,112.68013000488281,105.02549743652344,23.15999984741211,32.90335464477539,54.7979736328125
2019-06-14,46.14631271362305,93.4834976196289,180.89588928222656,23.777570724487305,205.16000366210938,9.784820556640625,53.86976623535156,116.01885223388672,90.80699157714844,124.63188171386719,13.364999771118164,43.826210021972656,29.86990737915039,33.972999572753906,3.593513250350952,21.885271072387695,50.923240661621094,93.87218475341797,2.549999952316284,5.420000076293945,112.06109619140625,104.68885803222656,23.850000381469727,33.030540466308594,54.55583953857422
2019-06-17,46.42164611816406,94.30149841308594,178.6537628173828,23.684289932250977,203.47999572753906,9.86750602722168,54.24616241455078,115.4805679321289,90.31085205078125,125.00830078125,14.125,43.70127487182617,30.110990524291992,35.0620002746582,3.6032025814056396,21.90674591064453,50.930198669433594,93.69490814208984,2.4000000953674316,5.579999923706055,114.5510482788086,104.5036849975586,24.059999465942383,33.05779266357422,55.09884262084961
2019-06-18,47.51341247558594,95.06849670410156,183.43942260742188,24.2694034576416,206.00999450683594,10.225823402404785,54.80900955200195,116.13485717773438,91.54287719726562,127.18193054199219,14.559000015258789,43.50009536743164,29.9364070892334,35.71200180053711,3.798232316970825,22.41350555419922,50.45758819580078,92.52149963378906,2.309999942779541,5.929999828338623,114.26905059814453,105.51363372802734,23.760000228881836,33.20619201660156,55.57577896118164
2019-06-19,47.37454605102539,95.43949890136719,185.4178009033203,24.0150089263916,206.75,10.280950546264648,54.772804260253906,116.3170166015625,90.88137817382812,127.68064880371094,14.767000198364258,43.673744201660156,30.22739028930664,36.35200119018555,3.804194927215576,22.512287139892578,50.88849639892578,93.21373748779297,2.2899999618530273,5.960000038146973,113.67748260498047,105.37897491455078,23.459999084472656,33.19710159301758,55.26760482788086
2019-06-20,47.75523376464844,95.90950012207031,189.97743225097656,23.972612380981445,208.0399932861328,10.455513954162598,55.20374298095703,117.77462005615234,91.11293029785156,128.8662872314453,14.788999557495117,43.703392028808594,31.24161720275879,36.520999908447266,3.828542470932007,21.953989028930664,50.9371223449707,94.32801818847656,2.309999942779541,6.239999771118164,113.38861083984375,105.87553405761719,23.440000534057617,33.40908432006836,56.21416473388672
2019-06-21,47.592430114746094,95.56500244140625,190.5520782470703,23.845413208007812,206.2100067138672,10.418764114379883,55.807254791259766,117.67527770996094,90.4927749633789,128.88507080078125,14.67199993133545,43.95115661621094,31.166786193847656,36.92100143432617,3.7704060077667236,21.833738327026367,50.2143440246582,93.87218475341797,2.299999952316284,6.289999961853027,112.86585998535156,105.05916595458984,23.530000686645508,33.654380798339844,57.00665283203125
2019-06-24,47.54453659057617,95.69499969482422,191.05136108398438,23.726694107055664,206.85000610351562,10.418764114379883,55.3773078918457,118.47856903076172,89.84779357910156,129.64727783203125,14.157999992370605,44.08879089355469,31.956560134887695,37.104000091552734,3.7927660942077637,22.026992797851562,49.88766098022461,94.82611083984375,2.0899999141693115,6.170000076293945,111.44892120361328,105.02549743652344,23.170000076293945,33.68769836425781,56.4636344909668
2019-06-25,46.82388687133789,93.91349792480469,187.5092010498047,23.540132522583008,208.07000732421875,10.418764114379883,53.93324661254883,119.455810546875,89.10363006591797,125.55403137207031,14.015999794006348,43.66950225830078,31.5408935546875,36.029998779296875,3.7634501457214355,21.979755401611328,48.935508728027344,94.31114959716797,2.049999952316284,6.190000057220459,111.07752227783203,104.30169677734375,23.110000610351562,33.53022766113281,55.96467590332031
2019-06-26,47.83663558959961,94.8915023803711,192.5492401123047,23.66733169555664,208.50999450683594,10.556578636169434,53.573211669921875,117.47643280029297,89.69895935058594,126.02449035644531,13.911999702453613,43.002464294433594,31.815221786499023,36.220001220703125,3.956740379333496,21.863801956176758,47.608036041259766,92.63124084472656,2.140000104904175,6.389999866485596,109.55052185058594,103.76306915283203,22.90999984741211,33.360633850097656,56.206817626953125
2019-06-27,47.82227325439453,95.21399688720703,193.11448669433594,23.921735763549805,212.02000427246094,10.620893478393555,53.390228271484375,116.51578521728516,89.99665069580078,126.23155212402344,14.102999687194824,43.31586837768555,31.657276153564453,37.00199890136719,4.055373191833496,21.842330932617188,48.247440338134766,92.67344665527344,2.2200000286102295,6.320000171661377,110.00447845458984,104.08287048339844,23.139999389648438,33.34246063232422,55.634498596191406
2019-06-28,47.38652038574219,94.68150329589844,195.88417053222656,24.591642379760742,213.1699981689453,10.666831016540527,53.696205139160156,115.34806060791016,92.44417572021484,126.05277252197266,14.331000328063965,43.38151931762695,31.981502532958984,36.731998443603516,4.080217361450195,21.91963005065918,48.09196853637695,92.56367492675781,2.25,6.409999847412109,109.8875961303711,104.35220336914062,22.75,33.4605712890625,56.22882843017578
2019-07-01,48.2556266784668,96.1094970703125,202.51634216308594,24.94780158996582,214.6199951171875,10.51982593536377,54.54915237426758,115.41432189941406,93.99870300292969,127.67127227783203,14.003000259399414,43.20362854003906,31.515958786010742,37.459999084472656,4.128416538238525,22.125770568847656,47.43651580810547,93.27281188964844,2.240000009536743,6.449999809265137,109.11719512939453,105.86711120605469,22.790000915527344,33.49993896484375,56.1774787902832
2019-07-02,48.538143157958984,96.71549987792969,201.99819946289062,24.718833923339844,214.5399932861328,10.51982593536377,55.173988342285156,115.96920776367188,94.09793090820312,128.5181121826172,14.050000190734863,43.97444534301758,31.956560134887695,37.542999267578125,4.0305280685424805,22.31043815612793,48.18260192871094,94.1085433959961,2.299999952316284,6.130000114440918,111.39389038085938,106.88545989990234,22.639999389648438,33.79671859741211,55.56112289428711
2019-07-03,48.94037628173828,96.94999694824219,201.44236755371094,24.63404083251953,215.16000366210938,10.39120101928711,55.689231872558594,117.71665954589844,93.94805908203125,129.34616088867188,14.116000175476074,44.20102310180664,32.22258377075195,38.172000885009766,4.043447971343994,22.45216178894043,49.27037048339844,96.30339813232422,2.2799999713897705,6.059999942779541,113.5124282836914,106.74238586425781,22.959999084472656,34.01475524902344,56.08942794799805
2019-07-05,48.89727783203125,97.14550018310547,197.59873962402344,24.812118530273438,215.25,10.372827529907227,56.16925811767578,116.41642761230469,94.50595092773438,128.9697723388672,14.02400016784668,44.06974411010742,31.939929962158203,38.05500030517578,3.9808402061462402,21.72637367248535,48.80320739746094,95.51831817626953,2.3499999046325684,6.159999847412109,112.08859252929688,106.52356719970703,23.600000381469727,33.91179656982422,55.86195373535156
2019-07-08,47.88930892944336,97.61599731445312,195.97840881347656,24.761240005493164,215.1300048828125,10.308513641357422,55.38176727294922,116.74763488769531,93.98967742919922,128.8756866455078,12.593000411987305,44.28573989868164,31.831857681274414,37.61600112915039,3.905808687210083,21.563180923461914,48.88686752319336,96.27806854248047,2.319999933242798,6.179999828338623,112.99653625488281,106.77605438232422,24.200000762939453,34.135902404785156,56.11878204345703
2019-07-09,48.18140411376953,99.41500091552734,194.6406707763672,24.888437271118164,214.75,9.986948013305664,55.75369644165039,117.1120834350586,94.38936614990234,128.4051971435547,12.39900016784668,44.080326080322266,32.22258377075195,37.99300003051758,3.9082937240600586,21.614713668823242,49.30525207519531,95.31572723388672,2.299999952316284,6.139999866485596,113.16849517822266,106.80131530761719,23.459999084472656,34.18435287475586,56.08209228515625
2019-07-10,48.65786361694336,100.87049865722656,196.06317138671875,24.608596801757812,214.02999877929688,10.060447692871094,56.577884674072266,116.94644927978516,94.11457824707031,129.713134765625,12.295999526977539,44.35984802246094,32.463680267333984,38.099998474121094,3.9766154289245605,21.67483901977539,49.67481231689453,96.02483367919922,2.299999952316284,6.46999979019165,112.72140502929688,107.20527648925781,23.280000686645508,34.21463394165039,56.874568939208984
2019-07-11,48.30350875854492,100.05349731445312,196.6472625732422,24.89691925048828,213.1699981689453,10.198263168334961,56.735084533691406,116.03546142578125,95.013916015625,130.23069763183594,12.279000282287598,44.55467224121094,32.654884338378906,37.95000076293945,4.131148815155029,21.017765045166016,49.27037048339844,96.556640625,2.2899999618530273,6.269999980926514,111.80661010742188,106.67505645751953,23.3799991607666,34.49930191040039,56.91859436035156
2019-07-12,48.674617767333984,100.55000305175781,196.11968994140625,24.973234176635742,214.10000610351562,10.170576095581055,56.79756546020508,111.22373962402344,96.01317596435547,130.70114135742188,12.302000045776367,44.20102310180664,32.771270751953125,37.32500076293945,4.164191722869873,20.41652488708496,49.31917190551758,97.07160949707031,2.2899999618530273,6.460000038146973,111.60709381103516,107.4830093383789,24.0,34.70523452758789,56.96260452270508
2019-07-15,49.131927490234375,101.04949951171875,194.7819366455078,24.7781982421875,213.5399932861328,10.281325340270996,57.053951263427734,111.56329345703125,94.84737396240234,130.70114135742188,12.362000465393066,44.2264518737793,32.56343078613281,36.65999984741211,4.155745029449463,20.463762283325195,49.08211898803711,97.4852523803711,2.3299999237060547,6.329999923706055,111.84099578857422,107.41568756103516,23.549999237060547,34.820308685302734,56.559051513671875
2019-07-16,48.96192932128906,100.49500274658203,193.12393188476562,24.583160400390625,212.8800048828125,10.26286506652832,57.20024108886719,109.73303985595703,95.8633041381836,128.98858642578125,12.449999809265137,44.02103042602539,32.164398193359375,36.5989990234375,4.151024341583252,20.493824005126953,48.712562561035156,97.83135986328125,2.309999942779541,6.059999942779541,111.4420394897461,108.24047088623047,23.81999969482422,34.75368881225586,55.71519470214844
2019-07-17,48.686588287353516,99.60150146484375,205.05990600585938,24.752761840820312,207.4499969482422,10.207493782043457,56.867000579833984,109.2030258178711,94.92230224609375,128.22642517089844,12.25100040435791,44.45091247558594,32.47199630737305,36.24399948120117,4.216366291046143,20.747203826904297,48.754371643066406,97.87357330322266,2.3299999237060547,5.820000171661377,110.14893341064453,108.87169647216797,23.270000457763672,34.70523452758789,55.385005950927734
2019-07-18,49.239662170410156,98.8949966430664,213.51966857910156,24.998676300048828,207.97999572753906,10.29055404663086,56.89178466796875,109.37694549560547,95.48856353759766,128.36756896972656,12.265999794006348,44.969730377197266,33.0040397644043,32.520999908447266,4.228043079376221,20.73432159423828,48.87989807128906,98.08258819580078,2.309999942779541,5.630000114440918,109.63307189941406,109.25041961669922,22.739999771118164,34.7415771484375,54.915367126464844
2019-07-19,48.504615783691406,98.22599792480469,210.6652069091797,24.93083381652832,205.97000122070312,10.604347229003906,56.11372375488281,107.91935729980469,94.54759979248047,128.5557403564453,12.175000190734863,44.41278839111328,32.66318893432617,31.510000228881836,4.184814453125,20.60977554321289,47.93158721923828,97.71723175048828,2.309999942779541,5.800000190734863,107.60397338867188,109.55337524414062,22.770000457763672,34.49324417114258,55.025455474853516
2019-07-22,49.61315155029297,99.28150177001953,214.5465850830078,25.07499122619629,204.83999633789062,10.604347229003906,56.49357986450195,106.53630828857422,95.15546417236328,130.25888061523438,12.225000381469727,44.334442138671875,33.17031478881836,31.062000274658203,4.25636625289917,20.785856246948242,47.76422119140625,97.9636459350586,2.2799999713897705,5.849999904632568,106.70289611816406,110.3697738647461,22.399999618530273,34.16617202758789,55.084163665771484
2019-07-23,50.00101852416992,99.72450256347656,216.8734588623047,25.651622772216797,206.4600067138672,10.752015113830566,56.93195343017578,106.70193481445312,96.89588165283203,131.06814575195312,12.157999992370605,43.89820861816406,32.93754196166992,30.729999542236328,4.364191055297852,21.150896072387695,48.531246185302734,96.73165893554688,2.25,5.940000057220459,108.84893035888672,110.88316345214844,22.389999389648438,33.94509506225586,55.304290771484375
2019-07-24,49.96031188964844,100.04049682617188,220.50038146972656,26.007780075073242,207.97000122070312,11.019659996032715,56.519371032714844,107.48041534423828,97.28724670410156,132.41368103027344,12.27299976348877,44.48268508911133,32.671504974365234,31.79400062561035,4.438724517822266,21.271141052246094,48.32205581665039,95.66959381103516,2.2899999618530273,5.960000038146973,109.48171997070312,111.93519592285156,23.049999237060547,33.91785430908203,55.29695129394531
2019-07-25,49.56525802612305,98.69100189208984,216.72276306152344,25.727943420410156,207.89999389648438,10.539742469787598,56.331417083740234,108.59017181396484,96.35459899902344,131.9150390625,12.218999862670898,43.96809387207031,31.798603057861328,32.645999908447266,4.307544708251953,20.99199867248535,48.029205322265625,95.81405639648438,2.2699999809265137,5.679999828338623,108.89705657958984,111.51437377929688,23.06999969482422,33.98447799682617,54.981441497802734
2019-07-26,49.737648010253906,97.15249633789062,217.4763946533203,26.092578887939453,209.89999389648438,10.668949127197266,61.750633239746094,108.26717376708984,96.7792739868164,132.9971466064453,12.331999778747559,44.294212341308594,30.992218017578125,33.577999114990234,4.349532127380371,20.974821090698242,48.48940658569336,97.47933197021484,2.25,5.590000152587891,108.90396118164062,111.05147552490234,23.299999237060547,34.226749420166016,54.89337921142578
2019-07-29,50.202125549316406,95.62249755859375,217.58944702148438,25.880578994750977,208.61000061035156,10.715097427368164,61.58301544189453,110.16368103027344,96.47118377685547,132.7054443359375,12.218000411987305,44.762203216552734,31.349685668945312,33.27000045776367,4.343321800231934,21.095067977905273,48.93569564819336,98.55836486816406,2.25,5.369999885559082,109.80500030517578,110.8663330078125,23.43000030517578,33.99961471557617,55.28227615356445
2019-07-30,49.98665237426758,94.92649841308594,215.11178588867188,26.1943359375,207.80999755859375,10.58588695526123,60.896690368652344,109.38519287109375,96.25466918945312,132.0655975341797,12.319000244140625,44.340797424316406,31.366313934326172,32.59299850463867,4.358973026275635,20.79444694519043,48.8241081237793,102.30529022216797,2.240000009536743,5.980000019073486,110.19707489013672,110.3613510131836,23.549999237060547,33.93601989746094,55.28962326049805
2019-07-31,51.006595611572266,93.33899688720703,209.9021453857422,26.016260147094727,205.42999267578125,10.207493782043457,60.41070556640625,107.84481048583984,96.59609985351562,128.22642517089844,13.67300033569336,43.87068176269531,30.360403060913086,32.29899978637695,4.191769123077393,20.579713821411133,48.4162483215332,100.2916259765625,2.2100000381469727,6.079999923706055,111.56586456298828,108.61078643798828,23.809999465942383,33.427249908447266,54.56318283081055
2019-08-01,49.902854919433594,92.76599884033203,208.61155700683594,25.007160186767578,201.7100067138672,9.875240325927734,60.092342376708984,107.90277862548828,94.04794311523438,129.91073608398438,13.54800033569336,44.5250358581543,30.884140014648438,31.950000762939453,4.097359657287598,20.85886573791504,48.738067626953125,99.17862701416016,2.1500000953674316,5.739999771118164,108.3193130493164,109.09049987792969,22.010000228881836,33.12441635131836,53.16902160644531
2019-08-02,48.84700012207031,91.16200256347656,207.17015075683594,24.913877487182617,202.6699981689453,9.506072998046875,59.32567596435547,108.54873657226562,94.03961944580078,128.81922912597656,13.430000305175781,44.768550872802734,30.684612274169922,31.882999420166016,4.004688739776611,20.92328643798828,49.0039176940918,98.93222045898438,2.1500000953674316,5.28000020980835,109.5367660522461,108.52661895751953,21.899999618530273,33.13048553466797,52.648033142089844
2019-08-05,46.28996276855469,88.25650024414062,199.8408660888672,23.811494827270508,197.72999572753906,9.293800354003906,57.26420974731445,107.79510498046875,91.24165344238281,124.40608215332031,13.251999855041504,44.05703353881836,31.108596801757812,30.76300048828125,3.746307134628296,20.571128845214844,48.241390228271484,96.07742309570312,2.130000114440918,4.949999809265137,106.44151306152344,107.97957611083984,21.360000610351562,32.04631805419922,51.56938934326172
2019-08-06,47.16625213623047,89.3915023803711,202.4409637451172,24.099807739257812,200.5500030517578,9.358404159545898,58.07402420043945,108.30030822753906,91.95781707763672,126.73971557617188,13.40999984741211,44.76643371582031,31.58245849609375,31.010000228881836,3.785064935684204,20.987703323364258,48.877986907958984,97.09700012207031,2.1500000953674316,4.840000152587891,105.55422973632812,106.92755126953125,22.0,32.48543167114258,52.068355560302734
2019-08-07,47.65467071533203,89.66999816894531,203.2040557861328,23.650371551513672,198.2100067138672,9.303031921386719,58.31353759765625,107.8365249633789,89.95926666259766,127.29484558105469,13.835000038146973,45.07772445678711,32.713069915771484,30.429000854492188,3.8233256340026855,21.253965377807617,49.89234924316406,98.15055084228516,2.0999999046325684,4.650000095367432,105.59550476074219,107.91223907470703,22.059999465942383,32.767059326171875,51.7308235168457
2019-08-08,48.70573806762695,91.64450073242188,207.28321838378906,24.06588363647461,200.52000427246094,9.339947700500488,59.815128326416016,109.05392456054688,91.48314666748047,130.69174194335938,14.027000427246094,45.57535934448242,32.66318893432617,31.59000015258789,3.9318959712982178,21.760730743408203,50.361045837402344,99.78187561035156,2.0999999046325684,4.579999923706055,106.71665954589844,108.86328125,21.989999771118164,33.02574157714844,53.11030578613281
2019-08-09,48.30438995361328,90.37899780273438,203.4772491455078,24.023488998413086,199.0500030517578,8.998466491699219,58.95771789550781,109.35206604003906,91.38323211669922,129.5814666748047,14.069999694824219,45.842185974121094,32.44705581665039,30.89299964904785,3.8305301666259766,21.588943481445312,50.843746185302734,99.2210922241211,2.0899999141693115,4.329999923706055,106.5790786743164,108.55186462402344,21.09000015258789,32.64838409423828,51.98030471801758
2019-08-12,48.18180847167969,89.24600219726562,202.02645874023438,23.438379287719727,197.17999267578125,8.786194801330566,58.243614196777344,109.26097106933594,89.6678237915039,127.77474212646484,14.074000358581543,45.62407302856445,31.973176956176758,31.08300018310547,3.762704372406006,21.619007110595703,50.88570022583008,98.5838851928711,2.049999952316284,4.340000152587891,105.26534271240234,107.92066192626953,20.920000076293945,32.02145767211914,51.727725982666016
2019-08-13,50.22223663330078,91.21700286865234,206.50131225585938,23.50621795654297,198.77999877929688,9.127676963806152,59.346004486083984,110.49496459960938,91.05012512207031,130.4188995361328,13.873000144958496,45.66007995605469,31.30811882019043,31.22800064086914,3.8769888877868652,22.271787643432617,50.56391143798828,99.62045288085938,2.109999895095825,4.300000190734863,106.86107635498047,108.92218780517578,21.8700008392334,32.68794250488281,52.36660385131836
2019-08-14,48.72737121582031,88.14800262451172,196.62843322753906,22.403831481933594,195.80999755859375,8.638528823852539,57.735321044921875,107.87791442871094,87.26957702636719,126.49137115478516,13.795000076293945,45.52030944824219,31.565834045410156,29.910999298095703,3.728419303894043,21.614713668823242,50.207122802734375,98.37997436523438,2.009999990463257,3.9000000953674316,104.63252258300781,106.44782257080078,20.25,32.31970977783203,50.25680160522461
2019-08-15,48.48463439941406,88.80599975585938,197.70237731933594,22.25967788696289,198.30999755859375,8.29704761505127,57.98674011230469,108.10980987548828,87.60265350341797,126.20819091796875,13.638999938964844,45.98406219482422,32.02306365966797,29.576000213623047,3.6961214542388916,21.790790557861328,50.51494598388672,99.73937225341797,2.009999990463257,3.859999895095825,103.14696502685547,107.18843841552734,19.860000610351562,34.2947998046875,49.95963668823242
2019-08-16,49.62862014770508,89.62850189208984,200.5192108154297,22.921110153198242,199.72000122070312,8.398567199707031,58.47719192504883,108.7889175415039,89.70112609863281,128.521240234375,13.732999801635742,46.064537048339844,32.07295227050781,30.280000686645508,3.964193344116211,22.38397216796875,50.93467712402344,101.26023864746094,2.0899999141693115,4.199999809265137,103.64913177490234,108.39196014404297,20.510000228881836,34.38610076904297,50.73967742919922
2019-08-19,50.55390167236328,90.80599975585938,203.19464111328125,23.124624252319336,200.94000244140625,8.537007331848145,59.52998352050781,109.5260009765625,90.50889587402344,130.6737823486328,13.975000381469727,46.36735534667969,31.698854446411133,30.937999725341797,4.24294900894165,22.193323135375977,51.34041213989258,102.16087341308594,2.2300000190734863,4.610000133514404,104.5906982421875,109.10734558105469,20.850000381469727,34.635650634765625,51.59400177001953
2019-08-20,50.55629348754883,90.06900024414062,202.25257873535156,22.658227920532227,198.14999389648438,8.481629371643066,58.69141387939453,108.15951538085938,89.3597183227539,129.5880889892578,14.050999641418457,46.40334701538086,32.06462478637695,29.89900016784668,4.170651912689209,22.21932029724121,50.73180389404297,101.02235412597656,2.2100000381469727,4.590000152587891,102.88888549804688,108.59395599365234,20.90999984741211,34.10002136230469,51.281978607177734
2019-08-21,51.104251861572266,91.177001953125,204.4569854736328,22.836307525634766,199.24000549316406,8.435484886169434,59.090614318847656,108.92970275878906,89.60952758789062,131.03256225585938,14.08899974822998,46.854408264160156,32.03137969970703,29.7810001373291,4.254129409790039,22.453298568725586,50.8227424621582,101.27722930908203,2.200000047683716,4.579999923706055,102.7912826538086,109.30933380126953,22.360000610351562,34.09090042114258,51.794578552246094
2019-08-22,51.06098937988281,90.23300170898438,202.78953552246094,23.056779861450195,201.00999450683594,8.426257133483887,59.08763885498047,108.7143783569336,90.53385162353516,130.07901000976562,14.121999740600586,46.930633544921875,31.99813461303711,29.69300079345703,4.260340213775635,22.834598541259766,51.11652374267578,101.46414947509766,2.180000066757202,4.539999961853027,103.71188354492188,109.11575317382812,23.889999389648438,34.05742263793945,51.68315124511719
2019-08-23,48.70093536376953,87.48100280761719,198.30531311035156,22.446229934692383,197.16000366210938,8.149381637573242,57.2061882019043,105.78264617919922,88.2854995727539,125.93436431884766,13.810999870300293,46.989925384521484,32.671504974365234,29.143999099731445,4.035747051239014,22.64828109741211,50.71781539916992,99.67990112304688,2.109999895095825,4.25,101.84970092773438,107.58403015136719,22.68000030517578,33.728755950927734,50.1379280090332
2019-08-26,49.62621307373047,88.44349670410156,201.59310913085938,22.709102630615234,200.1999969482422,8.158609390258789,58.07897186279297,106.63372039794922,88.99331665039062,127.87924194335938,13.961999893188477,47.35417175292969,32.79620361328125,29.49799919128418,4.11052942276001,22.604949951171875,51.193485260009766,101.37916564941406,2.1500000953674316,4.269999980926514,102.51226806640625,110.0667724609375,22.459999084472656,34.081764221191406,50.4053840637207
2019-08-27,49.06624221801758,88.09149932861328,201.66848754882812,22.446229934692383,198.35000610351562,8.038629531860352,58.061126708984375,108.16899108886719,88.05233001708984,128.15306091308594,13.871999740600586,47.4367561340332,33.876949310302734,29.10300064086914,4.019846439361572,22.596290588378906,51.158531188964844,102.42426300048828,2.130000114440918,4.230000019073486,101.45911407470703,109.7974853515625,22.389999389648438,34.212623596191406,49.91506576538086
2019-08-28,49.3954963684082,88.2125015258789,203.25115966796875,22.76846694946289,200.4499969482422,8.2601318359375,58.206424713134766,107.36798095703125,88.93502044677734,127.98307800292969,13.946000099182129,47.102420806884766,33.97669982910156,29.177000045776367,4.009401321411133,22.66128158569336,51.34041213989258,103.14644622802734,2.140000104904175,4.400000095367432,102.20538330078125,109.65438079833984,23.549999237060547,34.303932189941406,50.279075622558594
2019-08-29,50.23185348510742,89.31999969482422,207.01002502441406,23.175498962402344,203.1999969482422,8.417025566101074,59.22252655029297,107.00086212158203,90.95022583007812,130.40003967285156,14.138999938964844,47.0875129699707,33.344886779785156,29.67799949645996,4.153143405914307,22.80426788330078,51.71817398071289,102.95953369140625,2.1700000762939453,4.579999923706055,103.37712097167969,109.83114624023438,23.440000534057617,34.71783447265625,50.83625793457031
2019-08-30,50.166961669921875,88.81449890136719,209.7137451171875,23.328142166137695,203.41000366210938,8.481629371643066,59.038551330566406,107.10098266601562,91.48314666748047,130.15451049804688,14.329000473022461,46.653099060058594,33.16199493408203,29.375,4.165827751159668,22.578954696655273,51.79325866699219,102.1523666381836,2.1700000762939453,4.550000190734863,103.87928771972656,109.94053649902344,23.40999984741211,34.77259826660156,50.87339401245117
2019-09-03,49.43634796142578,89.49199676513672,207.27378845214844,22.938060760498047,200.89999389648438,8.370880126953125,57.99814987182617,107.41805267333984,90.40062713623047,128.43629455566406,14.359999656677246,48.03301239013672,33.57765579223633,28.929000854492188,4.082765102386475,22.9212589263916,52.951080322265625,103.1124496459961,2.140000104904175,4.480000019073486,104.27684020996094,110.7316665649414,22.600000381469727,34.888240814208984,50.93282699584961
2019-09-04,50.27511215209961,90.03099822998047,214.10379028320312,23.311182022094727,202.19000244140625,8.573922157287598,58.62893295288086,107.51815032958984,91.49148559570312,129.93739318847656,13.717000007629395,47.72637176513672,34.101402282714844,29.152000427246094,4.196913719177246,23.15089988708496,53.673866271972656,104.68428802490234,2.1500000953674316,4.690000057220459,104.72321319580078,111.17771911621094,22.68000030517578,35.27473068237305,51.47515106201172
2019-09-05,51.2580680847168,92.03600311279297,223.35487365722656,24.00257682800293,204.24000549316406,8.795426368713379,60.11266326904297,107.2845230102539,93.57330322265625,132.22210693359375,14.140999794006348,46.80855178833008,32.704769134521484,29.325000762939453,4.469978332519531,22.856260299682617,52.628299713134766,104.30196380615234,2.1700000762939453,4.949999809265137,104.66043853759766,110.39501190185547,24.729999542236328,35.13170623779297,52.20318603515625
2019-09-06,51.253257751464844,91.67549896240234,224.7397003173828,23.66968536376953,204.72999572753906,8.693903923034668,59.82157516479492,106.97582244873047,93.77315521240234,131.3252410888672,13.98900032043457,46.878814697265625,32.13944625854492,29.017000198364258,4.442868709564209,22.769601821899414,53.294921875,104.39541625976562,2.259999990463257,5.039999961853027,105.49042510986328,111.13565063476562,23.860000610351562,34.91563415527344,52.69349670410156
2019-09-09,51.471961975097656,91.56749725341797,227.3492431640625,24.437898635864258,206.6199951171875,8.95232105255127,59.769508361816406,105.92449951171875,96.0964584350586,129.8335418701172,14.369000434875488,46.825584411621094,31.64065170288086,29.43400001525879,4.488877773284912,21.9506778717041,52.8037223815918,103.80066680908203,2.3299999237060547,5.480000019073486,110.34471130371094,111.79209899902344,24.889999389648438,35.402557373046875,53.10951232910156
2019-09-10,52.08000183105469,91.02749633789062,227.6695556640625,25.05247688293457,208.30999755859375,9.339947700500488,59.79083251953125,108.09388732910156,97.320556640625,128.47406005859375,14.496000289916992,46.44865417480469,31.72378921508789,28.798999786376953,4.5555267333984375,21.49138641357422,51.716068267822266,101.85498809814453,2.450000047683716,5.489999771118164,112.44405364990234,112.45695495605469,25.690000534057617,35.317352294921875,53.54038619995117
2019-09-11,53.735897064208984,91.14949798583984,231.03273010253906,25.14636993408203,210.91000366210938,9.303031921386719,60.49996566772461,109.44558715820312,97.58702087402344,128.5117645263672,14.753999710083008,46.861785888671875,32.307865142822266,28.82699966430664,4.5841264724731445,22.028671264648438,51.65996170043945,103.0359878540039,2.5,5.800000190734863,110.10759735107422,114.08131408691406,26.479999542236328,35.30820846557617,53.436370849609375
2019-09-12,53.615718841552734,92.17749786376953,232.5306396484375,25.32561492919922,211.3699951171875,9.570677757263184,61.242332458496094,108.828125,98.18659210205078,129.8335418701172,14.84000015258789,47.006587982177734,32.25779342651367,28.88599967956543,4.582634925842285,21.521717071533203,52.27043533325195,104.31045532226562,2.549999952316284,5.650000095367432,108.29420471191406,114.28327941894531,26.34000015258789,35.58211135864258,53.4735221862793
2019-09-13,52.57268524169922,91.96700286865234,234.5655059814453,25.752403259277344,213.61000061035156,9.930615425109863,61.493255615234375,109.12016296386719,100.11851501464844,129.64476013183594,14.57800006866455,46.52745819091797,32.22441864013672,29.415000915527344,4.524689674377441,21.448055267333984,50.965240478515625,103.75818634033203,2.6500000953674316,5.730000019073486,107.35961151123047,115.0155029296875,26.75,35.73731231689453,53.963836669921875
2019-09-16,52.84907531738281,90.39199829101562,231.94656372070312,25.718265533447266,210.3300018310547,9.662970542907715,61.07670593261719,108.08553314208984,99.22750091552734,128.71006774902344,14.744999885559082,46.4891242980957,32.107608795166016,29.429000854492188,4.48166561126709,21.439390182495117,51.905513763427734,101.74455261230469,2.759999990463257,6.510000228881836,107.68042755126953,114.4095230102539,25.739999771118164,35.1712646484375,54.77358627319336
2019-09-17,53.041324615478516,91.12750244140625,233.7270965576172,25.556087493896484,210.14999389648438,9.607593536376953,60.98992156982422,108.19400787353516,98.73621368408203,129.7108154296875,14.901000022888184,47.32175064086914,33.04214096069336,29.860000610351562,4.503052711486816,22.084999084472656,53.16863250732422,102.94254302978516,2.7200000286102295,6.019999980926514,107.52698516845703,115.99176025390625,24.75,35.45733642578125,54.35757064819336
2019-09-18,53.538822174072266,90.87300109863281,235.31912231445312,25.607301712036133,210.89999389648438,9.561447143554688,61.12728500366211,108.81146240234375,99.72713470458984,130.77764892578125,14.812999725341797,47.67951583862305,32.58321762084961,29.1560001373291,4.475945472717285,22.084999084472656,52.88792419433594,103.15495300292969,2.819999933242798,5.920000076293945,108.67782592773438,115.34371948242188,23.84000015258789,35.65514373779297,54.097557067871094
2019-09-19,53.10382080078125,91.07499694824219,235.13072204589844,25.453655242919922,209.22000122070312,9.644509315490723,61.42978286743164,108.56112670898438,99.41069030761719,133.18508911132812,15.045000076293945,47.89246368408203,32.86690902709961,28.65999984741211,4.400344371795654,22.479297637939453,53.063358306884766,103.5712661743164,2.809999942779541,5.849999904632568,107.84085845947266,114.92291259765625,23.920000076293945,35.639930725097656,53.7335319519043
2019-09-20,52.327545166015625,89.70800018310547,231.5508575439453,25.257333755493164,208.1199951171875,9.662970542907715,60.98793029785156,109.84608459472656,99.01103210449219,131.64625549316406,14.904999732971191,48.06708526611328,33.24238204956055,27.075000762939453,4.294649600982666,22.938587188720703,53.25282669067383,103.86013793945312,2.799999952316284,5.820000171661377,108.13377380371094,114.93132781982422,24.209999084472656,35.60037612915039,53.54780960083008
2019-09-23,52.565486907958984,89.26499938964844,234.0850067138672,25.197586059570312,207.9600067138672,9.533760070800781,61.228450775146484,109.92118072509766,98.99433898925781,131.3629608154297,15.059000015258789,47.973384857177734,33.25072479248047,26.591999053955078,4.348116874694824,22.951589584350586,53.35805892944336,104.69280242919922,2.799999952316284,5.829999923706055,108.07099914550781,114.77141571044922,24.549999237060547,35.79515075683594,53.5849609375
2019-09-24,52.315521240234375,87.08049774169922,232.11610412597656,24.7025146484375,206.39999389648438,9.23842716217041,60.417152404785156,109.76264953613281,97.70362091064453,129.7013702392578,14.887999534606934,48.661224365234375,33.617862701416016,25.458999633789062,4.290670394897461,22.934255599975586,53.400169372558594,105.024169921875,2.7200000286102295,5.409999847412109,107.4084243774414,115.646728515625,24.290000915527344,36.03252029418945,52.84949493408203
2019-09-25,53.12065124511719,88.41649627685547,233.19009399414062,24.967117309570312,208.11000061035156,9.293800354003906,61.786338806152344,109.2953872680664,98.26155853271484,131.5706787109375,14.956999778747559,48.8443603515625,33.0171012878418,26.475000381469727,4.432424068450928,22.773937225341797,53.42121505737305,104.5228500366211,2.700000047683716,5.110000133514404,107.24103546142578,114.98181915283203,24.84000015258789,36.05382537841797,53.0054931640625
2019-09-26,52.8466682434082,86.99199676513672,233.6705322265625,24.864683151245117,206.89999389648438,9.0446138381958,61.60533142089844,107.50983428955078,97.45378875732422,131.74063110351562,14.937000274658203,49.34477615356445,32.8502197265625,26.33099937438965,4.410290241241455,22.613615036010742,54.228206634521484,105.61890411376953,2.6500000953674316,4.730000019073486,108.53828430175781,116.4125747680664,24.93000030517578,36.00208282470703,52.723201751708984
2019-09-27,52.58951187133789,86.27249908447266,229.59141540527344,25.05247688293457,207.4499969482422,8.90617561340332,60.7950325012207,107.30125427246094,98.02837371826172,130.0318145751953,14.70300006866455,49.246826171875,32.04085159301758,26.308000564575195,4.271522521972656,22.370973587036133,54.12293243408203,105.83979797363281,2.5899999141693115,4.53000020980835,110.17037200927734,116.23346710205078,26.200000762939453,36.047733306884766,53.102088928222656
2019-09-30,53.82722473144531,86.79550170898438,234.02853393554688,24.898832321166992,208.02000427246094,8.832342147827148,60.55649948120117,107.95206451416016,98.00341033935547,131.25914001464844,14.836999893188477,49.615234375,31.640344619750977,26.761999130249023,4.328967094421387,22.401304244995117,53.96600341796875,105.67837524414062,2.630000114440918,4.46999979019165,108.5592041015625,114.70677185058594,28.09000015258789,36.117733001708984,52.455772399902344
2019-10-01,53.976219177246094,86.78250122070312,231.17405700683594,24.275718688964844,206.7100067138672,8.463173866271973,59.80570602416992,108.46102142333984,96.22137451171875,129.40869140625,14.633999824523926,49.410797119140625,31.339967727661133,26.95800018310547,4.32722806930542,21.903017044067383,54.07859420776367,105.22805786132812,2.509999990463257,4.28000020980835,106.26458740234375,113.68329620361328,28.18000030517578,35.865135192871094,51.222557067871094
2019-10-02,52.62316131591797,85.6614990234375,226.36947631835938,23.763574600219727,203.10000610351562,8.186297416687012,58.41321563720703,110.13810729980469,94.30609893798828,127.12394714355469,14.489999771118164,48.78899002075195,31.5986270904541,26.80299949645996,4.303353309631348,21.60404396057129,54.00117874145508,102.87455749511719,2.4100000858306885,4.150000095367432,104.0396957397461,112.13101959228516,27.5,35.33864974975586,49.885337829589844
2019-10-03,53.07017517089844,86.22100067138672,230.1943359375,23.73796844482422,204.97999572753906,8.177068710327148,58.98400115966797,109.46226501464844,94.17179870605469,128.662841796875,14.541999816894531,49.01470947265625,31.807222366333008,26.815000534057617,4.509020805358887,21.833688735961914,54.76128387451172,103.4353256225586,2.380000114440918,4.239999771118164,102.87493133544922,111.9007339477539,28.219999313354492,35.39647674560547,50.501956939697266
2019-10-04,54.55783462524414,86.98249816894531,231.78640747070312,24.215970993041992,208.0800018310547,8.149381637573242,60.05167770385742,111.52317810058594,96.21153259277344,130.40003967285156,14.659000396728516,49.74299621582031,31.96575355529785,27.27899932861328,4.525434970855713,22.236652374267578,55.18352127075195,105.35552978515625,2.450000047683716,4.239999771118164,103.22370147705078,112.4295425415039,27.31999969482422,35.95947265625,51.2374153137207
2019-10-07,54.5698356628418,86.63300323486328,233.08644104003906,24.164758682250977,207.24000549316406,8.084774017333984,59.917274475097656,111.10600280761719,96.00167083740234,129.45584106445312,14.734999656677246,49.52152633666992,31.924043655395508,27.445999145507812,4.5841264724731445,22.500961303710938,54.7683219909668,104.36992645263672,2.5399999618530273,4.170000076293945,103.37712097167969,111.85808563232422,27.239999771118164,35.676456451416016,50.531654357910156
2019-10-08,53.930564880371094,85.27549743652344,228.05581665039062,23.58432388305664,204.08999633789062,7.85404634475708,59.018714904785156,110.00460052490234,93.86123657226562,128.08692932128906,14.395999908447266,48.97211837768555,32.47473907470703,27.07200050354004,4.407555103302002,22.31464385986328,54.83869934082031,102.74710845947266,2.630000114440918,4.090000152587891,101.73810577392578,112.0969009399414,26.3700008392334,35.7829704284668,49.55104446411133
2019-10-09,54.56264114379883,86.09950256347656,232.0030975341797,23.806251525878906,206.69000244140625,7.890960693359375,59.62718200683594,107.81853485107422,94.5411376953125,130.51327514648438,14.437000274658203,49.69403076171875,32.357940673828125,26.753000259399414,4.4940996170043945,22.3449764251709,55.099090576171875,103.63923645019531,2.6600000858306885,4.119999885559082,101.81478881835938,113.4444808959961,26.809999465942383,36.19380569458008,50.10078811645508
2019-10-10,55.29804611206055,86.01300048828125,236.92062377929688,24.284257888793945,206.86000061035156,8.26935863494873,59.977783203125,107.6850357055664,95.86737060546875,131.3252410888672,14.35200023651123,49.4044075012207,32.49143600463867,28.04800033569336,4.551795959472656,22.379640579223633,55.40876007080078,103.60527038574219,2.690000057220459,4.21999979019165,102.65872192382812,113.1374282836914,26.989999771118164,36.40074920654297,50.702537536621094
2019-10-11,56.76888656616211,86.59600067138672,244.9376678466797,24.676898956298828,208.0800018310547,8.863343238830566,60.287227630615234,109.5790786743164,97.48741912841797,131.87278747558594,14.414999961853027,48.88055419921875,31.3900203704834,28.292999267578125,4.6254096031188965,22.197654724121094,54.81758117675781,102.8830337524414,2.680000066757202,4.570000171661377,103.64216613769531,115.52555847167969,27.780000686645508,36.592491149902344,51.244834899902344
2019-10-14,56.68718338012695,86.82150268554688,246.482666015625,24.87322235107422,207.91000366210938,8.816938400268555,60.38938522338867,109.07012176513672,97.74762725830078,131.75010681152344,14.394000053405762,48.744258880615234,31.707090377807617,28.55299949645996,4.6388397216796875,22.544288635253906,54.87388610839844,101.99942016601562,2.75,4.639999866485596,103.67703247070312,115.20147705078125,26.440000534057617,36.266849517822266,51.393409729003906
2019-10-15,56.554996490478516,88.36900329589844,252.0408935546875,25.376832962036133,209.3800048828125,8.835500717163086,61.60285186767578,110.83899688720703,100.69390106201172,133.6571807861328,14.418000221252441,48.454654693603516,31.448429107666016,28.424999237060547,4.883549213409424,22.734941482543945,54.95128631591797,99.57794952392578,2.7799999713897705,4.71999979019165,103.84443664550781,116.73667907714844,26.770000457763672,36.37641143798828,51.571712493896484
2019-10-16,56.32666778564453,88.87149810791016,239.72801208496094,25.752403259277344,209.2899932861328,8.816938400268555,61.64054489135742,112.78311157226562,100.45887756347656,132.56199645996094,14.340999603271484,48.959346771240234,31.56524658203125,28.628000259399414,4.829833507537842,22.656944274902344,55.31723403930664,99.85832977294922,2.799999952316284,4.760000228881836,103.72586822509766,116.6428451538086,27.1200008392334,36.34292984008789,50.687679290771484
2019-10-17,56.54538345336914,89.3740005493164,239.05914306640625,25.8292293548584,208.6199951171875,8.761251449584961,62.126529693603516,113.61750030517578,101.02125549316406,131.88230895996094,14.371999740600586,49.210628509521484,31.96575355529785,29.334999084472656,4.831823348999023,22.825929641723633,55.310218811035156,99.72663116455078,2.940000057220459,4.670000076293945,103.78861999511719,115.95201873779297,27.579999923706055,36.47074508666992,50.62080764770508
2019-10-18,56.81694793701172,87.87550354003906,239.680908203125,25.906055450439453,208.75999450683594,8.891183853149414,61.7104606628418,106.55030059814453,101.1975326538086,129.72972106933594,14.3149995803833,49.506622314453125,32.0742301940918,27.530000686645508,4.737320899963379,22.75660514831543,55.9295539855957,100.44490051269531,3.0399999618530273,4.539999961853027,104.56280517578125,115.79851531982422,27.690000534057617,36.25771713256836,50.22706985473633
2019-10-21,57.80231475830078,89.28299713134766,245.34268188476562,26.47794532775879,211.49000549316406,9.11392879486084,61.70401382446289,106.81729125976562,103.70735168457031,130.69265747070312,14.402000427246094,49.57477569580078,31.673723220825195,27.80500030517578,4.874597072601318,22.791269302368164,56.26739501953125,101.82157135009766,2.9200000762939453,4.579999923706055,106.82952880859375,116.26758575439453,27.780000686645508,36.44031524658203,51.06654739379883
2019-10-22,57.67013168334961,88.2864990234375,240.50050354003906,26.631593704223633,210.6199951171875,9.216021537780762,61.55128479003906,107.80186462402344,104.74816131591797,128.74781799316406,14.302000045776367,50.30732727050781,31.54021644592285,26.66900062561035,4.864649295806885,23.090240478515625,56.105506896972656,104.4722671508789,2.9000000953674316,4.769999980926514,107.76412963867188,116.29316711425781,28.790000915527344,36.39162063598633,51.32654571533203
2019-10-23,58.44400405883789,88.1084976196289,242.7332000732422,26.819379806518555,210.9600067138672,9.401640892028809,62.36604309082031,108.38591003417969,105.02518463134766,129.56919860839844,14.260000228881836,50.25620651245117,32.024169921875,27.12700080871582,4.851719379425049,23.181236267089844,56.513694763183594,105.1734390258789,2.9700000286102295,4.849999904632568,107.8896713256836,117.1205062866211,28.940000534057617,36.32162857055664,51.816871643066406
2019-10-24,58.540138244628906,89.03900146484375,249.61972045898438,26.76816749572754,210.25999450683594,8.900467872619629,62.4394416809082,106.3833999633789,104.94963073730469,132.1183319091797,14.460000038146973,50.586280822753906,32.62492752075195,27.149999618530273,4.895735263824463,23.53653335571289,56.900753021240234,106.70401763916016,3.049999952316284,4.619999885559082,107.71530151367188,117.8283920288086,28.84000015258789,36.24554443359375,51.32654571533203
2019-10-25,59.26113510131836,88.06649780273438,248.696533203125,27.0754451751709,211.8000030517578,9.410921096801758,62.696807861328125,107.09265899658203,105.7890396118164,132.8641357421875,14.57699966430664,50.4436149597168,32.691680908203125,27.68199920654297,5.086730480194092,23.480207443237305,56.92189407348633,105.38719940185547,2.9800000190734863,4.699999809265137,108.49646759033203,117.93929290771484,29.450000762939453,36.227291107177734,51.44542694091797
2019-10-28,59.854759216308594,88.85399627685547,251.0705108642578,27.177881240844727,212.86000061035156,9.503729820251465,63.92068862915039,107.78516387939453,106.19195556640625,136.1307373046875,14.616999626159668,49.66633605957031,32.41633605957031,28.18600082397461,5.142687797546387,23.57986068725586,56.92189407348633,105.58387756347656,2.9200000762939453,4.71999979019165,107.29683685302734,117.99044799804688,30.0,36.28207015991211,50.99225997924805
2019-10-29,58.4704475402832,88.135498046875,249.2711639404297,27.374202728271484,213.00999450683594,9.494449615478516,62.51630401611328,107.73509216308594,106.1247787475586,134.84674072265625,14.664999961853027,49.53217697143555,32.407997131347656,28.121000289916992,5.046443462371826,23.605859756469727,56.900753021240234,105.68647003173828,2.75,5.110000133514404,106.62029266357422,118.28043365478516,29.3700008392334,35.652099609375,50.84367752075195
2019-10-30,58.463226318359375,88.99949645996094,250.2603302001953,26.990095138549805,213.25,9.401640892028809,62.51829147338867,110.83899688720703,105.5372085571289,136.5272674560547,15.340999603271484,50.14121627807617,32.57487487792969,29.145000457763672,5.048433303833008,24.11714744567871,57.66788101196289,106.832275390625,2.640000104904175,4.889999866485596,105.44160461425781,118.57044219970703,29.059999465942383,35.94122314453125,50.308799743652344
2019-10-31,59.785057067871094,88.83300018310547,246.79356384277344,26.691347122192383,212.5800018310547,9.11392879486084,62.42406463623047,110.17147827148438,104.8572998046875,135.35655212402344,15.324999809265137,50.75452423095703,33.15060806274414,28.740999221801758,4.9991912841796875,23.926494598388672,57.722225189208984,106.46459197998047,2.6500000953674316,4.75,105.09285736083984,118.16957092285156,28.700000762939453,35.685585021972656,50.19735336303711
2019-11-01,61.4818000793457,89.5719985961914,254.923583984375,27.14373779296875,215.8300018310547,9.76359748840332,63.0910530090332,109.47061920166016,107.2747573852539,135.68699645996094,15.369000434875488,50.1944465637207,33.05048370361328,28.680999755859375,5.038237571716309,24.46378517150879,57.221126556396484,105.9173583984375,2.7799999713897705,5.139999866485596,107.47820281982422,119.26126861572266,29.610000610351562,35.79515075683594,51.7054328918457
2019-11-04,61.885562896728516,90.23300170898438,258.4717102050781,27.6558837890625,217.97999572753906,10.023465156555176,63.95193099975586,108.66127014160156,108.13096618652344,136.4706268310547,15.35099983215332,48.893333435058594,32.44970703125,29.285999298095703,5.234951019287109,24.585105895996094,56.57188034057617,101.81302642822266,2.7899999618530273,5.590000152587891,110.24008178710938,119.8838882446289,29.809999465942383,35.77992248535156,53.243228912353516
2019-11-05,61.79664611816406,90.08550262451172,257.16595458984375,28.014387130737305,220.8800048828125,10.125557899475098,64.04268646240234,108.81979370117188,108.36597442626953,136.3856201171875,15.5,48.36308288574219,31.331613540649414,28.80299949645996,5.212817668914795,24.46378517150879,55.209800720214844,101.66767120361328,2.7699999809265137,5.570000171661377,109.08929443359375,120.03742980957031,30.270000457763672,36.17250061035156,54.298133850097656
2019-11-06,61.82307815551758,89.78849792480469,254.27073669433594,27.98877716064453,222.0,9.874971389770508,64.0213623046875,109.27035522460938,108.53385162353516,136.00802612304688,15.496000289916992,48.44401168823242,31.415061950683594,28.858999252319336,5.163577079772949,24.563440322875977,55.61208724975586,102.88185119628906,2.8499999046325684,5.349999904632568,108.16168212890625,119.72184753417969,30.31999969482422,36.36728286743164,53.10951232910156
2019-11-07,62.536590576171875,89.41000366210938,253.23936462402344,28.36435317993164,222.74000549316406,10.459672927856445,64.81133270263672,109.66251373291016,109.12144470214844,136.1968231201172,15.57800006866455,47.507022857666016,30.81429100036621,28.957000732421875,5.181234359741211,24.424789428710938,54.74400329589844,102.2833251953125,2.6600000858306885,5.409999847412109,108.78242492675781,121.84557342529297,30.56999969482422,36.589447021484375,54.23871994018555
2019-11-08,62.7077522277832,89.29399871826172,252.8988494873047,28.389957427978516,221.30999755859375,10.691699028015137,64.91348266601562,110.97248840332031,109.44041442871094,137.8018035888672,15.61299991607666,47.29195785522461,30.547292709350586,29.156999588012695,5.1673054695129395,25.07472801208496,53.86187744140625,102.3517074584961,2.7300000190734863,5.389999866485596,107.75019073486328,123.15052032470703,29.940000534057617,36.34901428222656,53.208656311035156
2019-11-11,63.204315185546875,88.5824966430664,252.35951232910156,28.32167625427246,220.85000610351562,10.292614936828613,64.38188171386719,110.12144470214844,109.05429077148438,137.94345092773438,15.592000007629395,47.32175064086914,30.630725860595703,29.417999267578125,5.177255153656006,24.823415756225586,54.031227111816406,102.03534698486328,2.940000057220459,5.21999979019165,108.39881134033203,123.72196960449219,30.559999465942383,36.227291107177734,52.885372161865234
2019-11-12,63.146461486816406,88.9000015258789,253.1826171875,28.24485206604004,220.88999938964844,10.246209144592285,64.32881927490234,109.59573364257812,108.41635131835938,138.84976196289062,15.805999755859375,47.534698486328125,30.789262771606445,29.201000213623047,5.212817668914795,24.73675537109375,53.466651916503906,101.98404693603516,3.069999933242798,4.949999809265137,107.12945556640625,123.2784423828125,30.829999923706055,36.25164031982422,52.156063079833984
2019-11-13,63.75151062011719,87.65550231933594,255.3871612548828,27.98877716064453,219.77000427246094,10.060590744018555,64.27774047851562,109.52902221679688,107.84554290771484,139.07632446289062,15.696000099182129,48.53345489501953,31.181425094604492,28.31100082397461,5.186953544616699,24.975072860717773,54.214725494384766,103.1640396118164,3.380000114440918,4.849999904632568,107.64556121826172,123.29549407958984,30.809999465942383,36.81769561767578,51.72751998901367
2019-11-14,63.310386657714844,87.7300033569336,255.2074737548828,27.911956787109375,219.36000061035156,10.032747268676758,64.92093658447266,109.27035522460938,107.94628143310547,139.78443908691406,15.663999557495117,48.950828552246094,31.323272705078125,28.961999893188477,5.217294692993164,25.083396911621094,54.5111198425293,103.03578186035156,3.4200000762939453,4.710000038146973,108.58595275878906,122.70698547363281,30.729999542236328,36.71725845336914,51.501953125
2019-11-15,64.06246948242188,86.97450256347656,260.165283203125,28.1082820892334,219.74000549316406,10.357583045959473,66.13043212890625,112.59119415283203,108.7269287109375,141.5876922607422,15.640000343322754,49.28090286254883,31.381681442260742,29.503000259399414,5.078026294708252,24.819082260131836,54.66639709472656,103.06996154785156,3.490000009536743,4.860000133514404,108.8900146484375,123.04816436767578,31.059999465942383,36.1755485534668,52.02073287963867
2019-11-18,64.38548278808594,87.62650299072266,258.74603271484375,28.133880615234375,219.35000610351562,10.218368530273438,65.4510498046875,112.4994125366211,109.64183044433594,141.9369659423828,15.52299976348877,49.4384880065918,31.757160186767578,30.256999969482422,5.27921724319458,24.728090286254883,55.238037109375,104.22431945800781,3.75,4.820000171661377,108.68496704101562,122.47672271728516,30.15999984741211,36.59552001953125,51.516990661621094
2019-11-19,64.19021606445312,87.6395034790039,256.92938232421875,28.11681365966797,219.02999877929688,10.468954086303711,65.09152221679688,112.49107360839844,109.60826110839844,141.98419189453125,15.74899959564209,49.54496383666992,31.99913215637207,30.260000228881836,5.1725287437438965,24.7150936126709,54.899295806884766,103.82242584228516,3.390000104904175,4.659999847412109,106.65567016601562,121.83702850341797,28.790000915527344,36.485965728759766,50.990699768066406
2019-11-20,63.442955017089844,87.27649688720703,254.39373779296875,27.903419494628906,217.47999572753906,10.236928939819336,64.55941772460938,113.4255599975586,108.81084442138672,141.7378692626953,15.402000427246094,50.09011459350586,32.09926986694336,30.516000747680664,5.251862049102783,23.59719467163086,55.04043960571289,104.56634521484375,3.4800000190734863,4.460000038146973,104.81016540527344,120.57472229003906,24.40999984741211,36.254676818847656,51.14860153198242
2019-11-21,63.15850067138672,86.7354965209961,252.65283203125,28.031457901000977,216.6300048828125,10.218368530273438,64.47412109375,113.84278869628906,109.06266784667969,141.6053009033203,14.949999809265137,50.07307052612305,31.8823184967041,31.16900062561035,5.226992130279541,23.415210723876953,53.98888397216797,102.89896392822266,3.369999885559082,4.590000152587891,103.593994140625,121.23147583007812,25.100000381469727,36.476837158203125,52.381629943847656
2019-11-22,63.103057861328125,87.28600311279297,251.88644409179688,28.32167625427246,217.9600067138672,10.533924102783203,64.15328216552734,115.20278930664062,109.78455352783203,141.70945739746094,15.15999984741211,49.69828414916992,31.782194137573242,31.04800033569336,5.244649410247803,23.59719467163086,53.79127883911133,102.856201171875,3.380000114440918,4.739999771118164,104.43543243408203,121.56411743164062,25.530000686645508,36.32467269897461,52.156063079833984
2019-11-25,64.20950317382812,88.69200134277344,256.55096435546875,28.569210052490234,219.05999755859375,10.821633338928223,64.74686431884766,115.25320434570312,110.37213134765625,143.2630615234375,15.276000022888184,49.523658752441406,31.506832122802734,31.55500030517578,5.501299858093262,24.37278938293457,53.84773635864258,103.04432678222656,3.700000047683716,5.03000020980835,105.52432250976562,121.57264709472656,25.84000015258789,36.19076919555664,51.810203552246094
2019-11-26,63.708133697509766,89.84700012207031,256.85369873046875,28.46678352355957,218.89999389648438,10.868036270141602,65.11185455322266,115.24481201171875,110.52323150634766,144.02093505859375,15.239999771118164,50.026222229003906,31.823909759521484,31.249000549316406,5.396601676940918,24.37278938293457,54.15119171142578,104.54068756103516,3.9000000953674316,4.829999923706055,106.58492279052734,121.08647918701172,26.15999984741211,36.27294158935547,51.682403564453125
2019-11-27,64.5638427734375,90.92549896240234,256.8631591796875,28.52652931213379,220.5,10.775228500366211,65.0687026977539,115.73209381103516,110.85059356689453,144.295654296875,15.26200008392334,49.89777374267578,31.8572940826416,31.593000411987305,5.431443214416504,24.42045021057129,54.828712463378906,104.1131591796875,4.0,5.019999980926514,106.9243392944336,120.82210540771484,25.889999389648438,36.14207077026367,51.652339935302734
2019-11-29,64.42166900634766,90.04000091552734,256.0495300292969,28.441177368164062,220.3000030517578,10.561762809753418,64.67000579833984,115.513671875,110.59876251220703,143.40516662597656,15.032999992370605,50.05834197998047,32.04085159301758,31.465999603271484,5.394111156463623,24.3294620513916,54.23910903930664,104.36967468261719,3.9000000953674316,4.980000019073486,106.91727447509766,119.58537292480469,25.65999984741211,36.24250411987305,51.22377014160156
2019-12-02,63.67676544189453,89.08000183105469,251.2903289794922,28.535064697265625,220.3300018310547,10.62673282623291,63.91474151611328,115.4044418334961,110.35533905029297,141.6715850830078,15.008000373840332,49.50813293457031,32.32455825805664,30.999000549316406,5.207704544067383,24.27313232421875,53.43218994140625,104.93401336669922,3.799999952316284,4.920000076293945,105.25562286376953,119.63655853271484,25.309999465942383,36.30031967163086,51.44181442260742
2019-12-03,62.54140853881836,88.49800109863281,250.5806884765625,28.031457901000977,218.0800018310547,10.13483715057373,64.20633697509766,115.23640441894531,108.9367904663086,141.4442138671875,14.998000144958496,49.717933654785156,32.85857391357422,30.615999221801758,5.168132781982422,24.489782333374023,53.3685188293457,105.13068389892578,3.380000114440918,4.860000133514404,104.73237609863281,120.02889251708984,24.309999465942383,36.11468505859375,51.03581619262695
2019-12-04,63.09343719482422,88.03450012207031,255.23577880859375,28.296070098876953,218.39999389648438,10.311178207397461,65.40641784667969,117.1015853881836,111.08561706542969,141.95574951171875,15.15999984741211,50.15253448486328,32.766456604003906,30.43199920654297,5.211934566497803,24.85807991027832,53.75072479248047,106.48169708251953,3.299999952316284,5.360000133514404,105.45362854003906,122.2890625,25.18000030517578,36.12076187133789,51.6147346496582
2019-12-05,64.0190658569336,87.02400207519531,259.0961608886719,28.39905548095703,219.60000610351562,10.51535701751709,65.80412292480469,117.2528076171875,111.68999481201172,142.03155517578125,14.986000061035156,50.216766357421875,33.494972229003906,30.285999298095703,5.195011615753174,24.728090286254883,53.56667709350586,106.55866241455078,3.0899999141693115,5.320000171661377,105.0010986328125,121.81997680664062,25.3700008392334,36.27361297607422,51.43429946899414
2019-12-06,65.25566864013672,87.58000183105469,265.00958251953125,28.896825790405273,222.61000061035156,10.803071022033691,66.42052459716797,117.94171905517578,113.35198974609375,143.75563049316406,15.15999984741211,50.18037033081055,33.32748794555664,30.735000610351562,5.280375957489014,24.585105895996094,53.75072479248047,106.19096374511719,3.1500000953674316,5.630000114440918,104.8172607421875,121.76881408691406,26.1200008392334,36.61599349975586,52.26133728027344
2019-12-09,64.34210968017578,87.47550201416016,262.5780334472656,28.759519577026367,221.3800048828125,11.229994773864746,66.59905242919922,118.04254913330078,112.82318878173828,143.38619995117188,15.229999542236328,50.1546745300293,33.26050567626953,30.25,5.280375957489014,24.563440322875977,53.61624526977539,106.77241516113281,3.0,5.710000038146973,105.9131851196289,121.01827239990234,26.709999084472656,36.487606048583984,52.374107360839844
2019-12-10,64.7181167602539,86.96050262451172,264.0823974609375,28.776676177978516,221.25999450683594,11.397052764892578,66.59410095214844,117.61404418945312,112.89872741699219,143.16835021972656,15.270000457763672,50.19321823120117,33.486595153808594,29.312000274658203,5.325422763824463,24.671762466430664,53.517127990722656,106.25935363769531,3.069999933242798,5.650000095367432,105.3829116821289,120.4126968383789,27.34000015258789,36.420345306396484,51.92300033569336
2019-12-11,65.27014923095703,87.43599700927734,268.7469482421875,28.87108039855957,222.57000732421875,11.916786193847656,66.66153717041016,118.44578552246094,112.63008117675781,143.70831298828125,15.04699993133545,50.47795104980469,34.24861145019531,29.89299964904785,5.4090447425842285,24.637100219726562,52.78811264038086,106.59284973144531,3.2200000286102295,5.650000095367432,102.80913543701172,120.78797149658203,26.59000015258789,36.377559661865234,51.84781265258789
2019-12-12,65.43647766113281,88.0165023803711,271.7746887207031,29.763652801513672,225.9199981689453,12.120969772338867,66.8718032836914,118.7482681274414,115.8533935546875,145.1671905517578,14.6850004196167,50.07545852661133,34.432830810546875,29.8439998626709,5.576537132263184,24.481115341186523,51.76885986328125,106.51588439941406,3.140000104904175,5.940000057220459,101.82630157470703,120.77093505859375,27.3799991607666,36.60987854003906,52.885372161865234
2019-12-13,66.32595825195312,88.0469970703125,274.281982421875,29.55767059326172,225.3699951171875,11.94463062286377,66.79147338867188,118.7818832397461,114.83771514892578,146.3892059326172,14.53499984741211,50.72843551635742,34.57518005371094,29.850000381469727,5.5745463371276855,24.80608367919922,51.31586456298828,107.28545379638672,3.0899999141693115,6.090000152587891,102.06672668457031,121.1973876953125,26.75,36.771888732910156,52.05081558227539
2019-12-16,67.46131134033203,88.46050262451172,277.19610595703125,29.780813217163086,226.85000610351562,12.018878936767578,67.47730255126953,119.12632751464844,115.28260040283203,147.3365020751953,14.652999877929688,51.2679443359375,34.323978424072266,30.42099952697754,5.603415012359619,25.187387466430664,51.69808578491211,107.3624038696289,3.1700000762939453,6.03000020980835,102.9364242553711,121.56411743164062,26.780000686645508,36.848323822021484,52.62975311279297
2019-12-17,67.59391021728516,89.53299713134766,278.96539306640625,30.07262420654297,227.0500030517578,12.02816104888916,67.1891860961914,120.61344146728516,115.9876708984375,146.54078674316406,14.734999656677246,51.34287643432617,33.8885383605957,31.54800033569336,5.68156099319458,25.2047176361084,50.770851135253906,107.14865112304688,3.069999933242798,6.050000190734863,102.28590393066406,121.76881408691406,27.40999984741211,37.07453536987305,52.38914489746094
2019-12-18,67.4323959350586,89.20149993896484,276.4298095703125,30.13269805908203,225.00999450683594,12.046723365783691,67.0414047241211,120.30255889892578,115.87017822265625,146.2376251220703,14.581999778747559,51.44350051879883,34.31560134887695,32.08000183105469,5.711926460266113,24.632766723632812,51.01152801513672,106.03706359863281,2.9000000953674316,6.039999961853027,102.06672668457031,121.4447021484375,28.010000228881836,36.64045715332031,52.53199768066406
2019-12-19,67.49989318847656,89.61399841308594,276.1080322265625,29.99537467956543,225.2100067138672,12.065285682678223,67.26604461669922,122.1173324584961,115.29100799560547,147.50706481933594,14.595000267028809,51.52056884765625,34.23185729980469,33.22200012207031,5.8600053787231445,24.996732711791992,51.20970916748047,106.8151626586914,2.930000066757202,6.110000133514404,102.77378845214844,121.76026916503906,27.690000534057617,36.707698822021484,52.171104431152344
2019-12-20,67.36009979248047,89.32499694824219,277.7827453613281,30.003955841064453,226.30999755859375,11.796134948730469,67.00719451904297,122.71383666992188,115.19863891601562,149.1175079345703,14.520000457763672,51.96160125732422,34.273719787597656,33.689998626708984,5.957315921783447,25.13105583190918,51.31586456298828,107.19141387939453,2.940000057220459,5.889999866485596,102.87279510498047,121.08647918701172,27.639999389648438,36.771888732910156,52.58463668823242
2019-12-23,68.45928192138672,89.6500015258789,280.195556640625,30.184185028076172,225.47999572753906,11.926068305969238,66.97792053222656,123.03311920166016,115.16507720947266,149.1175079345703,14.432999610900879,51.120216369628906,34.97713088989258,33.310001373291016,5.943627834320068,24.983734130859375,50.926597595214844,106.79805755615234,2.9600000381469727,6.539999961853027,102.50511169433594,121.07794189453125,27.40999984741211,36.386722564697266,52.847782135009766
2019-12-24,68.52438354492188,89.46050262451172,279.0506286621094,30.227102279663086,225.47000122070312,12.056001663208008,66.67047882080078,122.60462188720703,115.48407745361328,149.08909606933594,14.4399995803833,51.4906005859375,35.320438385009766,33.31999969482422,5.9386491775512695,25.118057250976562,51.21677780151367,107.0716552734375,3.109999895095825,6.550000190734863,103.07077026367188,120.54915618896484,27.1299991607666,36.53346252441406,52.644775390625
2019-12-26,69.88390350341797,93.4384994506836,280.3847351074219,30.48456573486328,226.4499969482422,12.223061561584473,67.56507110595703,122.5206298828125,116.7095718383789,150.31112670898438,14.505000114440918,51.801029205322266,35.74750518798828,33.26300048828125,5.952835559844971,25.17005157470703,51.5565299987793,107.0716552734375,3.1500000953674316,6.599999904632568,103.67176818847656,120.71119689941406,28.139999389648438,36.536521911621094,52.72748565673828
2019-12-27,69.85738372802734,93.48999786376953,280.6969299316406,30.338665008544922,226.13999938964844,12.093127250671387,67.17678833007812,122.45335388183594,116.79349517822266,150.58584594726562,14.47599983215332,51.91876983642578,35.76426315307617,32.909000396728516,5.895096778869629,25.243715286254883,51.84673309326172,107.81560516357422,3.0799999237060547,6.570000171661377,104.35765838623047,120.49797058105469,27.75,36.55791473388672,52.547035217285156
2019-12-30,70.27201080322266,92.34449768066406,279.0128173828125,30.167028427124023,225.75999450683594,12.074565887451172,66.43639373779297,122.07530975341797,116.36544799804688,149.2880096435547,14.20199966430664,51.657588958740234,36.63512420654297,32.33100128173828,5.781858444213867,25.014062881469727,51.84673309326172,106.43038940429688,3.0799999237060547,6.800000190734863,104.35765838623047,119.92652893066406,27.56999969482422,36.49982833862305,52.2387809753418
2019-12-31,70.78546142578125,92.39199829101562,280.00628662109375,30.227102279663086,226.5,12.176657676696777,66.42052459716797,122.55420684814453,117.0117416381836,149.39222717285156,14.262999534606934,51.843841552734375,36.38391876220703,32.356998443603516,5.856023788452148,25.079063415527344,52.2784309387207,106.79805755615234,3.1600000858306885,6.880000114440918,105.32633972167969,119.86682891845703,27.770000457763672,36.32863998413086,52.46432876586914
2020-01-02,72.40050506591797,94.90049743652344,286.5252685546875,30.587556838989258,228.38999938964844,12.250903129577637,67.8730239868164,122.63822937011719,118.43033599853516,152.15838623046875,14.430999755859375,51.085968017578125,36.19131088256836,32.98099899291992,5.970755100250244,25.287044525146484,51.46189880371094,105.5240249633789,3.240000009536743,6.929999828338623,102.58992767333984,121.3167724609375,27.829999923706055,36.35921096801758,53.30641174316406
2020-01-03,71.6966323852539,93.74849700927734,281.9080505371094,29.95246124267578,226.17999267578125,11.87966251373291,67.51795959472656,121.21835327148438,116.86747741699219,150.26376342773438,14.357000350952148,51.44993209838867,35.864742279052734,32.59000015258789,5.875187873840332,24.745424270629883,52.39200973510742,104.81431579589844,3.2300000190734863,7.039999961853027,102.77378845214844,120.04595947265625,27.950000762939453,36.038238525390625,52.87785720825195
2020-01-06,72.2679443359375,95.14399719238281,279.66571044921875,29.9095516204834,226.99000549316406,11.926068305969238,69.31759643554688,121.06710815429688,116.7745590209961,150.65213012695312,14.425000190734863,51.706825256347656,36.22481155395508,33.58300018310547,5.899824142456055,24.70209312438965,52.65472412109375,104.95965576171875,3.819999933242798,7.170000076293945,103.3111572265625,120.06300354003906,28.690000534057617,35.96487045288086,53.283851623535156
2020-01-07,71.92806243896484,95.34300231933594,282.7027893066406,29.7121524810791,225.9199981689453,12.111687660217285,69.18370819091797,121.80645751953125,114.78932189941406,149.27857971191406,14.38700008392334,51.661869049072266,36.19968032836914,33.07500076293945,5.971251964569092,24.676101684570312,52.66892623901367,104.30979919433594,3.809999942779541,6.889999866485596,102.13743591308594,120.69414520263672,29.059999465942383,35.63166809082031,52.847782135009766
2020-01-08,73.08512115478516,94.59850311279297,285.6358642578125,30.012537002563477,225.99000549316406,12.232342720031738,69.67611694335938,121.78965759277344,115.6847915649414,151.6563262939453,14.371000289916992,51.63831329345703,35.23671340942383,33.92599868774414,5.982450008392334,24.632766723632812,52.910343170166016,104.75446319580078,4.079999923706055,6.420000076293945,102.80913543701172,120.3956298828125,28.489999771118164,35.5093879699707,52.05081558227539
2020-01-09,74.63748168945312,95.05249786376953,285.1534118652344,30.064041137695312,228.64999389648438,12.02816104888916,70.40758514404297,122.15093231201172,116.10716247558594,153.55093383789062,14.350000381469727,52.042945861816406,34.885013580322266,33.566001892089844,6.048155307769775,24.888408660888672,52.00861358642578,105.90023803710938,4.050000190734863,6.409999847412109,101.98186492919922,119.84124755859375,27.690000534057617,35.876216888427734,52.44930648803711
2020-01-10,74.80622100830078,94.15799713134766,280.2332763671875,29.815153121948242,226.6199951171875,11.972472190856934,70.8623275756836,121.87368774414062,114.94981384277344,152.84042358398438,14.23900032043457,52.14142608642578,35.39579772949219,32.904998779296875,6.080507755279541,25.425697326660156,52.35651397705078,106.00285339355469,4.139999866485596,6.230000019073486,102.37782287597656,119.17599487304688,26.389999389648438,35.57663345336914,51.9831428527832
2020-01-13,76.40441131591797,94.56500244140625,285.2195739746094,30.089784622192383,228.4499969482422,12.557175636291504,71.41128540039062,122.41138458251953,115.90442657470703,154.67825317382812,14.458999633789062,52.7515754699707,35.54654312133789,33.891998291015625,6.271145343780518,25.551355361938477,53.22271728515625,106.78096008300781,4.099999904632568,6.239999771118164,102.73133850097656,119.8838882446289,26.09000015258789,35.423797607421875,52.479366302490234
2020-01-14,75.37271118164062,93.47200012207031,286.2602844238281,30.312923431396484,227.1699981689453,12.305659294128418,70.94316101074219,123.10033416748047,117.25607299804688,153.58885192871094,14.47700023651123,53.03631591796875,35.864742279052734,33.86899948120117,6.154175281524658,25.815658569335938,53.22271728515625,106.61849975585938,4.039999961853027,6.28000020980835,104.03238677978516,119.72184753417969,26.459999084472656,35.5154914855957,52.02825927734375
2020-01-15,75.04969024658203,93.10099792480469,283.9233093261719,29.755069732666016,228.35000610351562,12.091405868530273,71.37012481689453,123.51200103759766,115.4989242553711,154.58352661132812,14.626999855041504,53.860565185546875,36.44253158569336,33.90700149536133,6.111617088317871,27.033214569091797,53.94696807861328,107.7044448852539,4.199999809265137,6.179999828338623,104.01116180419922,118.86042022705078,26.15999984741211,35.240379333496094,51.945556640625
2020-01-16,75.98981475830078,93.89700317382812,284.86956787109375,29.79798126220703,229.72999572753906,11.970304489135742,71.91364288330078,124.51177215576172,115.9466781616211,157.41604614257812,14.67199993133545,54.00828552246094,36.69374084472656,33.86199951171875,6.1952385902404785,26.565261840820312,54.06764602661133,107.79849243164062,4.190000057220459,6.150000095367432,105.02935791015625,119.49156951904297,26.899999618530273,35.42991638183594,51.7425537109375
2020-01-17,76.83108520507812,93.23600006103516,283.88543701171875,29.78939437866211,230.1999969482422,11.988935470581055,73.36959838867188,125.32672119140625,116.74919128417969,158.29701232910156,14.673999786376953,54.250205993652344,36.409027099609375,33.96699905395508,6.203949451446533,26.565261840820312,54.209651947021484,108.08924102783203,4.170000076293945,5.96999979019165,104.48491668701172,119.44037628173828,26.93000030517578,35.14255142211914,51.54707336425781
2020-01-21,76.3104019165039,94.5999984741211,282.33380126953125,29.4031925201416,228.6300048828125,11.430009841918945,73.50499725341797,125.41073608398438,115.6003189086914,157.72865295410156,14.595000267028809,54.99738693237305,36.60162353515625,33.81100082397461,6.170600891113281,26.491601943969727,55.18238830566406,107.81560516357422,4.320000171661377,5.730000019073486,105.43242645263672,121.43618774414062,26.40999984741211,35.335140228271484,50.81025314331055
2020-01-22,76.58280181884766,94.37300109863281,280.2995300292969,29.489017486572266,229.5399932861328,11.47658920288086,73.5853042602539,124.55378723144531,115.46511840820312,156.9707794189453,14.592000007629395,55.641788482666016,36.66024398803711,32.599998474121094,6.224606513977051,26.569591522216797,54.59306335449219,108.0036849975586,4.050000190734863,5.570000171661377,103.24043273925781,120.73680114746094,26.450000762939453,35.49104690551758,50.51702880859375
2020-01-23,76.95162200927734,94.22899627685547,278.4735107421875,29.283035278320312,229.3800048828125,11.15054988861084,73.62596893310547,124.78900909423828,115.34685516357422,157.93702697753906,14.574000358581543,55.680320739746094,36.593265533447266,34.959999084472656,6.293046474456787,26.686580657958984,54.84156799316406,107.5099868774414,3.930000066757202,5.239999771118164,104.11724853515625,122.0161361694336,26.469999313354492,35.40238952636719,50.20125198364258
2020-01-24,76.72985076904297,93.08200073242188,279.9021301269531,28.785261154174805,226.86000061035156,11.029447555541992,72.70758056640625,124.61263275146484,112.48304748535156,156.3455352783203,14.315999984741211,56.4595947265625,37.087310791015625,35.316001892089844,6.233816146850586,26.465600967407227,54.76347732543945,107.63899993896484,3.9000000953674316,5.099999904632568,102.39904022216797,121.76026916503906,26.219999313354492,34.962196350097656,49.862918853759766
2020-01-27,74.47357940673828,91.41699981689453,268.9739990234375,28.193071365356445,222.4499969482422,10.153800964355469,70.99968719482422,124.97388458251953,111.5368881225586,153.73095703125,14.253000259399414,57.10615921020508,37.31340026855469,34.28799819946289,5.977972507476807,25.98031234741211,54.955169677734375,108.11209106445312,3.809999942779541,4.619999885559082,100.14348602294922,120.31033325195312,26.049999237060547,35.41767120361328,48.674991607666016
2020-01-28,76.58040618896484,92.6624984741211,274.55633544921875,28.52779197692871,224.02999877929688,10.52641773223877,71.93050384521484,125.6039810180664,113.56438446044922,156.74343872070312,14.399999618530273,56.90706253051758,37.095680236816406,34.85200119018555,6.1713480949401855,26.140628814697266,55.473487854003906,108.40452575683594,4.079999923706055,4.769999980926514,98.98385620117188,121.60676574707031,26.75,35.64389419555664,48.607330322265625
2020-01-29,78.18339538574219,92.9000015258789,280.195556640625,28.330392837524414,224.5,10.517099380493164,72.23795318603516,126.4777603149414,113.39540100097656,159.1875,15.260000228881836,56.8963508605957,37.363643646240234,34.316001892089844,6.110869884490967,26.28795051574707,55.48057556152344,107.5701904296875,4.039999961853027,4.730000019073486,99.01213073730469,120.7282943725586,26.520000457763672,35.42684555053711,48.201324462890625
2020-01-30,78.07008361816406,93.53399658203125,278.5302429199219,28.7337703704834,227.8800048828125,10.545047760009766,72.116455078125,126.32655334472656,114.79778289794922,163.67779541015625,15.270000457763672,57.789100646972656,37.65672302246094,34.77399826049805,6.117591381072998,26.37460708618164,56.07698440551758,108.33574676513672,3.990000009536743,4.739999771118164,96.4808120727539,120.32738494873047,26.479999542236328,35.63777160644531,48.71258544921875
2020-01-31,74.60858154296875,100.43599700927734,265.5489501953125,28.175912857055664,224.42999267578125,10.340107917785645,71.05175018310547,125.07469940185547,111.81566619873047,161.2621307373047,15.20300006866455,57.41874313354492,37.73208999633789,34.50899887084961,5.8841447830200195,26.35727882385254,55.83702087402344,107.19174194335938,3.869999885559082,4.559999942779541,94.14743041992188,118.41690826416016,25.600000381469727,34.99888229370117,46.70513153076172
2020-02-03,74.40367889404297,100.20999908447266,272.6451416015625,28.29606819152832,223.47000122070312,10.656831741333008,73.5223388671875,126.16690063476562,112.66889953613281,165.19351196289062,14.947999954223633,57.12114334106445,38.17589569091797,35.79999923706055,5.981206893920898,26.41360855102539,55.68747329711914,107.61322021484375,3.8499999046325684,4.650000095367432,93.89994812011719,118.4851303100586,26.229999542236328,34.93162155151367,45.660057067871094
2020-02-04,76.8599853515625,102.4834976196289,283.11907958984375,28.853918075561523,225.0800018310547,11.2157564163208,71.6780776977539,127.36833953857422,114.2908706665039,170.631103515625,15.180999755859375,56.63516616821289,37.03705978393555,36.9010009765625,6.150442600250244,26.686580657958984,55.77293395996094,108.0862808227539,4.090000152587891,4.809999942779541,97.07473754882812,120.2165298461914,26.0,35.2373161315918,45.08865737915039
2020-02-05,77.48674011230469,101.99349975585938,289.827392578125,29.78939437866211,228.64999389648438,11.560426712036133,71.7098159790039,129.37632751464844,116.23390197753906,170.42271423339844,15.284000396728516,57.09972381591797,37.095680236816406,36.96699905395508,6.240783214569092,27.908472061157227,55.90108871459961,109.07544708251953,4.130000114440918,5.199999809265137,99.3232650756836,120.87326049804688,27.110000610351562,35.70808029174805,47.16376495361328
2020-02-06,78.39314270019531,102.5114974975586,292.8834228515625,29.755069732666016,229.61000061035156,11.47658920288086,73.19356536865234,128.98985290527344,116.25080108642578,173.9561767578125,15.223999977111816,57.44655227661133,37.17104721069336,36.69499969482422,6.327640056610107,28.02112579345703,56.36396789550781,109.35929870605469,4.25,4.829999923706055,99.59901428222656,122.6899642944336,26.559999465942383,35.555240631103516,46.52469253540039
2020-02-07,77.32752227783203,103.96399688720703,288.55010986328125,29.703567504882812,227.3800048828125,10.992186546325684,73.3492660522461,127.6119155883789,115.87908172607422,174.20254516601562,15.265999794006348,57.705604553222656,36.8612174987793,36.676998138427734,6.261439323425293,27.405851364135742,56.620361328125,108.44756317138672,4.25,4.75,99.71214294433594,121.40204620361328,25.93000030517578,35.59803009033203,46.216426849365234
2020-02-10,77.69481658935547,106.69550323486328,293.0064697265625,29.772228240966797,227.11000061035156,11.336857795715332,74.81466674804688,127.5867919921875,116.36060333251953,178.7591094970703,15.145000457763672,58.17660140991211,37.19615936279297,37.106998443603516,6.5446600914001465,27.5748348236084,57.026241302490234,108.52498626708984,4.380000114440918,4.5,101.15458679199219,120.49797058105469,26.3799991607666,35.231201171875,45.728336334228516
2020-02-11,77.22605895996094,107.54000091552734,298.99566650390625,29.840890884399414,227.3300018310547,11.55111026763916,74.88408660888672,127.6960220336914,116.58026123046875,174.7235565185547,15.210000038146973,58.26438522338867,37.0286865234375,37.36899948120117,6.667105674743652,27.336523056030273,56.029258728027344,106.79607391357422,4.409999847412109,4.480000019073486,100.46165466308594,121.20589447021484,26.940000534057617,35.27705764770508,46.163047790527344
2020-02-12,79.06001281738281,108.0,300.3486633300781,29.96962547302246,227.44000244140625,11.802630424499512,75.30907440185547,126.93983459472656,116.58026123046875,174.9793243408203,14.984000205993652,57.85974884033203,36.75235366821289,38.000999450683594,6.782833099365234,27.444847106933594,55.751590728759766,106.18538665771484,4.480000019073486,4.670000076293945,98.40404510498047,121.47880554199219,28.709999084472656,35.414615631103516,46.7274055480957
2020-02-13,78.49702453613281,107.49349975585938,300.1688537597656,29.961048126220703,226.47000122070312,11.746735572814941,75.0492172241211,126.09969329833984,116.47887420654297,174.03204345703125,14.807000160217285,58.975154876708984,36.852840423583984,38.13999938964844,6.739030361175537,27.18487548828125,56.10761260986328,107.48417663574219,4.460000038146973,4.659999847412109,99.54553985595703,120.34445190429688,28.219999313354492,35.900672912597656,46.46810531616211
2020-02-14,78.51634979248047,106.74349975585938,299.27008056640625,29.9095516204834,226.8000030517578,11.402066230773926,75.31403350830078,126.13328552246094,116.12407684326172,175.5855712890625,14.883999824523926,59.628135681152344,36.903079986572266,38.040000915527344,7.212141990661621,27.492507934570312,57.14731216430664,108.49916076660156,4.420000076293945,4.519999980926514,99.73217010498047,119.53421783447266,28.25,36.038238525390625,46.25456619262695
2020-02-18,77.07865905761719,107.78350067138672,292.533447265625,29.411781311035156,226.77000427246094,11.197126388549805,75.3492431640625,125.3014907836914,114.5865478515625,177.36656188964844,14.79699993133545,60.381717681884766,38.167510986328125,38.77799987792969,7.380878448486328,27.769817352294922,57.25410842895508,107.4067611694336,4.849999904632568,4.409999847412109,99.91166687011719,118.8774642944336,27.809999465942383,36.57014846801758,45.66732406616211
2020-02-19,78.1949691772461,108.51100158691406,300.30145263671875,29.79798126220703,229.24000549316406,11.271649360656738,75.61851501464844,125.13349151611328,116.14942932128906,177.8985137939453,14.960000038146973,58.80389404296875,38.661563873291016,38.61899948120117,7.832089424133301,27.791479110717773,56.734275817871094,107.8970718383789,5.71999979019165,4.320000171661377,98.3609619140625,117.56401062011719,27.81999969482422,35.974037170410156,46.01813888549805
2020-02-20,77.39276885986328,107.65499877929688,296.59246826171875,29.9095516204834,228.1699981689453,11.253016471862793,75.22774505615234,124.65459442138672,116.14942932128906,175.1817626953125,14.979999542236328,59.30913162231445,40.27770233154297,38.599998474121094,7.682765483856201,27.518505096435547,58.329402923583984,108.87761688232422,5.510000228881836,4.300000190734863,100.88801574707031,118.64718627929688,28.239999771118164,35.97709274291992,45.652069091796875
2020-02-21,75.64099884033203,104.79850006103516,289.5245666503906,29.489017486572266,229.3300018310547,11.122602462768555,73.56498718261719,125.96529388427734,114.73014831542969,169.64381408691406,14.994999885559082,59.42900848388672,41.39978790283203,38.00699996948242,7.318660259246826,27.66582489013672,58.70683288574219,108.98084259033203,5.570000171661377,4.159999847412109,102.12281799316406,118.5875015258789,28.610000610351562,36.249168395996094,45.0953369140625
2020-02-24,72.04801177978516,100.4645004272461,274.7644958496094,28.090089797973633,221.69000244140625,10.470521926879883,70.41104125976562,123.36954498291016,111.64671325683594,162.3295135498047,14.588000297546387,58.64760208129883,42.086429595947266,36.869998931884766,6.801249027252197,26.55225944519043,58.514591217041016,106.05632781982422,5.199999809265137,3.7899999618530273,101.0674819946289,114.70677185058594,27.3700008392334,35.55828857421875,42.98280334472656
2020-02-25,69.60759735107422,98.63700103759766,269.2673645019531,26.673995971679688,218.0500030517578,9.995436668395996,68.74779510498047,122.30418395996094,106.66248321533203,159.65081787109375,14.005000114440918,57.87473678588867,41.1485710144043,36.00899887084961,6.521762847900391,26.266284942626953,57.624446868896484,104.44786071777344,4.829999923706055,3.559999942779541,97.11898803710938,114.31443786621094,25.84000015258789,34.96830749511719,41.33548355102539
2020-02-26,70.71184539794922,98.97949981689453,270.90423583984375,26.28779411315918,216.05999755859375,9.743922233581543,68.95360565185547,121.48399353027344,106.98350524902344,161.6455841064453,14.01200008392334,57.69062042236328,41.366294860839844,37.92399978637695,6.661133289337158,26.474271774291992,56.79837417602539,103.35547637939453,4.75,3.430000066757202,94.92935943603516,115.25265502929688,24.920000076293945,34.78184127807617,40.42794418334961
2020-02-27,66.08950805664062,94.21499633789062,262.3035888671875,25.00043296813965,207.6699981689453,9.129105567932129,65.20854949951172,117.62844848632812,102.53150177001953,150.2562255859375,13.621999740600586,55.060787200927734,38.96302795410156,37.17100143432617,6.290336608886719,25.776660919189453,51.906131744384766,97.62687683105469,4.039999961853027,3.009999990463257,90.31319427490234,112.07130432128906,24.290000915527344,33.748592376708984,37.99508285522461
2020-02-28,66.05084991455078,94.1875,261.81158447265625,24.459749221801758,206.33999633789062,9.278151512145996,66.41360473632812,113.70523071289062,98.08792877197266,153.89434814453125,13.515999794006348,54.395790100097656,37.372013092041016,36.90299987792969,6.7253804206848145,25.187387466430664,51.71537780761719,97.39464569091797,4.340000152587891,3.3499999046325684,88.36046600341797,111.51692199707031,23.510000228881836,32.91710662841797,39.2305793762207
2020-03-02,72.20023345947266,97.69750213623047,272.01123046875,25.2064151763916,217.6300048828125,9.781185150146484,68.74779510498047,118.3894271850586,102.65819549560547,164.13433837890625,13.67199993133545,57.75086975097656,39.214229583740234,38.10499954223633,6.883760452270508,26.482929229736328,53.572837829589844,102.83938598632812,4.360000133514404,3.549999952316284,91.33262634277344,113.18862915039062,23.020000457763672,35.423797607421875,41.091434478759766
2020-03-03,69.90721893310547,95.44950103759766,268.992919921875,23.816068649291992,208.80999755859375,9.380621910095215,66.33772277832031,114.6437759399414,98.80597686767578,156.2691192626953,13.439000129699707,57.06220626831055,41.64262008666992,36.87699890136719,6.62129020690918,26.647584915161133,53.29421615600586,101.6437759399414,4.510000228881836,3.1700000762939453,87.92256164550781,111.68750762939453,23.1299991607666,34.515872955322266,39.12381362915039
2020-03-04,73.14983367919922,98.79149627685547,285.37091064453125,24.36534309387207,217.86000061035156,9.73460578918457,68.51374053955078,121.31486511230469,101.2474136352539,162.00656127929688,13.616999626159668,60.73579406738281,42.826663970947266,38.37900161743164,7.0849714279174805,28.06879234313965,55.83034133911133,107.08850860595703,4.760000228881836,3.180000066757202,88.65483093261719,112.45514678955078,21.399999618530273,35.69586181640625,39.97797393798828
2020-03-05,70.77706909179688,96.20149993896484,272.73028564453125,23.130231857299805,208.9600067138672,9.306097030639648,65.19912719726562,120.07200622558594,96.28009033203125,157.94097900390625,13.687999725341797,59.431644439697266,43.73357391357422,37.27799987792969,6.80556583404541,27.275863647460938,55.45887756347656,104.61988830566406,4.539999961853027,3.0,86.07750701904297,110.1949234008789,19.729999542236328,35.43601608276367,38.21626281738281
2020-03-06,69.8371353149414,95.05449676513672,272.59783935546875,22.20606231689453,205.97999572753906,8.784435272216797,64.25592803955078,120.08890533447266,91.3042984008789,153.47640991210938,13.628000259399414,58.497650146484375,43.96030044555664,36.89699935913086,6.625024795532227,27.102542877197266,54.75872039794922,104.64569091796875,4.329999923706055,2.440000057220459,85.47447204589844,108.41236114501953,19.06999969482422,35.83647918701172,36.37065505981445
2020-03-09,64.31356811523438,90.03050231933594,249.7008056640625,18.941225051879883,193.1300048828125,7.666585445404053,60.29119110107422,115.36247253417969,78.93665313720703,143.07492065429688,12.942999839782715,56.22935485839844,40.12269592285156,34.64899826049805,6.112036228179932,25.759334564208984,52.37977981567383,99.82886505126953,3.930000066757202,1.5099999904632568,73.9735336303711,104.72782897949219,16.65999984741211,35.81507873535156,31.924409866333008
2020-03-10,68.94554901123047,94.59100341796875,264.6973876953125,20.392261505126953,202.72999572753906,8.383871078491211,63.23585510253906,119.75914001464844,85.0698013305664,152.85897827148438,12.998000144958496,55.03496170043945,40.62654113769531,36.41299819946289,6.501508712768555,26.448272705078125,54.71589660644531,103.69093322753906,4.139999866485596,1.8200000524520874,80.00398254394531,108.31001281738281,17.100000381469727,36.619049072265625,33.106529235839844
2020-03-11,66.55103302001953,91.04299926757812,249.91836547851562,19.58037567138672,194.63999938964844,7.564115047454834,60.0486946105957,111.43928527832031,81.06552124023438,145.9341583251953,12.414999961853027,51.920902252197266,38.64475631713867,34.992000579833984,6.137686252593994,25.083396911621094,52.55122756958008,95.98400115966797,3.7799999713897705,1.3600000143051147,72.86795806884766,104.72782897949219,15.84000015258789,34.980525970458984,32.015933990478516
2020-03-12,59.978790283203125,83.83049774169922,227.78775024414062,17.714752197265625,175.97000122070312,6.679149150848389,55.12191390991211,106.03639221191406,74.38328552246094,132.09400939941406,10.852999687194824,44.95465087890625,37.31796646118164,31.524999618530273,5.386630058288574,23.146568298339844,48.39344787597656,87.5975341796875,3.2699999809265137,1.340000033378601,59.938377380371094,95.69559478759766,14.619999885559082,31.807435989379883,28.35523223876953
2020-03-13,67.16477966308594,89.25,243.11553955078125,20.8673038482666,196.39999389648438,7.014507293701172,60.21581268310547,113.54458618164062,87.78156280517578,150.8736114501953,11.133000373840332,47.68132400512695,33.16966247558594,33.630001068115234,5.997485637664795,24.576438903808594,51.37962341308594,98.1171875,3.380000114440918,1.5499999523162842,64.44685363769531,99.1327896118164,15.680000305175781,34.87965393066406,29.072114944458008
2020-03-16,58.52421951293945,84.4574966430664,217.01101684570312,17.654294967651367,177.77000427246094,5.812816619873047,53.21022033691406,107.49069213867188,74.64514923095703,128.6363525390625,10.666000366210938,43.3362922668457,34.202537536621094,29.884000778198242,4.890823841094971,22.78693199157715,38.570430755615234,93.32615661621094,2.759999990463257,1.2999999523162842,47.231353759765625,92.53985595703125,13.390000343322754,32.6358642578125,26.303707122802734
2020-03-17,61.097530364990234,90.39199829101562,225.50750732421875,18.98440933227539,187.60000610351562,6.036387920379639,55.44474792480469,115.48928833007812,79.20698547363281,139.22781372070312,10.935999870300293,47.72435760498047,38.46000671386719,31.975000381469727,5.410536289215088,23.913497924804688,39.3776969909668,101.70396423339844,3.2799999713897705,1.340000033378601,42.2562370300293,101.40150451660156,14.920000076293945,36.4570426940918,28.07305145263672
2020-03-18,59.60186004638672,91.5,186.38385009765625,17.956592559814453,172.44000244140625,4.946484565734863,54.11225509643555,114.11109161376953,70.86895751953125,133.3668975830078,9.220000267028809,45.331268310546875,34.90790939331055,31.547000885009766,5.05069637298584,22.747940063476562,30.361988067626953,101.02445983886719,2.8299999237060547,1.1100000143051147,32.24855422973633,98.99632263183594,15.130000114440918,37.471927642822266,25.258878707885742
2020-03-19,59.14519119262695,94.04650115966797,202.50636291503906,18.31071662902832,174.67999267578125,5.347047328948975,55.12786865234375,107.4230728149414,72.06011962890625,135.56118774414062,10.538000106811523,44.569435119628906,35.05068588256836,33.202999114990234,5.303457260131836,22.401304244995117,34.348323822021484,95.33028411865234,3.119999885559082,1.1299999952316284,40.016353607177734,100.8386001586914,16.1200008392334,36.676692962646484,26.257949829101562
2020-03-20,55.39031982421875,92.30449676513672,204.46493530273438,16.989233016967773,170.05999755859375,5.142107963562012,52.972686767578125,101.36912536621094,70.53950500488281,130.46966552734375,10.074000358581543,41.2660026550293,34.05978012084961,33.28300094604492,5.123661518096924,21.430721282958984,33.8768196105957,88.10502624511719,3.319999933242798,1.0399999618530273,34.56023406982422,99.32894897460938,15.430000305175781,34.994083404541016,24.96907615661621
2020-03-23,54.21360397338867,95.1415023803711,220.59689331054688,15.615926742553711,162.1300048828125,5.021007537841797,52.27445602416992,93.97085571289062,66.76331329345703,129.16827392578125,10.246999740600586,39.09456253051758,34.98350143432617,36.027000427246094,5.296482563018799,21.84235382080078,30.962078094482422,84.0365219116211,3.4200000762939453,1.159999966621399,36.01041030883789,94.75740051269531,13.850000381469727,35.089256286621094,23.98525619506836
2020-03-24,59.65260696411133,97.00499725341797,246.1999969482422,18.16388511657715,178.1999969482422,6.511472702026367,56.037349700927734,100.76882934570312,74.70428466796875,140.90914916992188,10.689000129699707,44.4467658996582,39.887569427490234,35.731998443603516,6.205169677734375,21.898683547973633,36.198631286621094,88.82755279541016,3.7300000190734863,1.399999976158142,39.291255950927734,99.23513793945312,15.550000190734863,35.31953430175781,27.028223037719727
2020-03-25,59.324005126953125,94.29199981689453,247.95982360839844,18.224342346191406,180.47000122070312,6.753674030303955,54.62948989868164,100.95484924316406,77.49207305908203,139.560302734375,10.413000106811523,45.25164031982422,39.921165466308594,34.23899841308594,6.116517543792725,22.973249435424805,38.93478012084961,86.80621337890625,3.8399999141693115,1.3200000524520874,44.75456619262695,103.4484634399414,16.010000228881836,33.590877532958984,28.43912696838379
2020-03-26,62.445796966552734,97.77449798583984,261.0452880859375,19.623558044433594,183.89999389648438,6.511472702026367,57.66936111450195,107.01720428466797,82.8902587890625,148.2899169921875,11.053999900817871,49.73440170288086,40.542572021484375,36.29899978637695,6.405884265899658,24.593772888183594,41.692359924316406,92.36277770996094,3.809999942779541,1.340000033378601,44.58225631713867,107.75563049316406,15.779999732971191,33.71983337402344,29.60597038269043
2020-03-27,59.86040496826172,95.00499725341797,239.01864624023438,18.656198501586914,179.66000366210938,5.77555513381958,55.057945251464844,104.13398742675781,76.98519134521484,142.2010498046875,10.630999565124512,49.91733169555664,38.9218635559082,35.71200180053711,6.293575286865234,24.926389694213867,40.64933776855469,94.76258850097656,3.7200000286102295,1.1699999570846558,41.760868072509766,108.52323913574219,14.5600004196167,33.64613723754883,28.17981719970703
2020-03-30,61.56869125366211,98.19750213623047,253.59893798828125,19.03623390197754,183.17999267578125,5.812816619873047,56.845664978027344,112.46232604980469,78.9873275756836,152.20350646972656,11.02400016784668,52.943145751953125,38.93027114868164,37.09600067138672,6.6138176918029785,26.442272186279297,37.9560661315918,98.9170913696289,3.5799999237060547,1.149999976158142,40.39684295654297,108.70118713378906,14.5600004196167,35.368675231933594,28.59927749633789
2020-03-31,61.443050384521484,97.48600006103516,247.55300903320312,18.336626052856445,182.8300018310547,6.287903785705566,57.62126541137695,110.8727798461914,76.05594635009766,149.80978393554688,11.8100004196167,51.783180236816406,38.02334976196289,37.54999923706055,6.564264297485352,26.451059341430664,35.77686309814453,94.61637115478516,3.5399999618530273,1.159999966621399,39.38459396362305,104.12639617919922,14.239999771118164,34.8866081237793,28.957725524902344
2020-04-01,58.210105895996094,95.38500213623047,235.60299682617188,17.075605392456055,175.9499969482422,5.878026008605957,54.653297424316406,108.91116333007812,71.26602935791016,144.49032592773438,11.33899974822998,46.96467971801758,39.022640228271484,36.40800094604492,6.0530171394348145,26.253334045410156,33.34437942504883,94.04008483886719,3.309999942779541,1.0800000429153442,33.770538330078125,101.31381225585938,13.170000076293945,35.046260833740234,28.622156143188477
2020-04-02,59.18143844604492,95.94149780273438,233.96615600585938,17.766572952270508,179.72999572753906,5.952547550201416,55.3936767578125,112.58070373535156,73.92707824707031,147.48248291015625,11.449000358581543,48.73369216918945,40.500587463378906,37.007999420166016,6.361806392669678,26.06000328063965,32.73447799682617,98.40101623535156,3.4000000953674316,1.100000023841858,31.595260620117188,102.27737426757812,13.079999923706055,36.43104553222656,30.810955047607422
2020-04-03,58.33091354370117,95.32949829101562,231.43991088867188,17.300174713134766,178.33999633789062,5.887340545654297,54.18714904785156,113.44314575195312,71.7419662475586,146.1241455078125,11.222999572753906,47.69853973388672,39.59366226196289,36.17599868774414,6.073935508728027,26.292879104614258,31.285030364990234,98.98591613769531,3.3499999046325684,1.0800000429153442,33.540802001953125,99.82939910888672,12.770000457763672,36.685909271240234,29.903404235839844
2020-04-06,63.4195556640625,99.87950134277344,256.53204345703125,18.47481918334961,185.24000549316406,6.697781562805176,58.67455291748047,118.16958618164062,76.3597412109375,156.99107360839844,11.602999687194824,50.46826171875,42.079288482666016,37.99599838256836,6.683793067932129,26.65317726135254,33.58833694458008,101.33413696289062,3.690000057220459,1.1200000047683716,38.81025695800781,106.26187896728516,15.329999923706055,38.70933532714844,30.864349365234375
2020-04-07,62.68500518798828,100.58000183105469,257.9134521484375,19.122600555419922,185.25,7.070398330688477,58.643314361572266,116.24181365966797,77.366943359375,155.30023193359375,11.770999908447266,49.17271041870117,41.95332336425781,37.22800064086914,6.450459003448486,25.7216739654541,35.396568298339844,96.99898529052734,3.6500000953674316,1.190000057220459,43.7064094543457,105.81917572021484,16.68000030517578,37.45658874511719,31.45157814025879
2020-04-08,64.28938293457031,102.1500015258789,263.5809326171875,20.25406837463379,191.00999450683594,7.480276107788086,59.85529708862305,121.12885284423828,80.4909896850586,156.85806274414062,12.300000190734863,50.25090408325195,42.431976318359375,37.11199951171875,6.647685527801514,26.204999923706055,38.12324905395508,99.00312805175781,3.819999933242798,1.2799999713897705,45.16376876831055,107.2428207397461,17.43000030517578,37.4105339050293,33.442081451416016
2020-04-09,64.75332641601562,102.13800048828125,261.9062805175781,21.471904754638672,193.83999633789062,7.629322052001953,59.8339729309082,119.41252899169922,87.7121353149414,156.86756896972656,12.541999816894531,52.78604507446289,48.125404357910156,37.071998596191406,6.548076629638672,26.36318016052246,40.67052459716797,98.6246566772461,3.819999933242798,1.440000057220459,48.93998718261719,107.12997436523438,18.65999984741211,37.39824676513672,32.892982482910156
2020-04-13,66.02428436279297,108.44349670410156,259.3421630859375,20.660017013549805,188.77000427246094,7.7317914962768555,60.02439880371094,118.17806243896484,83.81137084960938,157.218994140625,12.208999633789062,50.8341178894043,50.191158294677734,39.672000885009766,6.719902992248535,25.853490829467773,38.41743850708008,99.73424530029297,4.119999885559082,1.4600000381469727,46.879581451416016,105.26360321044922,17.739999771118164,38.47290802001953,32.61079406738281
2020-04-14,69.35870361328125,114.16600036621094,273.3736572265625,20.49590492248535,192.94000244140625,7.750422954559326,62.74292755126953,123.47097778320312,81.51526641845703,164.998779296875,12.649999618530273,52.16194152832031,50.29191970825195,41.35499954223633,7.0710248947143555,26.270910263061523,40.40504455566406,104.04359436035156,4.269999980926514,1.5399999618530273,48.638465881347656,108.19770812988281,18.450000762939453,39.60898208618164,32.35912322998047
2020-04-15,68.72565460205078,115.38400268554688,267.280517578125,19.165790557861328,188.57000732421875,7.14492130279541,62.34967803955078,124.84918975830078,77.4949722290039,163.26992797851562,12.260000228881836,51.051483154296875,48.88956832885742,42.67499923706055,6.993581295013428,26.297271728515625,36.95363998413086,104.2672348022461,4.179999828338623,1.3200000524520874,43.950504302978516,106.76537322998047,17.1200008392334,39.535282135009766,30.871967315673828
2020-04-16,69.27174377441406,120.40950012207031,276.6568908691406,18.500732421875,187.9600067138672,7.061081886291504,62.35612106323242,126.54866027832031,74.54167175292969,168.1714630126953,12.413000106811523,51.107421875,50.300331115722656,43.91699981689453,7.338726043701172,27.09695053100586,35.7409782409668,104.50804901123047,4.489999771118164,1.1399999856948853,38.121070861816406,105.7583999633789,16.979999542236328,40.631446838378906,29.857646942138672
2020-04-17,68.3318099975586,118.75,279.73187255859375,20.10723876953125,191.1999969482422,7.769053936004639,63.42578887939453,128.53564453125,81.24211120605469,169.65330505371094,12.652999877929688,52.9969367980957,49.73769760131836,42.29600143432617,7.279458522796631,27.712095260620117,37.57792282104492,107.25194549560547,4.519999980926514,1.190000057220459,40.289161682128906,108.17167663574219,18.639999389648438,40.56696319580078,32.96162796020508
2020-04-20,66.91346740722656,119.68049621582031,275.8810119628906,19.43353843688965,188.75,7.470961093902588,62.54060745239258,128.23973083496094,78.2802505493164,166.2906494140625,12.692000389099121,51.13541030883789,49.99800491333008,43.749000549316406,7.148223876953125,28.16905975341797,36.50157928466797,103.73394012451172,4.420000076293945,1.1699999570846558,38.645145416259766,105.65423583984375,17.489999771118164,39.86996841430664,31.405818939208984
2020-04-21,64.84515380859375,116.40599822998047,265.9557800292969,18.690746307373047,183.47999572753906,6.902719497680664,60.11119079589844,126.5571517944336,76.00977325439453,159.41331481933594,12.270999908447266,50.66410446166992,49.77128601074219,43.382999420166016,6.711435317993164,28.16466522216797,35.76968765258789,102.94259643554688,4.21999979019165,1.100000023841858,38.45130920410156,104.75141906738281,16.93000030517578,39.67345428466797,31.238027572631836
2020-04-22,66.7129135131836,118.17449951171875,279.0884704589844,18.82893943786621,186.5800018310547,7.116974353790283,62.40473556518555,129.3557891845703,76.25730895996094,164.8278350830078,12.50100040435791,53.19279098510742,51.8370361328125,42.141998291015625,7.1258111000061035,28.379962921142578,36.00648498535156,102.70176696777344,4.329999923706055,0.949999988079071,37.66160583496094,105.41117095947266,15.920000076293945,40.404239654541016,32.13032913208008
2020-04-23,66.45439910888672,119.97250366210938,273.818359375,18.889406204223633,185.6300048828125,7.275337219238281,63.0374870300293,131.48646545410156,76.29998016357422,162.83297729492188,12.597999572753906,51.895084381103516,52.433258056640625,42.66999816894531,7.072519779205322,28.1119384765625,35.38938522338867,103.38668060302734,4.300000190734863,1.0,38.15696334838867,105.62818908691406,15.470000267028809,39.464664459228516,33.13703155517578
2020-04-24,68.3729019165039,120.51100158691406,277.5251159667969,19.157154083251953,186.52000427246094,7.89946985244751,63.3067741394043,130.93690490722656,77.42669677734375,165.80618286132812,12.555000305175781,51.5851936340332,52.995880126953125,42.499000549316406,7.211474418640137,28.520565032958984,35.819923400878906,102.84981536865234,4.400000095367432,0.9700000286102295,36.965248107910156,106.39209747314453,15.729999542236328,39.74407958984375,33.35057067871094
2020-04-27,68.42121887207031,118.80000305175781,276.6311950683594,20.27134132385254,187.4600067138672,8.244141578674316,63.02212142944336,130.45494079589844,80.76412200927734,165.33126831054688,12.92300033569336,52.42449951171875,52.57600402832031,42.13800048828125,7.397994041442871,28.621625900268555,36.817298889160156,101.69819641113281,4.5,0.8399999737739563,41.05732345581055,107.81575012207031,16.690000534057617,39.39405059814453,33.51072692871094
2020-04-28,67.31212615966797,115.7040023803711,277.125732421875,20.634103775024414,187.1199951171875,8.309350967407227,61.12431335449219,128.00296020507812,81.33600616455078,161.3036346435547,12.885000228881836,51.499107360839844,52.62639617919922,40.382999420166016,7.255551815032959,28.379962921142578,38.1662712097168,101.21331024169922,4.440000057220459,0.9399999976158142,45.46530532836914,108.93559265136719,17.770000457763672,39.30193328857422,34.29624938964844
2020-04-29,69.52302551269531,118.635498046875,288.8128967285156,21.402809143066406,189.61000061035156,8.62607192993164,66.55889129638672,127.03060913085938,83.52967834472656,168.54193115234375,12.748000144958496,50.601688385009766,52.35768127441406,41.18899917602539,7.432361125946045,27.69891357421875,39.658790588378906,101.3778305053711,4.420000076293945,1.1200000047683716,49.39228057861328,110.9929428100586,18.860000610351562,37.950931549072266,36.19524383544922
2020-04-30,70.98970794677734,123.69999694824219,274.2823791503906,20.77229881286621,187.36000061035156,8.225509643554688,66.78303527832031,126.86153411865234,81.73719024658203,170.23275756835938,12.633000373840332,49.73871612548828,49.947635650634766,41.98500061035156,7.278462886810303,27.826339721679688,39.574485778808594,102.06185150146484,4.179999828338623,1.2799999713897705,47.93490982055664,107.28622436523438,17.34000015258789,37.321475982666016,35.44023513793945
2020-05-01,69.8468017578125,114.302001953125,265.3720397949219,19.93449592590332,182.6699981689453,7.880837917327881,65.3260726928711,125.38184356689453,79.59474182128906,165.82521057128906,12.258999824523926,48.86281967163086,51.215641021728516,41.527000427246094,7.0418901443481445,27.87027931213379,37.31906509399414,101.15270233154297,3.9200000762939453,1.149999976158142,45.37198257446289,105.14205932617188,16.770000457763672,37.742130279541016,32.900611877441406
2020-05-04,70.83506774902344,115.79949951171875,269.2899475097656,19.80493927001953,177.9499969482422,8.104408264160156,65.60279846191406,125.36495971679688,78.64728546142578,169.8812713623047,11.854999542236328,49.51703643798828,52.685184478759766,42.814998626708984,7.253809452056885,27.953760147094727,36.4687614440918,100.24352264404297,4.090000152587891,1.2300000190734863,45.23556900024414,104.77747344970703,16.860000610351562,37.981632232666016,34.22761535644531
2020-05-05,71.89818572998047,115.88999938964844,274.2064208984375,19.57173728942871,176.02999877929688,8.197562217712402,66.89808654785156,126.40491485595703,78.5278091430664,171.7051239013672,12.081000328063965,49.51919937133789,54.50741958618164,42.46799850463867,7.314820289611816,27.73845863342285,37.50640106201172,100.4513168334961,4.170000076293945,1.2000000476837158,43.469505310058594,105.87126159667969,15.920000076293945,38.29788589477539,34.18947219848633
2020-05-06,72.64000701904297,117.56300354003906,277.58221435546875,19.303983688354492,172.3800048828125,8.00193977355957,66.72005462646484,125.2043228149414,77.05111694335938,173.3959197998047,12.199999809265137,47.918060302734375,52.424861907958984,43.42599868774414,7.415675163269043,27.23316192626953,37.816261291503906,97.93161010742188,4.170000076293945,1.1399999856948853,40.016353607177734,105.5413818359375,16.170000076293945,37.858802795410156,33.54885482788086
2020-05-07,73.39144897460938,118.38050079345703,284.8950500488281,19.727205276489258,173.47999572753906,8.355924606323242,67.90277862548828,124.79000091552734,77.85345458984375,174.40283203125,12.347999572753906,48.30972671508789,54.213504791259766,43.65299987792969,7.591983318328857,27.378164291381836,39.206974029541016,97.12632751464844,4.369999885559082,1.2599999904632568,40.92091369628906,105.48930358886719,16.649999618530273,37.590511322021484,33.739524841308594
2020-05-08,75.13831329345703,118.98049926757812,289.46917724609375,20.35771369934082,176.8300018310547,8.57949447631836,68.64961242675781,125.72850036621094,79.12528991699219,175.4287109375,12.467000007629395,49.4395637512207,54.205108642578125,43.55500030517578,7.781988143920898,27.57588768005371,39.53125762939453,100.39936828613281,4.550000190734863,1.3899999856948853,41.65319061279297,106.8608627319336,17.719999313354492,37.914337158203125,35.219051361083984
2020-05-11,76.32061767578125,120.44999694824219,289.45965576171875,19.502634048461914,174.63999938964844,8.365242004394531,69.60420227050781,126.07518768310547,76.7950439453125,177.38555908203125,12.381999969482422,48.933837890625,52.86152648925781,44.051998138427734,8.034002304077148,28.1119384765625,38.92595672607422,99.8451919555664,4.309999942779541,1.4800000190734863,39.542537689208984,107.31226348876953,17.170000076293945,38.13945770263672,34.88348388671875
2020-05-12,75.44841003417969,117.84750366210938,282.0802001953125,18.889406204223633,172.80999755859375,8.076460838317871,68.19537353515625,124.4095458984375,74.28557586669922,173.367431640625,12.01099967956543,49.05219650268555,52.46684265136719,43.18199920654297,7.772026062011719,27.47922134399414,37.232574462890625,99.1871337890625,4.28000020980835,1.690000057220459,39.15485382080078,104.31739044189453,16.479999542236328,38.173377990722656,34.300411224365234
2020-05-13,74.53744506835938,118.39600372314453,279.7979431152344,18.02569007873535,170.57000732421875,7.824946880340576,66.8638687133789,124.40103912353516,71.72489166259766,170.74569702148438,11.494999885559082,49.52350616455078,53.65087127685547,43.82699966430664,7.749615669250488,27.791189193725586,36.18772888183594,98.64163970947266,4.110000133514404,1.340000033378601,36.735504150390625,102.22529602050781,15.75,38.151798248291016,32.59783172607422
2020-05-14,74.99535369873047,119.44249725341797,287.7098083496094,18.751205444335938,170.92999267578125,7.722476959228516,67.28687286376953,124.83228302001953,74.70381927490234,171.4866485595703,11.321000099182129,49.97759246826172,55.96015167236328,44.19499969482422,7.9991374015808105,28.248151779174805,36.30303955078125,98.54639434814453,4.059999942779541,1.399999976158142,37.0083122253418,101.52215576171875,15.6899995803833,38.06235885620117,32.8854866027832
2020-05-15,74.5519790649414,120.48899841308594,278.19085693359375,18.51801109313965,169.25,7.89946985244751,68.0902328491211,127.19970703125,73.32105255126953,173.9849090576172,11.557999610900879,49.03498840332031,57.01823425292969,45.41899871826172,8.457589149475098,28.081180572509766,36.022003173828125,99.23908233642578,4.079999923706055,1.399999976158142,36.84318923950195,101.47008514404297,16.649999618530273,38.83951187133789,32.65224838256836
2020-05-18,76.30850219726562,121.31300354003906,289.93511962890625,19.80493927001953,175.4600067138672,8.551549911499023,68.69126892089844,127.26740264892578,77.20475006103516,175.64720153808594,12.012999534606934,50.670555114746094,55.64105987548828,45.257999420166016,8.716075897216797,28.02406120300293,38.24138259887695,100.6244888305664,4.170000076293945,1.4800000190734863,40.85630416870117,103.70972442626953,18.780000686645508,39.369964599609375,35.24888610839844
2020-05-19,75.86756134033203,122.46649932861328,291.22833251953125,19.183061599731445,172.49000549316406,8.514287948608398,68.15668487548828,125.99909210205078,75.6854248046875,174.43133544921875,11.906000137329102,49.60527420043945,56.58156204223633,45.104000091552734,8.771110534667969,28.327241897583008,37.895530700683594,97.36011505126953,4.170000076293945,1.409999966621399,40.82758712768555,102.62462615966797,17.93000030517578,38.534210205078125,34.16047668457031
2020-05-20,77.3430404663086,124.89700317382812,309.667236328125,19.787660598754883,176.02000427246094,8.495655059814453,69.88043975830078,124.86608123779297,77.95589447021484,176.85084533691406,12.12399959564209,50.09810256958008,55.18760299682617,44.766998291015625,8.934967994689941,28.502994537353516,37.06683349609375,98.08746337890625,4.21999979019165,1.4600000381469727,39.96609878540039,104.01355743408203,16.540000915527344,38.68839645385742,35.2722053527832
2020-05-21,76.76641082763672,122.33699798583984,303.3434143066406,19.77902603149414,174.94000244140625,8.290716171264648,69.76093292236328,124.04595947265625,76.96576690673828,174.7266387939453,12.071999549865723,49.260948181152344,53.306583404541016,43.625,8.74097728729248,28.48101806640625,37.29023361206055,96.65008544921875,4.170000076293945,1.4700000286102295,40.20301055908203,102.39025115966797,17.6299991607666,38.54654312133789,34.64249038696289
2020-05-22,77.26068115234375,121.84400177001953,303.6953125,19.57173728942871,174.92999267578125,8.141669273376465,70.08277893066406,122.91361236572266,76.36827087402344,174.80284118652344,12.237000465393066,50.32622146606445,52.94550323486328,42.93199920654297,8.990997314453125,28.48541831970215,37.57845687866211,97.49866485595703,4.110000133514404,1.4299999475479126,39.190757751464844,102.05168914794922,17.170000076293945,38.34299850463867,34.673580169677734
2020-05-26,76.73735046386719,121.09300231933594,304.1707763671875,20.970949172973633,180.33999633789062,8.62607192993164,70.48593139648438,123.07536315917969,81.78839874267578,172.95489501953125,12.470999717712402,50.42522048950195,49.720909118652344,41.47700119018555,8.683701515197754,27.857093811035156,39.98521423339844,97.00509643554688,4.21999979019165,1.409999966621399,42.53622817993164,107.73762512207031,17.920000076293945,38.19805145263672,35.6920280456543
2020-05-27,77.07169342041016,120.51950073242188,302.9060363769531,22.43926429748535,185.77000427246094,8.654017448425293,70.43186950683594,123.35633850097656,86.52566528320312,173.1835174560547,12.592000007629395,51.89292907714844,49.31782531738281,41.98899841308594,8.491954803466797,27.589069366455078,39.91314697265625,98.61563873291016,4.329999923706055,1.3899999856948853,45.36478805541992,110.08143615722656,19.020000457763672,37.7724609375,35.948577880859375
2020-05-28,77.10560607910156,120.05500030517578,304.275390625,21.471904754638672,185.10000610351562,8.46771240234375,70.33071899414062,125.1271743774414,85.2367935180664,172.79296875,12.534000396728516,54.09450912475586,49.3094367980957,41.34400177001953,8.453852653503418,28.54253387451172,40.13653564453125,100.49462890625,4.25,1.3600000143051147,42.895179748535156,111.4269790649414,17.719999313354492,38.145633697509766,35.01564407348633
2020-05-29,77.03050231933594,122.11849975585938,313.3475036621094,20.832759857177734,185.5800018310547,8.449079513549805,71.08846282958984,126.64265441894531,83.06022644042969,174.55519104003906,12.447999954223633,54.99836730957031,49.0994987487793,41.972999572753906,8.840834617614746,28.973134994506836,40.022918701171875,100.37339782714844,4.210000038146973,1.3300000429153442,41.4234619140625,109.38699340820312,16.940000534057617,38.25973892211914,35.34994888305664
2020-06-01,77.97782135009766,123.552001953125,310.70379638671875,21.2559757232666,183.83999633789062,8.70059871673584,71.15540313720703,125.31451416015625,84.16130828857422,174.15512084960938,12.260000228881836,55.32080078125,50.795772552490234,42.59199905395508,8.771856307983398,28.867679595947266,40.93467712402344,101.52503204345703,4.28000020980835,1.3899999856948853,44.223297119140625,109.7689437866211,17.31999969482422,38.22888946533203,35.97966766357422
2020-06-02,78.33881378173828,123.62049865722656,318.3114013671875,21.454626083374023,185.94000244140625,9.08253002166748,71.52435302734375,126.21694946289062,84.44298553466797,176.13641357421875,12.109000205993652,55.52637481689453,49.0994987487793,42.73099899291992,8.790781021118164,28.62601661682129,41.39055633544922,102.22637939453125,4.150000095367432,1.4199999570846558,45.551448822021484,109.79499053955078,17.989999771118164,38.222721099853516,36.78043746948242
2020-06-03,78.77007293701172,123.91999816894531,329.3138732910156,22.447895050048828,190.82000732421875,9.445828437805176,71.37260437011719,126.55748748779297,89.00099182128906,176.56504821777344,12.963000297546387,56.17122268676758,47.24414825439453,42.196998596191406,8.735251426696777,28.432689666748047,43.532440185546875,102.63336944580078,4.170000076293945,1.5,52.321353912353516,111.7481689453125,19.639999389648438,38.077781677246094,38.2808723449707
2020-06-04,78.09170532226562,123.02999877929688,335.78985595703125,23.291545867919922,192.0500030517578,9.501720428466797,70.13533782958984,124.92284393310547,90.85323333740234,174.24085998535156,12.529999732971191,54.507164001464844,47.14293670654297,41.43299865722656,8.736249923706055,28.270116806030273,43.496273040771484,100.48596954345703,5.0,1.659999966621399,55.08530807495117,111.25336456298828,20.459999084472656,37.658355712890625,38.17204284667969
2020-06-05,80.31580352783203,124.1500015258789,339.6982421875,24.44829750061035,200.66000366210938,10.116536140441895,71.4107894897461,125.40813446044922,94.94180297851562,178.31776428222656,12.520999908447266,55.045982360839844,46.18152618408203,41.959999084472656,8.8892183303833,28.33602523803711,45.01585388183594,102.46016693115234,4.880000114440918,2.5,63.606895446777344,113.80552673339844,20.93000030517578,37.488739013671875,41.2662353515625
2020-06-08,80.79069519042969,126.2030029296875,332.1192626953125,24.82227897644043,201.55999755859375,10.479837417602539,71.80850982666016,124.9569320678711,96.83670043945312,179.42271423339844,12.63599967956543,56.36598587036133,46.8393440246582,41.94900131225586,8.774616241455078,28.261329650878906,46.434112548828125,103.0836181640625,5.28000020980835,3.75,68.56050109863281,114.6475601196289,21.290000915527344,37.39004898071289,42.55677032470703
2020-06-09,83.3418960571289,130.04299926757812,332.1952819824219,24.54396629333496,196.07000732421875,10.498470306396484,72.00884246826172,124.26728057861328,94.35284423828125,180.79446411132812,12.567999839782715,55.974300384521484,48.213993072509766,43.404998779296875,9.014780044555664,28.397537231445312,45.47897720336914,102.46883392333984,5.099999904632568,2.859999895095825,62.077762603759766,113.36279296875,19.5,37.42397689819336,41.60829544067383
2020-06-10,85.486083984375,132.37249755859375,330.85443115234375,23.13498878479004,191.50999450683594,10.684776306152344,72.63467407226562,125.83380889892578,90.52890014648438,187.50035095214844,12.392000198364258,55.56747817993164,49.52960205078125,43.448001861572266,9.334426879882812,29.24555015563965,44.95795440673828,103.23947143554688,5.659999847412109,2.380000114440918,59.59379577636719,113.72738647460938,18.649999618530273,37.365386962890625,39.37706756591797
2020-06-11,81.3818359375,127.89800262451172,316.5616455078125,20.812793731689453,178.02000427246094,9.231575012207031,69.52042388916016,119.93378448486328,82.97483825683594,177.431884765625,11.734000205993652,53.73680877685547,47.261009216308594,42.555999755859375,8.765894889831543,28.30527114868164,41.88261795043945,100.66780090332031,4.75,2.0199999809265137,51.63214874267578,108.02410125732422,17.489999771118164,37.035396575927734,35.90192794799805
2020-06-12,82.08446502685547,127.2509994506836,326.2423095703125,21.552072525024414,181.2100067138672,9.771868705749512,70.06689453125,121.02352142333984,85.24533081054688,178.8321533203125,11.802000045776367,53.429527282714844,46.763431549072266,41.80699920654297,8.901676177978516,28.388751983642578,43.72783279418945,100.11363220214844,5.059999942779541,2.2100000381469727,54.546875,110.95822143554688,17.43000030517578,36.3106575012207,36.67158508300781
2020-06-15,83.09962463378906,128.63400268554688,332.84197998046875,21.873872756958008,181.5500030517578,9.753235816955566,70.45470428466797,120.25732421875,86.42323303222656,179.97520446777344,12.267000198364258,53.78874206542969,47.944122314453125,42.54999923706055,9.142090797424316,28.727079391479492,45.276344299316406,101.04013061523438,5.210000038146973,2.25,53.40538787841797,110.59361267089844,17.229999542236328,36.41551971435547,36.64826202392578
2020-06-16,85.30194854736328,130.7635040283203,334.78179931640625,22.439205169677734,182.3000030517578,10.042015075683594,71.73065185546875,122.9902114868164,87.11463928222656,184.38552856445312,12.196000099182129,53.70218276977539,47.18510437011719,43.612998962402344,9.037203788757324,28.68753433227539,45.703285217285156,102.2870101928711,5.449999809265137,2.2699999809265137,54.21663284301758,112.5033950805664,18.350000381469727,36.89970397949219,37.47235107421875
2020-06-17,85.18323516845703,132.0489959716797,344.6337585449219,21.74341583251953,180.86000061035156,9.96749210357666,72.03165435791016,122.6156234741211,84.9124526977539,185.0237579345703,12.17300033569336,53.88179397583008,46.873077392578125,44.777000427246094,9.204130172729492,29.315858840942383,45.63091278076172,102.11383056640625,5.289999961853027,2.200000047683716,51.452667236328125,111.87837982177734,17.40999984741211,36.70850372314453,36.25178909301758
2020-06-18,85.2171401977539,132.69900512695312,341.27685546875,21.778207778930664,180.72999572753906,9.837075233459473,71.11820220947266,122.0962905883789,84.45152282714844,187.00502014160156,11.946000099182129,53.86663818359375,46.83089828491211,44.98699951171875,9.186188697814941,29.025859832763672,45.86970901489258,103.28275299072266,5.389999866485596,2.200000047683716,50.942955017089844,112.08670043945312,17.950000762939453,36.38775634765625,36.47723388671875
2020-06-19,84.73015594482422,133.75050354003906,342.97900390625,21.960845947265625,179.72000122070312,9.781185150146484,70.64808654785156,122.4538803100586,83.48699951171875,185.89059448242188,11.819000244140625,52.41248321533203,48.003150939941406,45.37200164794922,9.229289054870605,29.680545806884766,44.52378463745117,102.97105407714844,5.480000019073486,2.0999999046325684,48.18618392944336,110.93217468261719,16.920000076293945,36.96138000488281,35.7464485168457
2020-06-22,86.94701385498047,135.6909942626953,346.42144775390625,21.412914276123047,180.1699981689453,10.051329612731934,71.93842315673828,122.0792236328125,82.58221435546875,191.0533447265625,11.871000289916992,53.45766067504883,49.09950256347656,46.80400085449219,9.493873596191406,29.851913452148438,44.45867156982422,101.95797729492188,5.570000171661377,2.0999999046325684,49.21279525756836,111.22732543945312,17.280000686645508,37.5257568359375,36.08852005004883
2020-06-23,88.80289459228516,138.2205047607422,348.65618896484375,21.560771942138672,181.00999450683594,10.321479797363281,72.59896850585938,121.62798309326172,83.58941650390625,192.329833984375,11.753999710083008,52.628875732421875,49.681392669677734,46.625999450683594,9.417387962341309,29.851913452148438,44.335655212402344,101.9406509399414,6.429999828338623,2.0899999141693115,50.34708786010742,112.06066131591797,17.170000076293945,37.337623596191406,36.30620574951172
2020-06-24,87.23533630371094,136.72000122070312,343.84442138671875,20.708425521850586,177.52999877929688,9.846392631530762,71.04779052734375,119.03984069824219,80.79825592041016,188.45289611816406,11.437999725341797,52.29563522338867,49.25973129272461,45.78499984741211,9.203633308410645,29.23237419128418,43.02592468261719,100.80633544921875,7.570000171661377,1.9299999475479126,46.74317932128906,110.94085693359375,16.18000030517578,37.10015869140625,34.5958366394043
2020-06-25,88.3934097290039,137.72900390625,348.57061767578125,21.4998836517334,178.85000610351562,10.321479797363281,71.46434783935547,118.91210174560547,83.61502838134766,190.83428955078125,11.779000282287598,51.75249099731445,49.411529541015625,46.590999603271484,9.457250595092773,29.54872703552246,43.105499267578125,102.0792007446289,7.349999904632568,1.9299999475479126,46.62113952636719,110.91480255126953,15.8100004196167,36.918216705322266,35.11671829223633
2020-06-26,85.67748260498047,134.64349365234375,344.0155944824219,20.1343994140625,175.3699951171875,10.051329612731934,67.56854248046875,117.32856750488281,79.03138732910156,187.01461791992188,11.600000381469727,51.11628723144531,50.04404067993164,44.34000015258789,9.123407363891602,29.017072677612305,42.26612091064453,99.77593231201172,6.829999923706055,1.7799999713897705,44.438690185546875,109.51718139648438,14.699999809265137,36.48953628540039,33.91170120239258
2020-06-29,87.65206909179688,134.0189971923828,346.9159851074219,20.34313201904297,177.19000244140625,10.284215927124023,69.28585052490234,118.37574005126953,79.3813705444336,189.0244903564453,11.850000381469727,51.553409576416016,50.21269989013672,44.7239990234375,9.168251037597656,28.806169509887695,43.25747299194336,101.8800277709961,7.989999771118164,1.7799999713897705,48.91127014160156,110.15088653564453,15.029999732971191,36.717750549316406,34.455902099609375
2020-06-30,88.38373565673828,137.9409942626953,349.9780578613281,20.6562442779541,178.50999450683594,10.777933120727539,70.32130432128906,119.72944641113281,80.28612518310547,193.8538818359375,11.829000473022461,51.971038818359375,52.06806945800781,45.50400161743164,9.464974403381348,28.771020889282227,43.224063873291016,103.53388977050781,8.210000038146973,1.8300000429153442,49.09074783325195,109.05711364746094,15.220000267028809,36.939788818359375,34.766876220703125
2020-07-01,88.21656036376953,143.93499755859375,349.5596008300781,20.230073928833008,177.99000549316406,10.703409194946289,71.50897216796875,119.51658630371094,79.60328674316406,194.98741149902344,11.779999732971191,53.28886032104492,51.747596740722656,48.56399917602539,9.497112274169922,28.85889434814453,44.379112243652344,103.88887786865234,8.869999885559082,1.840000033378601,50.11735916137695,107.763671875,15.0600004196167,36.91204071044922,33.98166275024414
2020-07-02,88.21656036376953,144.51499938964844,354.9134521484375,20.25616455078125,178.8300018310547,10.712723731994629,72.89402770996094,120.01887512207031,79.86184692382812,196.47340393066406,11.734999656677246,53.31916809082031,51.41025924682617,47.68899917602539,9.579081535339355,29.157682418823242,44.3863639831543,104.66818237304688,9.100000381469727,1.840000033378601,49.39944839477539,109.71685028076172,15.34000015258789,36.764007568359375,34.26932144165039
2020-07-06,90.57637023925781,152.8520050048828,366.5531921386719,20.577972412109375,182.72000122070312,11.877151489257812,74.36785125732422,121.73015594482422,81.87864685058594,200.70272827148438,11.975000381469727,53.44035339355469,51.595787048339844,49.38100051879883,9.805295944213867,28.9643497467041,43.776145935058594,105.31761169433594,9.979999542236328,1.9500000476837158,49.485595703125,110.2290267944336,16.610000610351562,36.665321350097656,34.51031494140625
2020-07-07,90.29533386230469,150.00599670410156,363.2818908691406,20.012636184692383,181.14999389648438,11.8585205078125,73.88534545898438,121.61951446533203,79.56880950927734,198.3689422607422,11.809000015258789,53.3884162902832,52.683719635009766,49.316001892089844,9.837682723999023,28.58647346496582,42.548439025878906,105.82849884033203,9.34000015258789,1.9800000190734863,47.33186340332031,108.47550201416016,16.5,39.150997161865234,33.616268157958984
2020-07-08,92.39832305908203,154.0554962158203,372.70574951171875,20.090919494628906,181.1999969482422,11.942355155944824,74.5637435913086,121.97706604003906,80.41345977783203,202.73167419433594,11.821999549865723,54.805782318115234,53.493316650390625,50.27799987792969,10.180746078491211,28.9467716217041,42.519378662109375,106.40861511230469,9.5,2.0199999809265137,47.17392349243164,108.86613464355469,17.530000686645508,38.376914978027344,33.53853225708008
2020-07-09,92.79566955566406,159.13150024414062,375.35894775390625,19.803903579711914,178.8000030517578,12.007567405700684,75.31056213378906,121.31301879882812,78.67244720458984,204.15097045898438,11.737000465393066,54.528804779052734,52.90298080444336,50.7760009765625,10.472735404968262,28.82813835144043,41.49509811401367,106.05359649658203,8.949999809265137,1.899999976158142,44.69108200073242,107.49456787109375,16.760000228881836,39.397708892822266,32.15468978881836
2020-07-10,92.95797729492188,160.0,376.4334411621094,20.891071319580078,182.89999389648438,12.082090377807617,76.31971740722656,121.21083068847656,82.97323608398438,203.53179931640625,11.765999794006348,56.175559997558594,52.18613815307617,54.87300109863281,10.443087577819824,28.753442764282227,41.40065002441406,107.2745132446289,9.300000190734863,1.8799999952316284,46.858985900878906,108.48417663574219,16.5,40.30131912231445,33.1575927734375
2020-07-13,92.5291519165039,155.1999969482422,369.5580749511719,21.038928985595703,184.1300048828125,12.128667831420898,74.99169158935547,123.62877655029297,84.16261291503906,197.24496459960938,11.579000473022461,55.4484748840332,50.21269989013672,52.54999923706055,10.017561912536621,28.62601661682129,41.28441619873047,107.41304779052734,8.3100004196167,1.7699999809265137,46.646602630615234,108.55362701416016,16.239999771118164,39.94357681274414,33.16535568237305
2020-07-14,94.06036376953125,154.1999969482422,377.3653564453125,20.995439529418945,189.7100067138672,12.575807571411133,75.4196548461914,125.93602752685547,84.64527893066406,198.4642333984375,11.666000366210938,56.81391525268555,52.09336471557617,52.487998962402344,10.341190338134766,28.775413513183594,41.80746078491211,108.31354522705078,8.649999618530273,1.940000057220459,45.35757064819336,109.7515869140625,15.960000038146973,40.711490631103516,34.261539459228516
2020-07-15,94.7072525024414,150.44349670410156,357.0150146484375,21.39551544189453,190.55999755859375,12.603750228881836,75.2222900390625,126.2254867553711,85.95536041259766,198.1689453125,12.045000076293945,56.045719146728516,52.40540313720703,52.32600021362305,10.1919584274292,29.258731842041016,42.592044830322266,107.80268096923828,9.039999961853027,2.069999933242798,48.77055358886719,110.53285217285156,17.270000457763672,40.708412170410156,34.6969108581543
2020-07-16,93.54187774658203,149.9949951171875,366.3248291015625,20.812793731689453,191.00999450683594,12.547861099243164,75.12509155273438,127.06835174560547,86.19666290283203,194.24444580078125,11.845999717712402,58.07547378540039,51.907833099365234,52.73899841308594,10.099777221679688,28.850107192993164,41.88737869262695,108.02783966064453,9.0600004196167,2.109999895095825,46.06800079345703,109.80366516113281,16.889999389648438,40.770084381103516,34.42479705810547
2020-07-17,93.35291290283203,148.09849548339844,364.7748107910156,20.195280075073242,190.75999450683594,12.6503324508667,75.2208023071289,127.1534652709961,84.6021957397461,193.25376892089844,11.833999633789062,59.59023666381836,53.06320571899414,49.29899978637695,10.166296005249023,29.51358413696289,42.56298065185547,108.78113555908203,8.989999771118164,1.9600000381469727,45.70179748535156,110.2984619140625,16.389999389648438,40.62822341918945,33.833946228027344
2020-07-20,95.32022094726562,159.8419952392578,372.27777099609375,20.508384704589844,190.47999572753906,12.510598182678223,77.55104064941406,127.3663558959961,83.86097717285156,201.5600128173828,12.050999641418457,59.363014221191406,54.13426208496094,50.24100112915039,10.474475860595703,30.08039093017578,41.68397903442383,108.44343566894531,8.600000381469727,1.9700000286102295,44.25164031982422,110.48944854736328,15.260000228881836,40.54496383666992,33.04096984863281
2020-07-21,94.00462341308594,156.9145050048828,364.9935302734375,21.238969802856445,192.27000427246094,12.464020729064941,77.15827178955078,127.48551940917969,85.67953491210938,198.8452606201172,12.104000091552734,59.795806884765625,54.21860122680664,49.0099983215332,10.292856216430664,30.023271560668945,41.54594802856445,108.29623413085938,9.079999923706055,2.0799999237060547,44.63981246948242,109.61268615722656,16.010000228881836,40.81017303466797,34.712459564208984
2020-07-22,94.26871490478516,154.99549865722656,373.3428649902344,21.143293380737305,192.10000610351562,12.687590599060059,77.60113525390625,127.71537017822266,85.0589828491211,201.70294189453125,12.121000289916992,60.68085861206055,55.213748931884766,48.981998443603516,10.402725219726562,30.102357864379883,42.49760055541992,109.22274780273438,8.949999809265137,2.009999990463257,45.430816650390625,109.60399627685547,15.90999984741211,40.91194152832031,33.90392303466797
2020-07-23,89.97793579101562,149.32749938964844,365.3833923339844,21.343338012695312,193.25,12.40812873840332,75.21583557128906,127.37482452392578,85.30892944335938,192.92990112304688,11.97599983215332,60.79985427856445,55.46673583984375,47.757999420166016,10.094791412353516,29.18404197692871,41.66217803955078,109.9294204711914,8.529999732971191,2.069999933242798,45.262367248535156,109.25678253173828,16.040000915527344,40.59737777709961,33.973899841308594
2020-07-24,89.75504302978516,150.44549560546875,349.6451721191406,21.178083419799805,194.52000427246094,12.221819877624512,74.79235076904297,126.10624694824219,84.70562744140625,191.7487335205078,11.694999694824219,60.64406967163086,56.29322814941406,48.04499816894531,10.159320831298828,29.074193954467773,41.71303176879883,109.7551498413086,8.520000457763672,2.190000057220459,44.36151123046875,108.69252014160156,15.420000076293945,40.474021911621094,33.76398849487305
2020-07-27,91.88224792480469,152.760498046875,363.0535888671875,20.995439529418945,192.13999938964844,12.631701469421387,75.84463500976562,125.30597686767578,83.5162353515625,194.1777801513672,11.765999794006348,60.07713317871094,58.22447967529297,49.564998626708984,10.385537147521973,29.61903953552246,42.599308013916016,110.06881713867188,8.350000381469727,2.200000047683716,45.37954330444336,110.7411880493164,15.40999984741211,40.46476745605469,34.261539459228516
2020-07-28,90.37287139892578,150.01649475097656,357.8994140625,21.186784744262695,194.1199951171875,12.324291229248047,74.56620788574219,125.00800323486328,83.87821197509766,192.4346466064453,11.781000137329102,60.5986213684082,57.844974517822266,48.85100173950195,10.180246353149414,29.561914443969727,43.47832489013672,111.42813873291016,8.0600004196167,2.0399999618530273,46.976173400878906,108.9095458984375,15.739999771118164,40.6343879699707,33.85727310180664
2020-07-29,92.10516357421875,151.67649841308594,346.7353210449219,21.978246688842773,196.41000366210938,12.389496803283691,75.55107116699219,124.7610855102539,85.9122543334961,194.37777709960938,12.27400016784668,60.90157699584961,57.2546501159668,48.448001861572266,10.429381370544434,29.40373420715332,44.03768539428711,111.80281066894531,8.1899995803833,2.069999933242798,48.03815841674805,107.63345336914062,17.329999923706055,40.30441665649414,34.23044204711914
2020-07-30,93.21965026855469,152.593994140625,344.93798828125,21.60425567626953,194.3000030517578,12.054143905639648,76.2879867553711,125.01651000976562,83.61964416503906,194.2253875732422,12.21500015258789,61.09632110595703,55.37398147583008,48.58000183105469,10.577371597290039,29.51358413696289,43.98683166503906,114.51271057128906,7.96999979019165,2.0799999237060547,46.5953254699707,106.3052978515625,16.25,40.12861633300781,32.551185607910156
2020-07-31,102.97869873046875,158.23399353027344,336.36993408203125,21.6390438079834,195.77999877929688,12.035514831542969,73.78764343261719,124.09699249267578,83.29214477539062,195.28271484375,12.392000198364258,60.741432189941406,58.359413146972656,48.88800048828125,10.578118324279785,28.70511245727539,43.7928352355957,114.25128936767578,7.710000038146973,2.0399999618530273,45.66518020629883,103.59687042236328,16.540000915527344,39.906578063964844,32.71445083618164
2020-08-03,105.57349395751953,155.59449768066406,348.6276550292969,21.734712600708008,199.25999450683594,12.2031888961792,73.5302734375,125.45071411132812,82.82672119140625,206.26568603515625,12.366000175476074,60.068458557128906,57.473907470703125,49.86199951171875,10.97225570678711,28.74465560913086,43.32610321044922,114.39944458007812,9.15999984741211,2.130000114440918,44.69841003417969,104.98580932617188,17.610000610351562,39.875728607177734,32.84660720825195
2020-08-04,106.278564453125,156.94149780273438,352.1652526855469,21.75210952758789,200.24000549316406,12.063458442687988,73.0611572265625,125.34004211425781,82.35267639160156,203.16983032226562,12.331999778747559,61.682735443115234,59.24492645263672,50.9640007019043,11.189002990722656,28.397537231445312,45.11281967163086,116.57781982421875,9.130000114440918,2.2300000190734863,46.1339111328125,106.69593048095703,18.389999389648438,40.59737777709961,33.795082092285156
2020-08-05,106.66378021240234,160.25149536132812,350.4344482421875,22.082609176635742,203.6199951171875,13.013632774353027,73.3482666015625,126.34464263916016,83.78340148925781,202.83645629882812,12.395000457763672,61.40791702270508,59.346126556396484,50.21099853515625,11.247800827026367,28.599653244018555,45.47018814086914,116.27281951904297,9.329999923706055,2.4800000190734863,45.77504348754883,108.3539810180664,18.969999313354492,40.03301239013672,34.09050369262695
2020-08-06,110.38517761230469,161.25,351.1192321777344,22.152189254760742,205.02000427246094,13.563241004943848,74.63068389892578,125.6209945678711,83.80925750732422,206.08465576171875,12.335000038146973,61.19801712036133,59.12686538696289,50.90800094604492,11.296380996704102,27.98451805114746,45.31703186035156,115.63675689697266,10.729999542236328,2.309999942779541,44.82292556762695,111.40959930419922,19.149999618530273,39.89115905761719,33.92724609375
2020-08-07,107.87548065185547,158.3730010986328,348.1141662597656,22.708816528320312,209.47999572753906,13.004315376281738,74.30438232421875,126.51496124267578,85.65367126464844,202.39828491210938,12.33899974822998,62.27349853515625,58.1148567199707,49.472999572753906,11.16085147857666,28.401931762695312,45.73999786376953,116.36868286132812,11.279999732971191,2.240000009536743,45.54798889160156,112.81591033935547,19.309999465942383,40.082359313964844,33.77175521850586
2020-08-10,109.44345092773438,157.4080047607422,347.48651123046875,23.100202560424805,212.5800018310547,13.395563125610352,74.22750854492188,126.02964782714844,86.73965454101562,198.3689422607422,12.362000465393066,61.377620697021484,57.2546501159668,48.3380012512207,11.126470565795898,28.39314842224121,45.55039978027344,116.8479232788086,12.039999961853027,2.380000114440918,47.95026779174805,113.3454360961914,19.450000762939453,40.67138671875,34.603614807128906
2020-08-11,106.18861389160156,154.0334930419922,343.5877380371094,23.413307189941406,212.66000366210938,13.004315376281738,73.42018127441406,125.1271743774414,89.48043823242188,193.73007202148438,13.48900032043457,60.111724853515625,53.02104568481445,46.69300079345703,10.812557220458984,28.643596649169922,45.71083450317383,116.08985137939453,11.3100004196167,2.3299999237060547,49.18070602416992,116.10594177246094,19.420000076293945,40.15329360961914,34.96123123168945
2020-08-12,109.71772766113281,158.11199951171875,356.4255065917969,23.248058319091797,213.24000549316406,13.013632774353027,74.7442398071289,127.41738891601562,88.72198486328125,199.26434326171875,13.704000473022461,61.58320236206055,53.12225341796875,47.547000885009766,11.400768280029297,29.47842788696289,45.94419479370117,118.03294372558594,10.630000114440918,2.359999895095825,49.67874526977539,118.4410629272461,19.190000534057617,40.674476623535156,34.953311920166016
2020-08-13,111.6594467163086,158.05099487304688,356.37799072265625,22.917556762695312,211.97999572753906,12.845952987670898,75.21088409423828,126.00407409667969,88.23070526123047,198.797607421875,13.699999809265137,61.542091369628906,54.06678771972656,48.132999420166016,11.403512001037598,29.377376556396484,44.799251556396484,118.311767578125,11.359999656677246,2.180000066757202,48.35309982299805,117.74661254882812,19.360000610351562,40.82931900024414,34.097110748291016
2020-08-14,111.55992889404297,157.4010009765625,352.8974609375,23.021923065185547,210.9600067138672,12.836638450622559,74.61480712890625,126.20846557617188,88.26518249511719,198.98817443847656,14.663000106811523,60.69814682006836,53.84751510620117,48.268001556396484,11.524092674255371,29.124074935913086,44.49296188354492,117.71926879882812,11.399999618530273,2.180000066757202,49.9350700378418,116.51393127441406,20.040000915527344,41.06155776977539,34.247745513916016
2020-08-17,111.26866912841797,159.12049865722656,359.9440612792969,22.526174545288086,206.77999877929688,13.13473129272461,75.1905517578125,126.84699249267578,85.93809509277344,200.30267333984375,14.383999824523926,61.236976623535156,57.64257049560547,48.23500061035156,12.294425964355469,29.60675621032715,45.20035171508789,118.06782531738281,12.199999809265137,2.069999933242798,49.9350700378418,117.651123046875,19.799999237060547,41.990562438964844,33.80378723144531
2020-08-18,112.19585418701172,165.62449645996094,358.71728515625,22.204378128051758,208.3300018310547,13.423508644104004,77.15135192871094,127.78350067138672,84.7400894165039,201.4552459716797,14.314000129699707,61.24995422363281,57.094390869140625,49.1870002746582,12.2184419631958,29.43405532836914,44.908634185791016,118.94786834716797,12.770000457763672,1.909999966621399,47.70124816894531,118.12857818603516,19.43000030517578,41.71495056152344,33.637306213378906
2020-08-19,112.33661651611328,163.0240020751953,356.5491638183594,22.178281784057617,207.2100067138672,13.917224884033203,76.597412109375,128.03892517089844,84.9383316040039,200.23306274414062,14.166999816894531,61.09632110595703,55.64385986328125,48.452999114990234,12.096611022949219,29.504898071289062,43.7928352355957,118.30308532714844,13.649999618530273,1.9199999570846558,46.78575134277344,117.37333679199219,19.700000762939453,41.00271987915039,33.264705657958984
2020-08-20,114.82933044433594,164.86849975585938,353.9149475097656,21.83038902282715,206.1199951171875,13.693656921386719,78.16645050048828,128.91583251953125,83.92130279541016,204.89276123046875,14.413999557495117,61.04654312133789,56.69803237915039,49.790000915527344,12.099102020263672,29.442907333374023,44.49296188354492,119.2441177368164,13.670000076293945,1.590000033378601,47.510833740234375,116.40106201171875,18.84000015258789,40.43294143676758,32.75733184814453
2020-08-21,120.74675750732422,164.23599243164062,353.86749267578125,21.72602081298828,207.42999267578125,13.376934051513672,78.13272857666016,130.056640625,83.87821197509766,203.4031524658203,14.508000373840332,61.11146926879883,55.298072814941406,49.23099899291992,12.639728546142578,29.367630004882812,44.57318115234375,119.75824737548828,12.930000305175781,1.1399999856948853,47.25448989868164,116.1753921508789,18.850000381469727,40.761192321777344,32.51158142089844
2020-08-24,122.19093322753906,165.3730010986328,359.4494934082031,22.343530654907227,212.61000061035156,13.563241004943848,78.60780334472656,130.3994598388672,86.2397689819336,204.04290771484375,14.857999801635742,61.15907669067383,54.98604202270508,48.88100051879883,12.67635440826416,29.208213806152344,45.53580856323242,120.69058990478516,12.34000015258789,1.340000033378601,50.16944885253906,116.98270416259766,20.31999969482422,40.66828918457031,33.470821380615234
2020-08-25,121.18849182128906,167.32449340820312,362.15020751953125,22.613149642944336,213.35000610351562,13.470085144042969,79.63433074951172,130.32235717773438,86.61898040771484,206.6974334716797,14.696000099182129,60.87342834472656,54.69929885864258,49.05799865722656,12.706001281738281,29.429624557495117,45.6306037902832,121.16983795166016,12.850000381469727,1.2899999618530273,50.279300689697266,117.00875091552734,20.799999237060547,40.45151138305664,32.408512115478516
2020-08-26,122.83656311035156,172.09249877929688,366.9905700683594,22.230464935302734,214.66000366210938,13.982434272766113,81.53263092041016,130.52804565429688,85.40373229980469,211.16610717773438,14.605999946594238,60.373565673828125,55.382408142089844,54.75299835205078,12.728919982910156,29.566890716552734,44.98155975341797,120.58601379394531,13.050000190734863,1.2200000286102295,48.56548309326172,117.09554290771484,25.25,40.47320556640625,31.718793869018555
2020-08-27,121.3681411743164,170.0,357.766357421875,22.656633377075195,216.8699951171875,13.879963874816895,80.75853729248047,131.11082458496094,88.21345520019531,216.3509979248047,14.652000427246094,60.65195083618164,54.61497116088867,52.62699890136719,12.584670066833496,29.341060638427734,45.57956314086914,120.42920684814453,12.989999771118164,1.25,49.48830032348633,115.94099426269531,24.049999237060547,42.30950164794922,31.50474739074707
2020-08-28,121.17152404785156,170.08999633789062,360.85693359375,22.874074935913086,218.5500030517578,14.578619956970215,81.299560546875,131.67649841308594,88.57547760009766,218.5758056640625,14.689000129699707,60.79766845703125,56.259483337402344,52.388999938964844,13.102380752563477,29.150651931762695,46.26507568359375,120.91712188720703,13.069999694824219,1.350000023841858,51.15085983276367,116.2535171508789,23.809999465942383,43.44598388671875,32.25787353515625
2020-08-31,125.28071594238281,172.54800415039062,355.82635498046875,22.38702392578125,218.0399932861328,14.541358947753906,80.8086166381836,131.4793701171875,86.351806640625,215.34835815429688,14.444000244140625,60.71501922607422,56.740196228027344,52.95600128173828,13.32834529876709,29.24363899230957,45.40428161621094,120.53372192382812,12.979999542236328,1.2200000286102295,49.69337844848633,114.96005249023438,23.540000915527344,42.99695587158203,31.663307189941406
2020-09-01,130.2709503173828,174.95599365234375,367.9224853515625,22.360923767089844,218.5500030517578,15.07233715057373,82.07563781738281,129.85955810546875,86.3087158203125,217.0098876953125,14.881999969482422,60.271366119384766,56.520931243896484,55.654998779296875,13.777425765991211,29.177217483520508,45.71170425415039,120.40301513671875,14.130000114440918,1.25,49.21731185913086,114.84721374511719,23.440000534057617,45.70343780517578,31.258995056152344
2020-09-02,127.57199096679688,176.57249450683594,378.94390869140625,22.63054656982422,221.67999267578125,15.15617561340332,85.16559600830078,131.83935546875,87.61016082763672,221.19210815429688,15.0,62.691959381103516,56.951026916503906,55.284000396728516,14.30126667022705,29.323352813720703,46.50956344604492,122.4332275390625,13.140000343322754,1.2000000476837158,49.68605422973633,115.0381851196289,23.809999465942383,45.73130798339844,31.068723678588867
2020-09-03,117.35843658447266,168.39999389648438,357.7092590332031,22.472904205322266,218.14999389648438,14.494781494140625,80.80762481689453,128.17117309570312,87.33433532714844,207.4899139404297,14.428000450134277,61.023841857910156,55.770347595214844,52.57500076293945,12.974465370178223,28.81853485107422,47.02193832397461,120.47270202636719,11.550000190734863,1.2100000381469727,49.803245544433594,112.80722045898438,23.850000381469727,44.75896072387695,31.005306243896484
2020-09-04,117.43609619140625,164.7310028076172,349.3978576660156,23.243600845336914,218.32000732421875,14.923290252685547,78.41242218017578,127.34844207763672,89.22187042236328,204.57765197753906,14.218999862670898,60.312679290771484,55.11253356933594,51.60499954223633,12.582704544067383,28.831819534301758,47.11711502075195,120.2113037109375,11.760000228881836,1.340000033378601,51.443817138671875,115.60244750976562,24.40999984741211,44.22943878173828,30.98152732849121
2020-09-08,109.53324890136719,157.49200439453125,330.3124084472656,22.315258026123047,217.8000030517578,14.643831253051758,75.55553436279297,126.20854187011719,86.11909484863281,193.51083374023438,13.881999969482422,60.44099807739258,55.46673583984375,50.70199966430664,11.875444412231445,28.70783233642578,46.846256256103516,118.45122528076172,11.729999542236328,1.0199999809265137,51.304664611816406,113.91837310791016,24.719999313354492,42.873104095458984,30.268022537231445
2020-09-09,113.90214538574219,163.4304962158203,341.74285888671875,22.341533660888672,219.6300048828125,15.035076141357422,76.72735595703125,128.29969787597656,86.9378890991211,201.75128173828125,14.114999771118164,61.41097640991211,57.71013641357422,50.01900100708008,12.674912452697754,29.51375961303711,47.30742263793945,120.37686920166016,12.130000114440918,1.0499999523162842,50.433109283447266,113.8315658569336,24.799999237060547,43.31901550292969,30.08568572998047
2020-09-10,110.18372344970703,158.7554931640625,339.48907470703125,22.017488479614258,217.8000030517578,14.69040584564209,75.67703247070312,125.9085922241211,86.04153442382812,196.0985565185547,13.972000122070312,60.22349548339844,56.287906646728516,48.06700134277344,12.272936820983887,29.14621925354004,46.67060470581055,119.11344146728516,12.119999885559082,1.0199999809265137,48.477603912353516,113.00688171386719,23.309999465942383,42.3652458190918,29.33255386352539
2020-09-11,108.73714447021484,155.81100463867188,341.6097106933594,22.332775115966797,217.92999267578125,15.15617561340332,75.166748046875,126.6541976928711,87.11027526855469,194.8190155029297,14.11299991607666,60.4931755065918,56.0593376159668,48.202999114990234,12.126145362854004,29.425195693969727,46.37781524658203,120.3681869506836,11.710000038146973,0.9900000095367432,46.983497619628906,114.01384735107422,22.639999389648438,42.331180572509766,29.253276824951172
2020-09-14,111.99925994873047,155.14849853515625,349.8924865722656,22.551721572875977,219.94000244140625,15.240015983581543,74.82308959960938,127.1427001953125,88.31689453125,196.13671875,14.26200008392334,61.3131103515625,57.04135513305664,47.625999450683594,12.83166790008545,29.518186569213867,47.9442253112793,120.79511260986328,12.239999771118164,1.0099999904632568,49.656768798828125,116.12328338623047,23.700000762939453,42.52318572998047,29.063018798828125
2020-09-15,112.17401123046875,157.80650329589844,352.0891418457031,22.140100479125977,218.94000244140625,15.286591529846191,76.12680053710938,127.60552215576172,85.5674819946289,199.35462951660156,15.574999809265137,64.31002807617188,57.18525314331055,49.5989990234375,12.950043678283691,30.076133728027344,48.171138763427734,120.79511260986328,12.529999732971191,1.0700000524520874,52.05170822143555,116.3489990234375,23.18000030517578,42.53556823730469,28.753833770751953
2020-09-16,108.86334228515625,153.90499877929688,344.6051940917969,22.420352935791016,219.58999633789062,15.63126277923584,74.98474884033203,127.1855697631836,85.92947387695312,195.79299926757812,17.489999771118164,60.97163772583008,56.965152740478516,48.38600158691406,12.47504711151123,30.093849182128906,47.878353118896484,119.98479461669922,12.9399995803833,1.0800000429153442,54.285545349121094,116.3489990234375,23.170000076293945,42.19493865966797,29.974702835083008
2020-09-17,107.12549591064453,150.43649291992188,348.7513122558594,22.201404571533203,218.0500030517578,15.86414909362793,73.74252319335938,126.13136291503906,84.94693756103516,193.74957275390625,16.361000061035156,60.7911262512207,56.14399337768555,47.02000045776367,12.42420482635498,30.806781768798828,46.89750289916992,119.82791137695312,12.84000015258789,1.1100000143051147,52.64495849609375,117.1910400390625,22.610000610351562,42.328094482421875,29.966773986816406
2020-09-18,103.72746276855469,147.74549865722656,348.3709411621094,22.078792572021484,218.2100067138672,15.83620548248291,71.95975494384766,127.85406494140625,84.76593780517578,191.34332275390625,15.958999633789062,60.225685119628906,54.78104019165039,46.99599838256836,12.150821685791016,30.749216079711914,45.638526916503906,119.6972427368164,13.5600004196167,1.059999942779541,51.14354705810547,116.53997039794922,21.899999618530273,41.89456558227539,29.483182907104492
2020-09-21,106.87309265136719,148.02349853515625,344.8333740234375,21.430700302124023,213.02000427246094,14.578619956970215,70.92084503173828,124.3573226928711,82.14582061767578,193.3962860107422,15.215999603271484,60.0691032409668,53.90060043334961,48.73500061035156,12.47778606414795,30.54994773864746,43.984256744384766,119.12213897705078,13.359999656677246,0.9900000095367432,47.510833740234375,113.90968322753906,21.020000457763672,42.44575500488281,28.880678176879883
2020-09-22,108.55268096923828,156.44949340820312,346.75433349609375,20.966533660888672,214.16000366210938,14.606568336486816,72.39266967773438,123.59457397460938,81.24946594238281,198.05596923828125,15.425000190734863,60.47361373901367,53.7143669128418,49.117000579833984,12.597906112670898,30.580944061279297,44.379512786865234,120.2113037109375,12.930000305175781,0.9800000190734863,47.68660354614258,114.80381774902344,21.100000381469727,42.82975387573242,28.167179107666016
2020-09-23,103.99930572509766,149.9929962158203,340.0215759277344,20.37099266052246,209.61000061035156,13.758866310119629,69.891845703125,123.79168701171875,79.9308090209961,191.5343475341797,14.82800006866455,59.44055938720703,50.97996139526367,47.06100082397461,12.08552360534668,30.731510162353516,43.208377838134766,118.77362823486328,12.079999923706055,0.8899999856948853,46.06067657470703,115.70662689208984,20.549999237060547,42.111331939697266,27.2634220123291
2020-09-24,105.0672378540039,150.989501953125,342.4941101074219,20.441059112548828,208.72000122070312,14.327104568481445,70.55982971191406,123.98880004882812,79.86184692382812,194.01690673828125,14.605999946594238,60.36050033569336,52.01276779174805,47.30799865722656,12.309069633483887,30.231122970581055,42.974124908447266,119.30511474609375,11.239999771118164,0.8899999856948853,46.0167350769043,114.45659637451172,20.43000030517578,42.331180572509766,27.207927703857422
2020-09-25,109.00899505615234,154.75650024414062,342.79840087890625,20.572429656982422,210.4499969482422,14.252580642700195,71.36318969726562,124.8372802734375,80.55998992919922,198.43795776367188,14.61299991607666,61.29135513305664,51.99583435058594,48.28799819946289,12.833160400390625,30.580944061279297,43.867149353027344,119.91504669189453,11.649999618530273,0.800000011920929,46.566043853759766,115.42884063720703,20.40999984741211,42.50769805908203,27.46161651611328
2020-09-28,111.61092376708984,158.70249938964844,352.8594665527344,21.097898483276367,213.5399932861328,14.811505317687988,72.33514404296875,126.07996368408203,82.87841796875,199.9847869873047,15.145999908447266,61.7959098815918,52.596900939941406,49.064998626708984,12.993906021118164,30.629657745361328,45.14076232910156,120.2549057006836,13.199999809265137,0.8799999952316284,48.18463134765625,118.06780242919922,22.09000015258789,42.50150680541992,27.99277114868164
2020-09-29,110.76625061035156,157.24400329589844,355.6551818847656,20.817649841308594,210.44000244140625,14.27121353149414,72.70013427734375,126.03712463378906,82.1802978515625,197.90321350097656,14.968999862670898,61.5740852355957,53.138702392578125,49.347999572753906,13.184050559997559,31.09461212158203,44.72353744506836,119.60137176513672,13.15999984741211,0.8399999737739563,46.866310119628906,118.29248809814453,20.889999389648438,42.46744155883789,27.176212310791016
2020-09-30,112.4361572265625,157.43649291992188,351.1572570800781,21.097898483276367,212.94000244140625,14.569306373596191,72.6792984008789,127.59697723388672,82.97323608398438,200.83462524414062,15.055999755859375,60.364864349365234,53.7143669128418,50.00299835205078,13.487841606140137,30.744792938232422,44.63829803466797,121.10883331298828,13.40999984741211,0.8100000023841858,47.37166976928711,116.6976318359375,20.809999465942383,43.32521057128906,27.215858459472656
2020-10-01,113.38758087158203,161.06300354003906,363.2724304199219,21.106660842895508,212.02000427246094,14.485467910766602,73.78516387939453,126.25993347167969,83.57655334472656,202.8684539794922,14.895999908447266,61.49581527709961,53.189491271972656,52.750999450683594,13.571578025817871,30.665082931518555,45.76253890991211,121.32667541503906,14.0,0.7799999713897705,48.72661590576172,116.68880462646484,21.700000762939453,44.30685043334961,26.2645320892334
2020-10-02,109.7274169921875,156.25,351.85137939453125,21.2029972076416,211.17999267578125,14.848767280578613,72.18340301513672,125.33434295654297,84.36949157714844,196.88153076171875,14.645999908447266,61.149986267089844,52.73234558105469,50.305999755859375,13.021068572998047,30.403820037841797,46.92349624633789,120.35072326660156,14.140000343322754,0.800000011920929,49.94972229003906,116.07203674316406,22.670000076293945,43.507904052734375,26.145610809326172
2020-10-05,113.10603332519531,159.9600067138672,363.367431640625,21.562074661254883,212.36000061035156,15.202754020690918,73.53373718261719,127.03988647460938,86.15271759033203,200.8824005126953,14.821000099182129,62.615821838378906,53.44346237182617,52.064998626708984,13.599488258361816,31.050334930419922,46.47526550292969,121.45733642578125,15.739999771118164,0.800000011920929,50.359867095947266,116.39804077148438,23.59000015258789,43.91046905517578,26.74811553955078
2020-10-06,109.86335754394531,154.9980010986328,351.9560241699219,21.34312629699707,210.25999450683594,14.643831253051758,71.9562759399414,125.35150909423828,85.26546478271484,196.61415100097656,15.003999710083008,63.131263732910156,51.48789596557617,50.58700180053711,13.693190574645996,30.625226974487305,46.22544860839844,121.64908599853516,16.229999542236328,0.7900000214576721,51.25339126586914,115.65789031982422,22.81999969482422,43.54817199707031,26.47064781188965
2020-10-07,111.72740173339844,159.7845001220703,357.3669738769531,21.789779663085938,213.2899932861328,15.724416732788086,72.35895538330078,126.73992156982422,86.75293731689453,200.357177734375,15.309000015258789,64.61884307861328,51.78419494628906,53.465999603271484,13.919977188110352,30.412670135498047,46.078495025634766,122.59883880615234,18.229999542236328,0.8100000023841858,52.022430419921875,116.68880462646484,24.209999084472656,43.62869644165039,26.557849884033203
2020-10-08,111.62059020996094,159.52749633789062,362.20721435546875,22.105070114135742,215.14999389648438,15.649893760681152,73.5634994506836,127.60552215576172,88.53618621826172,201.0733184814453,16.393999099731445,65.47140502929688,52.249813079833984,53.17900085449219,13.79511833190918,31.546287536621094,46.842674255371094,123.4266357421875,17.8799991607666,0.8999999761581421,52.27606964111328,117.14701080322266,23.469999313354492,43.774227142333984,27.9531307220459
2020-10-09,113.5623550415039,164.33250427246094,369.90997314453125,22.21016502380371,215.67999267578125,16.050451278686523,74.90342712402344,129.38818359375,88.03166961669922,206.06719970703125,16.472999572753906,65.87809753417969,53.1810302734375,53.944000244140625,13.719359397888184,31.91383171081543,46.43119430541992,124.53323364257812,18.43000030517578,0.8600000143051147,50.52285385131836,116.38040924072266,23.600000381469727,44.21394729614258,27.5408935546875
2020-10-12,120.7759017944336,172.14649963378906,379.46697998046875,22.490419387817383,216.41000366210938,15.65920639038086,77.5882339477539,130.13381958007812,89.1103286743164,211.4048309326172,16.645999908447266,66.47834777832031,53.2741584777832,53.98099899291992,14.181147575378418,32.600196838378906,46.53406524658203,125.9012680053711,17.639999389648438,0.8399999737739563,50.746665954589844,116.13369750976562,23.540000915527344,44.66914749145508,27.453691482543945
2020-10-13,117.572021484375,172.18150329589844,385.2773132324219,21.851091384887695,212.30999755859375,15.668523788452148,77.71121978759766,127.1512680053711,87.66632843017578,212.79891967773438,16.607999801635742,65.56492614746094,53.130226135253906,55.409000396728516,14.203330039978027,32.405357360839844,45.31430435180664,125.6572494506836,17.100000381469727,0.800000011920929,49.105350494384766,116.88265991210938,23.440000534057617,45.282291412353516,27.128652572631836
2020-10-14,117.6594009399414,168.1855010986328,378.506591796875,20.686281204223633,210.91000366210938,15.780309677124023,77.53119659423828,126.92849731445312,87.17918395996094,210.88922119140625,16.423999786376953,65.38439178466797,54.17996597290039,54.14500045776367,14.050808906555176,31.76326560974121,44.8220100402832,125.5091323852539,17.299999237060547,0.8299999833106995,49.03074264526367,115.89581298828125,23.709999084472656,44.57316589355469,27.07315444946289
2020-10-15,117.19341278076172,166.9324951171875,367.6086730957031,21.150449752807617,211.64999389648438,16.031822204589844,77.13597106933594,126.1485824584961,88.48399353027344,209.74337768554688,16.597000122070312,64.9102783203125,53.33340072631836,54.194000244140625,13.925956726074219,31.249601364135742,44.38848114013672,125.3261489868164,17.030000686645508,0.8100000023841858,48.58311462402344,115.5785903930664,24.469999313354492,44.755859375,27.31098747253418
2020-10-16,115.55261993408203,163.635498046875,367.9224853515625,21.229267120361328,211.91000366210938,15.975935935974121,77.7424545288086,126.92849731445312,88.30132293701172,209.74337768554688,16.469999313354492,66.463134765625,53.054039001464844,53.07899856567383,13.76795482635498,31.448867797851562,44.476654052734375,125.81410217285156,16.270000457763672,0.7900000214576721,48.35929489135742,115.11158752441406,24.040000915527344,44.81161117553711,27.033517837524414
2020-10-19,112.60120391845703,160.36050415039062,366.41058349609375,20.773860931396484,208.99000549316406,15.966615676879883,75.87042999267578,123.6888198852539,86.81385803222656,204.54898071289062,16.413999557495117,65.1473388671875,52.241336822509766,53.071998596191406,13.455194473266602,31.342592239379883,43.16874313354492,123.65312957763672,16.389999389648438,0.7900000214576721,47.68037796020508,115.32306671142578,22.90999984741211,44.2666015625,26.494428634643555
2020-10-20,114.08662414550781,160.85049438476562,366.0776062011719,21.141691207885742,210.05999755859375,16.40443992614746,76.91827392578125,123.88594818115234,87.30967712402344,204.95957946777344,16.906999588012695,65.46051788330078,51.80112838745117,52.54199981689453,13.602479934692383,31.55071449279785,43.42591094970703,124.14982604980469,16.290000915527344,0.8199999928474426,48.09070587158203,115.70195007324219,22.670000076293945,44.56077575683594,26.716411590576172
2020-10-21,113.46526336669922,159.2469940185547,364.2137145996094,21.062870025634766,210.17999267578125,16.506912231445312,78.64945220947266,123.35457611083984,86.43978118896484,205.1028594970703,18.104999542236328,64.74064636230469,52.046634674072266,48.904998779296875,13.482107162475586,31.37359046936035,43.85209274291992,124.82075500488281,14.859999656677246,0.8199999928474426,47.90419387817383,117.31441497802734,23.079999923706055,44.715599060058594,26.288314819335938
2020-10-22,112.37789916992188,158.82000732421875,357.0816345214844,21.781028747558594,211.61000061035156,17.093782424926758,79.67449188232422,124.34019470214844,89.4930648803711,205.18875122070312,18.30500030517578,65.73889923095703,51.2508659362793,48.52299880981445,13.318873405456543,31.38687515258789,44.15335464477539,123.93669128417969,14.960000038146973,0.8199999928474426,49.5007438659668,117.56114196777344,24.639999389648438,44.452392578125,27.636022567749023
2020-10-23,111.68858337402344,160.22000122070312,359.9915771484375,21.807294845581055,212.7100067138672,17.103099822998047,80.9797134399414,124.47732543945312,90.30204772949219,206.46827697753906,18.43000030517578,65.91291046142578,51.191612243652344,48.827999114990234,13.547405242919922,31.32487678527832,44.63829803466797,124.7515640258789,15.029999732971191,0.8399999737739563,49.89615249633789,117.43778228759766,24.690000534057617,44.545291900634766,27.081087112426758
2020-10-26,111.69828033447266,160.3520050048828,349.46453857421875,21.492013931274414,208.49000549316406,16.17155647277832,78.5651626586914,123.38887023925781,88.06646728515625,200.5958709716797,17.5,65.82152557373047,51.06462478637695,48.82400131225586,13.09981632232666,30.842208862304688,43.9622917175293,123.80529022216797,14.460000038146973,0.8100000023841858,48.254844665527344,117.05889892578125,23.790000915527344,44.02195739746094,26.43893814086914
2020-10-27,113.20311737060547,164.31649780273438,348.3994140625,20.88770866394043,206.8800048828125,16.506912231445312,79.28868103027344,122.6860580444336,86.4050064086914,203.62274169921875,17.558000564575195,65.92374420166016,52.190555572509766,48.893001556396484,13.354512214660645,30.089420318603516,43.154052734375,124.73402404785156,14.789999961853027,0.7599999904632568,46.240501403808594,116.71525573730469,23.790000915527344,44.2418212890625,26.018768310546875
2020-10-28,107.96041870117188,158.13900756835938,345.0615539550781,20.554908752441406,200.6999969482422,15.715104103088379,74.92079162597656,118.58081817626953,83.97802734375,193.52993774414062,16.21500015258789,64.77545928955078,49.65087127685547,48.624000549316406,12.587191581726074,29.4694766998291,42.47803497314453,120.6159439086914,14.800000190734863,0.7300000190734863,45.33030319213867,114.60933685302734,22.75,43.3654670715332,25.02780532836914
2020-10-29,111.96041107177734,160.55050659179688,352.6692199707031,20.616214752197266,201.50999450683594,16.28333854675293,77.20588684082031,117.57809448242188,84.52606201171875,195.47787475585938,16.195999145507812,64.38397979736328,51.08154296875,50.42100143432617,12.982940673828125,29.372060775756836,42.999725341796875,120.53710174560547,14.8100004196167,0.6899999976158142,47.307350158691406,115.73719024658203,22.579999923706055,43.32830810546875,26.137685775756836
2020-10-30,105.68861389160156,151.8074951171875,343.4925842285156,20.7563419342041,201.89999389648438,16.152921676635742,80.14311218261719,117.5095443725586,85.28285217285156,193.32948303222656,16.707000732421875,63.688026428222656,53.19796371459961,47.57400131225586,12.49448299407959,28.291582107543945,42.685455322265625,120.12525939941406,14.0,0.6700000166893005,46.859710693359375,115.684326171875,22.34000015258789,42.965999603271484,25.860210418701172
2020-11-02,105.60124206542969,150.2239990234375,348.6437683105469,21.089147567749023,204.30999755859375,16.991310119628906,80.5502700805664,118.8636474609375,87.20528411865234,193.19580078125,16.656999588012695,65.3582992553711,54.7979621887207,48.4119987487793,12.541086196899414,28.796390533447266,43.99864196777344,121.35192108154297,15.470000267028809,0.7200000286102295,48.277217864990234,117.40254974365234,23.209999084472656,43.47694396972656,26.946313858032227
2020-11-03,107.22258758544922,152.42050170898438,355.1830749511719,21.623382568359375,206.6300048828125,17.485031127929688,81.60850524902344,118.70083618164062,89.9541015625,197.1106414794922,17.19499969482422,66.13253021240234,56.4402961730957,48.72200012207031,12.978449821472168,28.898244857788086,43.71091079711914,123.73517608642578,16.950000762939453,0.8700000047683716,48.486114501953125,119.71994018554688,24.43000030517578,44.21394729614258,26.48650550842285
2020-11-04,111.6011962890625,162.05799865722656,365.62677001953125,20.738828659057617,206.1699981689453,16.767742156982422,86.57693481445312,119.47217559814453,87.20528411865234,206.62100219726562,17.253000259399414,63.783714294433594,55.09425354003906,49.69499969482422,13.750760078430176,30.983909606933594,43.15760803222656,123.22697448730469,16.610000610351562,0.9700000286102295,46.46430969238281,118.21321105957031,23.299999237060547,43.960025787353516,26.34380531311035
2020-11-05,115.56233215332031,166.10000610351562,380.1278076171875,21.553319931030273,207.4499969482422,17.53160285949707,87.4026107788086,119.78070831298828,90.77177429199219,213.20950317382812,18.167999267578125,65.02772521972656,57.439231872558594,51.375999450683594,14.115358352661133,31.68798828125,42.78874969482422,124.7515640258789,18.84000015258789,1.0,47.35211944580078,120.77729034423828,24.190000534057617,44.42761993408203,26.296234130859375
2020-11-06,115.43104553222656,165.56849670410156,387.8126525878906,21.290578842163086,208.85000610351562,17.811071395874023,87.26525115966797,121.91474914550781,89.56266021728516,213.62013244628906,18.562000274658203,65.87156677246094,57.68473815917969,51.472999572753906,14.516091346740723,31.156612396240234,42.78136444091797,125.49626159667969,18.860000610351562,1.0,46.15097427368164,120.89183807373047,23.729999542236328,45.13984680175781,25.987058639526367
2020-11-09,113.12612915039062,157.18699645996094,387.8985290527344,24.312074661254883,221.5,18.435199737548828,87.34906768798828,125.19725799560547,101.68875885009766,208.53076171875,18.500999450683594,65.68890380859375,55.88156509399414,47.04999923706055,13.587775230407715,30.084997177124023,45.44459533691406,120.90509796142578,20.309999465942383,1.0700000524520874,59.01295471191406,123.04183197021484,26.450000762939453,44.44930648803711,29.277061462402344
2020-11-10,112.7857437133789,151.75100708007812,381.1874084472656,24.224496841430664,228.47999572753906,18.463150024414062,86.17377471923828,127.08275604248047,101.35820007324219,201.48391723632812,18.61400032043457,66.1064453125,54.93341064453125,48.02399826049805,12.72973918914795,29.903438568115234,47.709449768066406,122.89405822753906,20.010000228881836,1.100000023841858,58.81897735595703,123.30615997314453,27.59000015258789,45.07481384277344,29.926586151123047
2020-11-11,116.20906829833984,156.8695068359375,399.0869445800781,23.94423484802246,227.3699951171875,18.19300079345703,86.64539337158203,126.6713638305664,99.8446273803711,206.7737579345703,19.215999603271484,67.45484161376953,55.55986785888672,49.07600021362305,13.37569808959961,29.97871208190918,46.80203628540039,124.47994232177734,23.0,1.059999942779541,54.76789855957031,125.54424285888672,26.68000030517578,45.82421112060547,29.618061065673828
2020-11-12,115.93678283691406,155.51400756835938,393.99871826171875,23.374969482421875,224.72000122070312,18.183687210083008,86.42668914794922,127.099853515625,98.61808013916016,205.7139129638672,18.694000244140625,66.69801330566406,55.043453216552734,48.676998138427734,13.414322853088379,30.208982467651367,45.57002258300781,124.55003356933594,23.450000762939453,1.0099999904632568,51.58223342895508,123.08586120605469,25.860000610351562,45.9016227722168,28.60318374633789
2020-11-13,115.98538970947266,156.4405059814453,400.55706787109375,23.646469116210938,227.4199981689453,18.76124382019043,87.88661193847656,128.4711456298828,99.23570251464844,206.73562622070312,19.226999282836914,67.15038299560547,55.627586364746094,48.284000396728516,13.25507640838623,30.14699363708496,46.51431655883789,126.41629028320312,23.43000030517578,1.0800000429153442,55.73029327392578,124.78646850585938,26.6299991607666,46.6169548034668,29.29329490661621
2020-11-16,116.99683380126953,156.55299377441406,407.1631164550781,24.154430389404297,233.10000610351562,19.56237030029297,87.97440338134766,129.2853240966797,102.03672790527344,207.42308044433594,20.39299964904785,67.63753509521484,55.593719482421875,47.90999984741211,13.472639083862305,29.797164916992188,47.56189727783203,124.79534912109375,25.0,1.1799999475479126,58.90850067138672,126.9804916381836,28.020000457763672,47.2053108215332,30.98204231262207
2020-11-17,116.11182403564453,156.7830047607422,407.13458251953125,24.128154754638672,233.16000366210938,19.590314865112305,87.3609619140625,127.99977111816406,101.0015640258789,204.77816772460938,20.81999969482422,66.64582061767578,54.62864685058594,48.0629997253418,13.37993335723877,29.549184799194336,46.34465026855469,124.3134536743164,22.979999542236328,1.1799999475479126,58.90850067138672,125.77333068847656,28.360000610351562,46.254638671875,31.396120071411133
2020-11-18,114.78915405273438,155.2729949951172,404.58563232421875,23.628950119018555,230.07000732421875,19.29221534729004,86.31856536865234,126.30278015136719,100.25345611572266,202.0784149169922,21.29599952697754,65.93245697021484,52.114356994628906,48.17900085449219,13.386409759521484,29.45619010925293,45.142127990722656,122.40335083007812,23.219999313354492,1.2300000190734863,57.1552734375,124.97151184082031,28.1299991607666,46.16793441772461,30.210742950439453
2020-11-19,115.3824234008789,155.8509979248047,404.1560363769531,23.628950119018555,229.52999877929688,19.66483497619629,87.20771789550781,126.105712890625,100.52312469482422,203.36126708984375,21.711000442504883,65.3582992553711,51.98738098144531,48.46699905395508,13.397878646850586,29.814878463745117,45.083106994628906,122.25440979003906,23.790000915527344,1.3300000429153442,60.1544189453125,124.16966247558594,28.979999542236328,47.10622787475586,30.3649959564209
2020-11-20,114.11811065673828,154.97000122070312,404.3755798339844,23.48006820678711,227.00999450683594,19.795251846313477,86.1073226928711,125.43721008300781,99.66194915771484,201.4178466796875,22.211000442504883,65.72369384765625,52.190555572509766,48.82400131225586,13.046486854553223,29.930004119873047,44.55192947387695,122.05287170410156,24.360000610351562,1.3799999952316284,60.51999282836914,125.23585510253906,30.31999969482422,46.524051666259766,29.991527557373047
2020-11-23,110.72393035888672,154.91949462890625,407.7741394042969,23.988025665283203,229.5399932861328,20.410070419311523,85.66993713378906,124.15994262695312,102.53254699707031,201.14976501464844,22.076000213623047,64.87114715576172,49.67625427246094,47.6619987487793,13.09857177734375,29.845874786376953,44.92080307006836,121.57975006103516,26.8700008392334,1.7999999523162842,63.72057342529297,126.23151397705078,31.65999984741211,46.73771667480469,31.956323623657227
2020-11-24,112.00769805908203,155.9029998779297,405.0247802734375,25.380542755126953,233.9199981689453,21.527915954589844,87.47203826904297,124.15994262695312,107.27338409423828,204.73985290527344,24.722999572753906,65.22782135009766,48.143985748291016,48.28799819946289,12.916898727416992,29.19050407409668,45.621646881103516,121.18547821044922,26.719999313354492,2.0399999618530273,66.24224090576172,126.74256896972656,30.1200008392334,46.87087631225586,34.083499908447266
2020-11-25,112.84408569335938,159.2534942626953,404.2705383300781,25.42432975769043,233.1300048828125,21.928483963012695,87.48344421386719,123.99595642089844,106.15122985839844,204.7494354248047,27.027000427246094,66.39898681640625,48.91435241699219,48.5,13.193021774291992,29.287919998168945,46.403648376464844,121.50962829589844,26.15999984741211,2.1700000762939453,65.04853820800781,124.5133056640625,29.760000228881836,47.01641845703125,33.13358688354492
2020-11-27,113.38870239257812,159.76699829101562,417.91241455078125,25.389301300048828,231.5500030517578,21.909849166870117,88.61856079101562,124.2721176147461,105.44662475585938,206.05142211914062,27.125999450683594,65.6648178100586,49.50695037841797,49.13600158691406,13.219440460205078,29.907867431640625,45.47411346435547,121.44831085205078,26.239999771118164,2.0799999237060547,63.825008392333984,123.50001525878906,29.049999237060547,46.945186614990234,32.63019561767578
2020-11-30,115.78116607666016,158.40199279785156,417.874267578125,24.66238784790039,228.91000366210938,21.78874969482422,87.00094604492188,124.8590316772461,102.54122924804688,204.94088745117188,34.277000427246094,64.31881713867188,49.79478073120117,49.06999969482422,13.359247207641602,29.72630500793457,44.410667419433594,121.67613220214844,26.389999389648438,1.850000023841858,61.60176467895508,118.47753143310547,27.3799991607666,47.313690185546875,30.95768928527832
2020-12-01,119.35037994384766,161.00399780273438,428.8620910644531,25.126562118530273,229.67999267578125,22.021631240844727,89.03215789794922,127.2494888305664,104.15921783447266,206.98963928222656,32.400001525878906,64.80828857421875,50.97149658203125,50.45800018310547,13.347783088684082,29.894575119018555,44.70690155029297,122.11421203613281,24.469999313354492,2.0199999809265137,63.407222747802734,119.95784759521484,27.3700008392334,47.26725387573242,31.25809669494629
2020-12-02,119.70050811767578,160.17649841308594,430.542236328125,25.45060157775879,230.4199981689453,22.4315128326416,90.5005111694336,127.84494018554688,106.15991973876953,206.1854705810547,32.13199996948242,64.94812774658203,50.75986099243164,50.3380012512207,13.501797676086426,30.173559188842773,45.010520935058594,121.22927856445312,24.06999969482422,2.0899999141693115,65.09330749511719,120.13406372070312,28.209999084472656,46.61075210571289,32.42721939086914
2020-12-03,119.5643539428711,159.3365020751953,432.3561096191406,25.47704315185547,231.02000427246094,22.72028923034668,90.34529113769531,128.587158203125,105.4640121459961,205.10366821289062,33.15999984741211,64.10907745361328,50.37890625,49.75199890136719,13.357708930969238,29.761735916137695,45.240089416503906,120.33555603027344,23.850000381469727,2.0299999713897705,66.86892700195312,120.58344268798828,28.229999542236328,46.232967376708984,32.64643859863281
2020-12-04,118.89328002929688,158.12899780273438,443.324951171875,25.811922073364258,231.35000610351562,23.344423294067383,90.44050598144531,129.6831817626953,106.4208984375,205.2185516357422,32.79999923706055,63.38364028930664,50.319644927978516,49.83100128173828,13.519495964050293,30.027427673339844,45.36598205566406,120.449462890625,24.850000381469727,2.1700000762939453,70.06204223632812,121.84347534179688,28.520000457763672,46.1121940612793,33.83993911743164
2020-12-07,120.35211181640625,157.89999389648438,448.4226989746094,25.635669708251953,229.24000549316406,22.897279739379883,90.10676574707031,128.56126403808594,106.02074432373047,205.15155029296875,33.62200164794922,64.03915405273438,52.01276779174805,51.577999114990234,13.56785774230957,30.204553604125977,44.9882926940918,120.63345336914062,24.75,2.140000104904175,66.67494201660156,121.72891235351562,27.600000381469727,45.86445999145508,33.2066535949707
2020-12-08,120.96479797363281,158.864501953125,447.3153076171875,25.494667053222656,228.19000244140625,22.794811248779297,89.82408905029297,130.78782653808594,106.12513732910156,206.79815673828125,28.94499969482422,64.39750671386719,52.07202911376953,51.26599884033203,13.311843872070312,30.368396759033203,44.7291145324707,120.95764923095703,28.739999771118164,2.2699999809265137,67.22703552246094,122.24878692626953,27.25,46.27941131591797,34.29459762573242
2020-12-09,118.43619537353516,155.2100067138672,432.3465576171875,25.380102157592773,227.50999450683594,22.78549575805664,88.16431427001953,132.12545776367188,105.29875946044922,202.76771545410156,28.621000289916992,64.3887710571289,50.77678680419922,49.36000061035156,12.893789291381836,31.10790252685547,44.94386291503906,119.52070617675781,26.739999771118164,2.25,67.7716293334961,124.13440704345703,27.260000228881836,45.91400909423828,34.74925994873047
2020-12-10,119.85611724853516,155.07449340820312,437.03375244140625,25.653289794921875,227.35000610351562,23.158117294311523,87.65800476074219,131.3918914794922,104.62025451660156,201.54229736328125,29.033000946044922,64.04788970947266,50.43588638305664,50.10900115966797,12.935172080993652,30.678363800048828,44.38106155395508,118.7321548461914,27.190000534057617,2.5399999618530273,67.47322082519531,126.06409454345703,27.190000534057617,45.69955825805664,35.73165512084961
2020-12-11,119.04890441894531,155.8209991455078,432.0984191894531,25.177412033081055,226.38999938964844,22.925230026245117,88.0125732421875,131.99603271484375,104.00263977050781,204.1654052734375,28.591999053955078,64.50240325927734,50.17170333862305,50.321998596191406,12.976057052612305,30.793498992919922,44.77355194091797,119.60832977294922,26.770000457763672,2.5199999809265137,65.57823944091797,133.051513671875,26.639999389648438,45.687129974365234,35.561161041259766
2020-12-14,118.43619537353516,157.84849548339844,432.4420471191406,24.86897850036621,222.85000610351562,22.17068099975586,86.89481353759766,128.64761352539062,102.90657043457031,205.06539916992188,27.952999114990234,64.28386688232422,49.05525588989258,52.242000579833984,13.270709037780762,30.430389404296875,44.892032623291016,119.0300521850586,25.700000762939453,2.440000057220459,65.14553833007812,135.32484436035156,26.079999923706055,45.26756286621094,34.27835464477539
2020-12-15,124.36871337890625,158.25599670410156,448.01220703125,25.239103317260742,224.3800048828125,22.636451721191406,87.33219909667969,129.9420623779297,104.66374969482422,204.9983367919922,28.57900047302246,65.47254943847656,50.316566467285156,51.97800064086914,13.32231330871582,30.766931533813477,45.72883987426758,119.73098754882812,28.469999313354492,2.490000009536743,66.95098876953125,134.681640625,27.149999618530273,45.24580383300781,34.94411087036133
2020-12-16,124.30062866210938,162.04800415039062,450.1410217285156,25.309600830078125,221.91000366210938,22.72028923034668,87.1392822265625,129.16537475585938,104.96820831298828,209.92872619628906,29.91200065612793,65.06175994873047,51.33926773071289,52.483001708984375,13.204651832580566,31.811979293823242,45.43263244628906,120.27420043945312,28.459999084472656,2.4200000762939453,65.86174011230469,136.6553497314453,26.670000076293945,45.199180603027344,35.47997283935547
2020-12-17,125.16619110107422,161.8040008544922,455.6493225097656,25.40654182434082,224.67999267578125,23.02769660949707,86.31212615966797,132.57421875,104.09831237792969,210.06275939941406,29.780000686645508,65.60364532470703,52.53240966796875,53.290000915527344,13.303114891052246,31.76326560974121,45.195648193359375,121.13288116455078,30.56999969482422,2.569999933242798,66.42127227783203,136.2588653564453,26.940000534057617,45.407413482666016,35.301353454589844
2020-12-18,123.18219757080078,160.08250427246094,455.5920104980469,25.26554298400879,223.42999267578125,22.943864822387695,85.60348510742188,133.34226989746094,103.58509826660156,209.2681427001953,30.1200008392334,65.12296295166016,51.56085205078125,53.44499969482422,13.234064102172852,32.679901123046875,44.077415466308594,121.82508087158203,31.6299991607666,2.4800000190734863,63.73548889160156,135.4922637939453,27.1200008392334,45.36079025268555,34.69242477416992
2020-12-21,124.7091064453125,160.3090057373047,450.837890625,26.20848274230957,223.49000549316406,23.158117294311523,86.01707458496094,132.0564422607422,107.47344970703125,213.0975341796875,31.760000228881836,65.02678680419922,51.74835205078125,52.89099884033203,13.294142723083496,31.838546752929688,44.2625732421875,120.49325561523438,32.369998931884766,2.319999933242798,62.407501220703125,133.73001098632812,26.3799991607666,45.367008209228516,34.05914306640625
2020-12-22,128.25889587402344,160.3260040283203,454.580078125,25.741418838500977,221.8800048828125,22.58987808227539,85.30594635009766,131.79751586914062,105.83807373046875,214.38998413085938,33.150001525878906,65.29773712158203,50.63191223144531,52.733001708984375,13.240297317504883,31.271738052368164,45.121604919433594,119.64336395263672,35.689998626708984,2.25,62.45972442626953,132.84886169433594,25.760000228881836,44.816898345947266,33.48269271850586
2020-12-23,127.36415100097656,159.2635040283203,453.0908508300781,26.48166847229004,224.24000549316406,23.158117294311523,85.70316314697266,131.1243438720703,108.79566955566406,211.59454345703125,33.71799850463867,64.96560668945312,50.94723129272461,51.448001861572266,12.972064971923828,30.82892417907715,44.77355194091797,119.45938873291016,36.13999938964844,2.299999952316284,63.391849517822266,133.19252014160156,26.940000534057617,44.51232147216797,33.91299819946289
2020-12-24,128.3463897705078,158.63450622558594,461.1766662597656,26.402359008789062,226.52999877929688,23.09290885925293,85.99724578857422,131.58177185058594,108.31723022460938,213.2507781982422,32.26100158691406,65.53372192382812,51.54381561279297,51.39699935913086,12.956609725952148,30.744792938232422,45.240089416503906,120.66850280761719,35.58000183105469,2.200000047683716,63.937477111816406,132.5845184326172,26.760000228881836,44.599342346191406,33.77498245239258
2020-12-28,132.9368133544922,164.197998046875,458.4559326171875,26.55217170715332,228.41000366210938,22.943864822387695,87.97090911865234,132.20314025878906,109.03053283691406,215.3665008544922,37.0,65.97945404052734,50.98133087158203,51.9119987487793,12.863126754760742,31.10790252685547,45.74367141723633,121.50962829589844,33.56999969482422,2.1600000858306885,64.77867889404297,134.46133422851562,25.950000762939453,45.133907318115234,33.888641357421875
2020-12-29,131.16676330566406,166.10000610351562,462.05499267578125,26.446420669555664,229.57000732421875,23.04633140563965,87.16757202148438,133.02296447753906,108.74347686767578,214.59100341796875,36.606998443603516,65.8396224975586,50.90462112426758,53.08700180053711,12.906254768371582,31.2540340423584,45.1512336730957,121.28185272216797,32.459999084472656,2.180000066757202,63.119041442871094,135.11337280273438,25.420000076293945,44.84797286987305,33.507049560546875
2020-12-30,130.0483856201172,164.29249572753906,467.6872863769531,26.41998291015625,229.64999389648438,24.713794708251953,86.10087585449219,134.67127990722656,109.04792022705078,212.22642517089844,38.99700164794922,66.34654998779297,51.467105865478516,52.45899963378906,13.108176231384277,31.08576202392578,45.38078308105469,120.71235656738281,34.189998626708984,2.2799999713897705,63.63435745239258,135.77423095703125,25.899999618530273,44.81068420410156,33.77498245239258
2020-12-31,129.046630859375,162.84649658203125,465.5966491699219,26.710800170898438,231.8699951171875,24.238706588745117,86.91365814208984,135.81912231445312,110.53543090820312,212.93478393554688,38.85499954223633,67.43032836914062,51.040985107421875,54.073001861572266,13.017683982849121,30.93077278137207,46.217105865478516,121.9127197265625,33.90999984741211,2.309999942779541,64.6270980834961,136.19717407226562,25.600000381469727,44.801361083984375,33.466461181640625